,E,N
0,999_998,3
1,999,1
2,997_997_997_996,1
3,997_996,3
4,994_993,2
5,993,2
6,992_991_990,1
7,992_991,3
8,992,3
9,991_992,1
10,991,2
11,990_989,1
12,99,1
13,987,1
14,986_985,2
15,986,1
16,985_986,1
17,985,1
18,984_983,1
19,982_981,3
20,982,1
21,981_980,2
22,980_979,1
23,980,2
24,98,1
25,979_980,1
26,979,1
27,978,1
28,977_976,2
29,977,2
30,976,1
31,975,3
32,974_975,1
33,974_974,1
34,973_972,1
35,973,4
36,96_96_96_96_96_96_96_96_96_96_96_96_96_96_96_96_96_96_96_96_96_96_96_96,1
37,968_968_968_967,1
38,968,2
39,967_967_967_967,1
40,966_966_965,1
41,966_965,2
42,966,3
43,963_962,1
44,963,3
45,962_963,1
46,962_962_962_962_963,1
47,961_961_961_961_960,1
48,961_960,4
49,95_95_95_95_95_94,1
50,95_95_95_94,1
51,958_958_958_958_957,1
52,958_958_958_958,1
53,958_958_957,1
54,958_958_956_958_958_957,1
55,958_957,3
56,957_958,1
57,956,3
58,955,2
59,953_952,1
60,953,3
61,951_951_951,1
62,951_949_949_949_951_949_67_68_67_951_951_69_69_69_68_951_951_949_951_949_950_949_949_951_949_68_72_72_71_71_71_71_70_72_72_72_70_67_68_67_68_69_69_68_72_72_72_72_72_72_71_70_69_68_951_951,1
63,946_948_948_948_948_948_948_948_945_948_948_948_948_948_948_948_948_948_947_945,1
64,944_940_941_942_940_940_940_940_940_940_940_940_940_941_944_944_940_940_944_944_943_940_940_940_940_940_942_943_943_944_942,1
65,944,2
66,943_944,1
67,94,1
68,93_92,2
69,939,3
70,938_937,1
71,937_938_938_938_938_936_935,1
72,933_933_934_933_933_934_933_933_933_933_933_932,1
73,933_933_932,1
74,933_932,1
75,930_931,1
76,930_930_931,1
77,930_930_930_930_930_930_930_930_930_930_930_931,1
78,92_92_91,1
79,929_928,2
80,927,1
81,926_926_925_924,1
82,926_926_924_925_924,1
83,926_926_924_924_927_926_924,1
84,926_925,2
85,926_924_925,1
86,925,2
87,924_923,2
88,924,4
89,923,1
90,922_922_921,1
91,922_921,2
92,922,1
93,91_90,1
94,919_918,2
95,917_916,1
96,915,2
97,913_913_913_913_913_913_913_913_913_913_913_913_913_913_913_913_913_913_913_913_913_913_913_915_913_914,1
98,912_911,1
99,912,2
100,91,3
101,90_90_90_90_90_89,1
102,90_90_90_89,2
103,90_90_89,1
104,90_89,1
105,909_908,1
106,909,2
107,908_909_908_907,1
108,908_908_908_908_908_909_908_908_908_908_908_908_908_908_908_908_907,1
109,908_907,1
110,905_906_906_906_906_906_906_906_906_906_906_906_906_906_906_906_905,1
111,903_904,1
112,902_902_901,2
113,902_901,2
114,902,2
115,90,1
116,899,4
117,896,4
118,895_896,1
119,895_895_895_895_895_895_895_895_895_895_895_895_895_895_895_895_895_895,1
120,895_895_894,1
121,895_894,1
122,893,4
123,892_891,1
124,892,2
125,891_892,1
126,891_890,2
127,891,4
128,890_891,1
129,890_889_888,1
130,889_889_889,1
131,889_889_888,1
132,889_888,4
133,889,3
134,888,1
135,887_885_887_887_887_884_887_886_887_886_886_884_887_887_884_886_884_887_884_886_887_884_884_887_883,1
136,883,4
137,882_882_881,2
138,88,1
139,879_879_879_879_879_879_879_879_879_879_879_879_879_879_879_879_879_880,1
140,878_877,2
141,878,3
142,877_878,1
143,871_871_871_871_875_875_875_875_875_875_875_875_875_875_874_875_875_874_875_875_875_874_874_874_874_874_873_874_873_874_874_874_874_873_872_870,1
144,870,2
145,868,1
146,866_865,1
147,866_864_865,2
148,865_865_864_864_866_866_865_866,1
149,865_864,1
150,865,1
151,864_864_864_865_865_866,1
152,860_860_860_860_860_859,1
153,860_859,1
154,860,1
155,86,1
156,85_84,2
157,859_859_860,1
158,859,1
159,858_857,1
160,858,1
161,857_858,1
162,857_857_857_857_857_857_857_857_857_857_858_857_857_857_857_857_856,1
163,857_856,1
164,855_855_855_855_854,1
165,855_855_855_854,1
166,855_854,1
167,855,1
168,854_855_854,1
169,854_855,1
170,854_854_855,1
171,854,1
172,853_853_852,1
173,853_852,5
174,853,4
175,852_853,1
176,851,1
177,85,1
178,849_849_849_850,1
179,849_849_849_849_849_850,1
180,849_849_849_849_849_849_850,1
181,849_849,1
182,848_848_847,1
183,848,1
184,844_844_844_843,1
185,844_844_843,1
186,844_843,1
187,844,1
188,843_844_843,1
189,843_844,2
190,843,1
191,842,2
192,841_842_841_839_839_841_841_840,1
193,841_841_839_841_840_839,1
194,841_840_839,1
195,841_840,1
196,841,2
197,840_841_839,1
198,840_839,1
199,840,1
200,839_841_840,1
201,839,1
202,838_838_837,1
203,838_837_835_836,1
204,838_837,1
205,838,1
206,837_836_835,1
207,837,2
208,836_836_836_836_836_836_837_837_836_836,1
209,836_836_836_835,1
210,836_836_835,1
211,836_835,2
212,836,2
213,834_833,2
214,834,5
215,833_833_833_834,1
216,832_832_832_832_831,1
217,832_832_831,3
218,832_831,3
219,830_830_830_829,1
220,830_829,3
221,827_827_827_827_827_827_826,1
222,827_827_827_827_827_826,1
223,827_827_826,1
224,827_826,1
225,827,1
226,825_825_825_825_825_825_825_825_825_825,1
227,825_825_825_825_825_824,1
228,825_825_824,1
229,825_824,2
230,825,1
231,823,2
232,822_822_821,1
233,822_821_821_822_821_823,1
234,822_821,1
235,821_822_823_823_822,1
236,819_818,2
237,819,4
238,818_818_820_819,1
239,817_816,4
240,817,1
241,815_815_815_815_815_815_815_815_815_814,1
242,815_815_815_815_814,1
243,815_814,2
244,815,1
245,814_815,1
246,809_810,1
247,807_808,1
248,807_807_807_807_807_807_807_807_807_807_807_807_807_807_807_808,1
249,806_805,3
250,806,2
251,805_806,1
252,805_805_805,1
253,805,1
254,804_804_804_804_803_804_802,1
255,804_802_803,1
256,803,1
257,802,1
258,801_801_800,1
259,801_800,4
260,801,2
261,800_801,1
262,800,1
263,80,2
264,799_799_799_799_798,1
265,799_799_799_798,1
266,799_799_798_799_798,1
267,799_797_798,1
268,799,2
269,797,1
270,796,2
271,795_795_795_796_795_795_795_794,1
272,795_795_794,1
273,795_794_793,1
274,795_794,1
275,795,2
276,793_795_795_795_795_794,1
277,793,2
278,792,1
279,791_791_791_790,1
280,791_791_790,1
281,791_790,1
282,79,1
283,78_78_77_78_78_78_78_78_78_78_78_80_80_78_80_80_80_78_80_80_80_80_80_80_80_80_80_79_77_76_78_78_79_79,1
284,789_789_789_789_789_789_789_789_789_789_789_789_789_789_789_789_789,1
285,789_789_789_789_788,2
286,787,2
287,783_784,1
288,783_783_783_784,1
289,783_783_783_783_784_783,1
290,780_780_780_780_782_782_782_781,1
291,78,1
292,77_77_76,1
293,77_76_75,1
294,779_779_779_779_777_779_779_779_779_777_779_777_779_779_779_777_779_779_779_779_778,1
295,779_779_779_779,1
296,779_778,3
297,777_777_776,1
298,777_776,1
299,773,1
300,772_772_772_772_772,1
301,772_772_771,1
302,772_771,4
303,772,1
304,769_768,1
305,768,1
306,764_763,1
307,764,1
308,76,1
309,757_757_757_757_757_757_757_757_757_757_757_757_757_757_757_757_757_757_757_757_757_757_757_757_757_757_757_757_757,1
310,755_755_755_755_755_755_755_755_755_755_755_755_754,1
311,755_754,1
312,755,1
313,754_753,1
314,753,2
315,751_750_752_752_752_752_752_752_752_750_752_752_752_752_752_750_752_752_752_749,1
316,750_751,1
317,75,5
318,74_75,1
319,749,1
320,746_745,1
321,742_742_742_742_741,1
322,742_741,2
323,742,4
324,74,1
325,737_740_741_740_740_740_740_740_740_740_740_740_740_740_740_739_739_738_737_737_737_737_737_738_738_738_739_738_737_736,1
326,737_737_737_740_740_740_740_741_740_740_739_741_740_738_738_737_737_740_739_736,1
327,736,1
328,735_735_735_735_735_734_735_735,1
329,735_735_735_735_734,2
330,735,1
331,732_732_732_731,1
332,732_732_731,1
333,732_731,2
334,732,2
335,730,1
336,728_728_728_728_728_728_728_728_728_728_728_728_728,1
337,727,1
338,726_725_725_727_727_727_727_727_727_727_726,1
339,725,2
340,724_724_724_724_724_724_724_724_724_724_724_724_724_724_724_724_724_724_724_724_724_724_724,1
341,722_722_722_722_722_722_722_722_722_722_722_722_722_722_722_722_722_722_722_722_722_722_722_722_722_722_722_722_722_722,1
342,72,2
343,71_71_71_70,1
344,71_70,1
345,719_719_719_719_719_719_719_719_719_719_719_719_719_719_719_719_719_719_719_719_719_719_719_719_719_719_719_719_719_719,1
346,716_716_715,1
347,711_711_711_711_711_711_711_711_711_711_711_711_711_711_711_711_711_711_711_711_711_711_711_711_711_711_711_711_711_711,1
348,708,1
349,706_706_706_706_706_706_706_706_706_706,1
350,706_706_706_706_705,1
351,706_705,2
352,704,1
353,702,4
354,701_701_702,1
355,701_701_701_701_701_702,1
356,701,1
357,6_6_6_6_6_6_6_6_6_6_6_6_6_6_6_6_6_6_6,1
358,69_69,1
359,698_698_698_698_698_698_698_698_698_698_698_698_698_698_698_698_698_697,1
360,696_696_695,1
361,694,2
362,693_694,1
363,693_693_693_692,1
364,693_693_692,2
365,693_692,3
366,693,1
367,691_691_690,1
368,691,4
369,690_691,1
370,69,1
371,68_67,1
372,686_686_687_686_685,1
373,686_686_686_687,1
374,686_686_686_686_686_685,1
375,686_685,3
376,684_684_684_683,1
377,684_684_683,1
378,684_683,3
379,683_684,1
380,682_682_682_682_681,1
381,682_681,1
382,680,1
383,679,1
384,678_679,1
385,678_678_678_678_678_678_678_678_678_678_679,1
386,678,1
387,676_677,1
388,676,1
389,675_675_675_675_674,2
390,675_675_675_674,1
391,675_675_675,1
392,675_674,1
393,675,1
394,672_671,6
395,672,1
396,669,4
397,668_669,2
398,667_666,1
399,666,2
400,665_665_665_665_666_665,1
401,665,1
402,664,1
403,663_663_663,1
404,662_661,1
405,662,2
406,661_662,2
407,660_659,5
408,660,1
409,66,1
410,658_657,2
411,658,2
412,656_655,4
413,656,3
414,655,2
415,654,5
416,653_653_654,1
417,653_653_653_653_653_653_653_652,1
418,653_652,2
419,653,1
420,651,2
421,650_650_650_650_650_650_650_651,1
422,650_649,1
423,650,3
424,649_650,1
425,649_648,2
426,649,4
427,648_649_650,1
428,648,1
429,646_647,1
430,646_645,3
431,645,2
432,644_645,1
433,644,1
434,642_641,2
435,642,2
436,640_639,1
437,640,3
438,639_640,1
439,639,1
440,638_638_638_635_635_634,1
441,637_637_635_637_635_636,1
442,637,1
443,636,3
444,635_635_636,1
445,635_635_635_635_637_637_636,1
446,635_634,1
447,634,1
448,633_632,3
449,633,3
450,632_632_632_632_632_632_632_632_632_633,1
451,631_630,2
452,631,3
453,630_630,1
454,62_63,1
455,629,1
456,625,1
457,623,1
458,622_623,1
459,622_621,3
460,621_620_619,1
461,621,2
462,620_622_621,1
463,620_621_620_619,1
464,620_619_618,1
465,620_619,1
466,620,1
467,61_61_61_61_60,1
468,61_61_61_60,1
469,61_61_60,1
470,61_60,3
471,619,2
472,618,2
473,617_618,2
474,617,1
475,616,1
476,615_616,1
477,615_615_616,1
478,615,4
479,614_614_614_614_614_614_614_615,1
480,614,2
481,613_614,1
482,613_613_615_614,1
483,613_613_614,1
484,612_612_610_612_612_610_611_610,1
485,612_611,1
486,612_610_611,1
487,612,1
488,611_612,1
489,611_610,2
490,610_611_612,1
491,610,1
492,61,2
493,609,2
494,607_607_607_607_607_607_607_607_607_607_607_607_607_607_607_607_607_607_607_607_607_607_607_607_607_607_607_607_607,1
495,606,1
496,605,2
497,602_602_602_602_602_602_602_603,1
498,602_602_602_602_602_602_602,1
499,600_600_600_600_600_600_601,1
500,600_600_600_600_600_600_600_601,1
501,600_600_600_600_599,1
502,600_600_600_599,1
503,60,1
504,599,3
505,595_595_595_595_595_595_594,1
506,58_58_58_58_58_58_58_58_58_58_58_58,1
507,589,1
508,588_588_588_589,1
509,588_587,1
510,586_586_586_586_586_584_586_586_586_586_586_586_586_586_586_586_586_586_586_586_586_586_585,1
511,586_585,2
512,585,1
513,584,1
514,583,1
515,582_583,2
516,582_582_582_582_582_582_582_581,1
517,582_582_581,2
518,582,1
519,581_580,1
520,580,2
521,57_57_56,2
522,57_56_56_56_56_56_57,1
523,57_56,1
524,578_578_578_578_578_579,1
525,575_575_575_575_575_575_574_574_574_574_574_574_574_574_574_575_574_576,1
526,575,2
527,574_573,4
528,573,2
529,571_569_571_569_569_571_570,1
530,571,1
531,57,2
532,56_56_57,1
533,569_571_569_571_571_571_569_571_572_572_571_569_571_571_571_570_569,1
534,568_567,1
535,568_566_566_566_566_566_566_567,1
536,567_567_566,1
537,566_566_568_566_566_566_568_566,1
538,566_566_567_568,1
539,565_565_564,1
540,564_565_565,1
541,563,1
542,562_562_562_561,1
543,562_561_562,1
544,562_561,1
545,562,3
546,561_562_561,1
547,560_560_560_558_558_560_558_559_558,1
548,560_560_559_558,1
549,560_559_558,1
550,560_558_558_558_558_558_558_560_558_558_559_558,1
551,560,2
552,557_557_557_556,1
553,557_556,1
554,557,3
555,556_556_556_557,1
556,556_556_556_556_556_557,1
557,556,1
558,555,1
559,554_555,3
560,554_554_555,1
561,552_552_551_552_552_553,1
562,552_552_551,1
563,551_551_552,1
564,550,1
565,549_549_550,1
566,549_549_549_549_550,1
567,547_547_546_547_547_547_547_546_546_547_548,1
568,547_547_546,1
569,547,1
570,546_546_547_548,1
571,546,1
572,545_545_545_545_545_545_545_544,1
573,545_545_545_544,1
574,545_544,2
575,545,2
576,540_540_539,1
577,540_539_538,1
578,540_539,3
579,540,1
580,54,2
581,539_540,1
582,539_539_538,1
583,539_538,1
584,538_537,1
585,536,1
586,535_534,1
587,535,2
588,534_534_534_534_534_534_534_534_534_534_534_534_534_533,1
589,534,1
590,52_53_52_52_52_52_54_52_52_52_52_52_52_52_54_52_52_52_52_53_54_52_55_54,1
591,529_528,2
592,529,1
593,528,1
594,527_526,1
595,526_526_527,1
596,526,3
597,525_526,1
598,525_525_525_524,1
599,525_524,1
600,524_524_522_522_522_522_522_523,1
601,523_522,1
602,523,1
603,522_525_525_525_525_525_525_525_525_525_524_522_522_522_522_522_522_522_522_523,1
604,51_50,5
605,519_519_519_519_519_518_519_519_519,1
606,518_518_518,1
607,516_516_518_516_518_516_516_518_518_518_518_518_518_518_516_518_518_516_516_518_518_518_518_518_518_518_518_518_517,1
608,515_515_515_515_515_514_515,1
609,515_515_514,1
610,514_514_514_514_514_514,1
611,513,3
612,512_512_511,4
613,512_511,1
614,512,1
615,510,2
616,51,2
617,50_51,1
618,509_509_509_508_509_509_508_507_507,1
619,509_508,1
620,508_508_508_508_507,1
621,508_508_508_507_507_508_510_508_509_508_509_509_510_508,1
622,508_508_508,1
623,508_507,2
624,507,1
625,506,1
626,504_504_504_504_504_504_504_504_504_504_504_504_504_503_504_504_504_504_504_503_503_503_503_503_503_503_503_503_503,1
627,502_501_500_502_502_501_500_499,1
628,502_501,2
629,502_500,3
630,502,2
631,501_502_502_501_500_499,1
632,501_500_499,1
633,501,1
634,500_501_501_500_499,1
635,500_500_502_500_499,1
636,4_4_4,1
637,4_1_2_2_1_1_1_0_0_0_0_0_0_0_0_0_0_1_2_0_3_4,1
638,498_497,2
639,497_497_498_497,1
640,496_496_496_496_496_496_496_496_496,1
641,496_496_496_495,1
642,496_495,1
643,494,1
644,493_493_493_493_493_491_492,1
645,493_493,1
646,493_492_491,1
647,491_491_492_493_492,1
648,491,2
649,490,3
650,48_49,1
651,489_490,2
652,489_489_489_489_490,1
653,488,6
654,487_487_486,1
655,486_487,1
656,486,3
657,485_484,2
658,485,1
659,482_481,3
660,482,4
661,480_480_480_479,1
662,480_480_479_480_478_480_479_477_477_478_479,1
663,480_480_479_477_478_477,1
664,480_479,1
665,480,2
666,47_46_47_47_47_47_48_48_47_47_47_47_47_47_48_48_47_47_48_47_47_48_49,1
667,478_480_480,1
668,478_477,1
669,477_477_479_478,1
670,476_475,1
671,476,1
672,475_474,1
673,475,1
674,474,1
675,473,1
676,472_472_472_472_472_472,1
677,472_472_472_471,1
678,472_472_471,3
679,472_471,1
680,472,2
681,470_469,1
682,470,2
683,46_45_45_45_45_45_44_46_46_46_46_46_46_45_46_45_44_43,1
684,467_466,1
685,467,4
686,466_465,3
687,466_464_466_464_464_464_464_464_466_464_464_464_466_464_466_464_466_464_466,1
688,466_464_465,1
689,464,1
690,463_462,1
691,463,8
692,462,1
693,461_461_460,1
694,461_460,1
695,460,1
696,459_458,3
697,459,2
698,456,1
699,451_451_450_449,1
700,451_450_449,1
701,451_450,2
702,451,4
703,450_451_450_449,1
704,450_451,1
705,450_449,1
706,450,3
707,449_450_451,1
708,448_448_447,1
709,448_447,1
710,448,3
711,447_448,2
712,447_446_447_448,1
713,447,1
714,445_444_443,1
715,445_444,2
716,445,4
717,444_445,1
718,444_443,4
719,444,1
720,443_445_445_444,1
721,443,1
722,442_440_440_442_442_441,1
723,442,4
724,441,2
725,440_439,2
726,440,1
727,439,3
728,437_437_435_437_437,1
729,437,2
730,436_435,2
731,436,3
732,435_436_437,1
733,435_436,1
734,434_433_432,1
735,434_432_433,1
736,434,4
737,433,2
738,431_430,2
739,431,2
740,430_430_431,1
741,43,1
742,429_429_429_429_427_429_429_428,1
743,429,1
744,428_429,1
745,428_428_427,1
746,428_427,3
747,428,1
748,427_428_429,1
749,427_428,1
750,427,2
751,425_425_425_424,1
752,425_425_424,1
753,425_424,5
754,425,5
755,423_422,1
756,423,6
757,422_422_423,1
758,422,1
759,421_420,3
760,421,4
761,42,1
762,419_418,1
763,415,2
764,414,4
765,413_414,2
766,413_413_413_413_413_413_414,1
767,413,2
768,412_412_411,1
769,412_411,1
770,412,1
771,410_409,1
772,410,2
773,41,1
774,408,3
775,407_407_407_408,1
776,407_407_406_405,1
777,407_406,2
778,407,2
779,406,3
780,405,2
781,404_405_404,2
782,404_405,2
783,404_404_404,1
784,404,2
785,403_401_400_399,1
786,403_400,3
787,402,1
788,400_399,1
789,40,1
790,398_398_397,1
791,398_397,2
792,398_396_398_398_397,1
793,398,1
794,397,3
795,396_396_395,1
796,396_395,2
797,395_395_396,1
798,394,4
799,393_393_393_394_393_393_394_393_392_391,1
800,393_393_393_393_393_391_393_391_393_393_393_393_392_391,1
801,393_393_392,1
802,393,1
803,391,2
804,390_389,1
805,39,1
806,388_387,2
807,388,2
808,387_387_386,1
809,387_386,1
810,384_383,1
811,384,3
812,383_382,3
813,383,3
814,381_380,2
815,381,2
816,38,1
817,379,4
818,374_373,1
819,372_371,3
820,372,3
821,36_36_36_36_36_36_36_36_37,1
822,368_367,1
823,367_368,1
824,366_365,2
825,366,4
826,365_366,2
827,364_363,3
828,364,2
829,363_363_364_363,1
830,362,2
831,361_362,1
832,361_361_361_361_361_361_361_361_360_361,1
833,361_361_361_361_361_361_361_360,1
834,35_35_34_35_36,1
835,359,1
836,358_358_359,1
837,358_358_358_359,1
838,358,1
839,357_356_357_359_358,1
840,356_355,1
841,355_355_355_355_355_355_355_354_356_355_354_356_356_356_356_358_354_355_356_358_358_356_356_356_356_356_358_356_358_358_358,1
842,355,1
843,354_353,1
844,352_351,1
845,352,1
846,351_350,2
847,351_349_349_350,1
848,350_349,2
849,350,1
850,34_34_34_34_34_34_34_34_33,1
851,349_350,1
852,349_347_348,1
853,349,1
854,348_348_348_348_348_348_347,1
855,348_348_347_346,1
856,347_349_348,1
857,347_346,2
858,347,5
859,346_345,4
860,346,1
861,345,1
862,344_344_343,1
863,340_340_340_340_340_339,1
864,340_339,1
865,340,1
866,339_340,1
867,338_338_338_338_337,1
868,338_338_337,1
869,338_337,2
870,338,1
871,337_338,1
872,337_337_338,1
873,336,2
874,335_334_334_335_336,1
875,335,2
876,334_335,1
877,333_332,1
878,331_331_330,1
879,331_330,3
880,331,2
881,330_330_330_330_330_330_330_331,1
882,32_32_30_32_30_32_30_30_30_30_30_31_32_32_32_32_32_32_32_32_32_30_30,1
883,329_329_329_329_329_329_329_329_329_329_328,1
884,327,4
885,326,1
886,323_322,2
887,323,2
888,322,1
889,319_318,1
890,319,1
891,318,1
892,317_316,1
893,316_317,2
894,315_315_315_315_315_315_315,1
895,315_315_315_315_315_315_314,1
896,313_312,4
897,313,2
898,312_313,1
899,312_311,1
900,311_311_310,1
901,311_310,6
902,309_308,1
903,309,1
904,308_309_308_307,1
905,308_309,1
906,307_308_309_309_307_306,1
907,306_307_306_306_306_308_309_308_306_307_309_309,1
908,306_306_308_306_306_307,1
909,304_303,1
910,304,1
911,303_303_304,1
912,302,2
913,301_301_301_302,1
914,301,2
915,300_300_298_300_300_300_300_301_298,1
916,300_299,1
917,300,1
918,30,1
919,298_297_296,1
920,298,2
921,297_297_300_300_300_299_296_296_297_296_300_300_300_300_300_299_296_297_297_298_300_300,1
922,297_297_296,1
923,297,4
924,296_297_298,1
925,293_295,1
926,2934,1
927,2930_2930_2930_2929_2930_2934_2934_2933_2933_2932,1
928,292_292_292_291,1
929,292_291,2
930,292,4
931,291_292,1
932,291_291_292,1
933,2913_2913_2913_2913_2913_2913_2913_2913_2913_2913_2913_2913_2913_2913_2913_2913_2913_2913_2913_2913_2913,1
934,291,2
935,2906_2906_2906_2906,1
936,2900,2
937,289_288,1
938,2899_2899_2899_2899_2899_2899_2899_2899_2899_2900,1
939,2894_2894_2894_2894_2894_2894_2894_2894_2894_2893,1
940,2894_2894_2894_2894_2894_2894_2894,1
941,2894_2893,2
942,289,1
943,2877_2877_2877_2877_2877_2877_2877_2877_2877_2877_2877_2877_2877_2877_2877_2877_2877_2877_2877_2877_2877_2877_2877_2877_2877_2877_2877_2877,1
944,286_285,2
945,285_284,1
946,2855_2854,1
947,2853,1
948,2851,3
949,2850_2851,1
950,2850_2849,3
951,2850,2
952,285,1
953,2848_2848_2848_2848_2847,2
954,2848_2848_2847,1
955,2848_2847,3
956,2848,2
957,2847_2848,1
958,2845,2
959,2838_2837,1
960,2836_2836_2835,2
961,2836_2835,2
962,2836,1
963,2834_2833,3
964,2832,1
965,2830,1
966,282_281,2
967,2821,1
968,2820_2820_2819,1
969,2820_2819,2
970,2820,1
971,282,1
972,2819_2820,1
973,2819_2819_2819_2819_2821_2821_2819_2819_2819_2822_2821_2819_2819_2821,1
974,2818,1
975,2816_2815,1
976,2815_2814,2
977,2815,1
978,2814_2815,1
979,2813_2812,2
980,2813_2811_2812,1
981,2813,4
982,2811_2812_2812_2813,1
983,2811_2810,1
984,2811,1
985,2810_2809,2
986,2810,1
987,2808_2807,3
988,2808,1
989,2803_2802,2
990,2803,3
991,2802_2803,1
992,2801_2800,2
993,2801,2
994,2800,1
995,280,3
996,27_27_27_27_27_28,1
997,279_280,1
998,279_279_279_278,1
999,279_278,2
1000,2798_2797,2
1001,2795_2795_2794,2
1002,2795_2794,3
1003,2793,3
1004,2792_2791,1
1005,2790_2789_2787_2788,1
1006,2790_2789,1
1007,2790_2788_2789,1
1008,2790,1
1009,278_279,1
1010,2789_2790,1
1011,2789_2789_2789_2789_2788,1
1012,2789_2788,2
1013,2789,1
1014,2788_2789,1
1015,2788_2787,3
1016,2788,2
1017,2786_2786_2786_2786_2786_2786_2786_2786_2786_2786_2786_2785,1
1018,2786_2786_2786_2786_2786_2786_2786,1
1019,2786_2786_2785,1
1020,2786_2785,2
1021,2784_2784_2783,3
1022,2784_2783,6
1023,2782_2782_2782_2781,2
1024,2782_2781,2
1025,2782,2
1026,2781_2782,1
1027,2781_2781_2781_2781_2782,1
1028,2781,2
1029,2780_2779,1
1030,277_276,1
1031,2778,3
1032,2777_2778_2778_2777_2776,1
1033,2777_2776,1
1034,2777,1
1035,2776_2776_2776_2777,1
1036,2776,3
1037,2775,1
1038,2774_2775,1
1039,2773_2772_2771,1
1040,2773_2772,1
1041,2773,1
1042,2772_2773,1
1043,2772,2
1044,2770_2767_2768_2770_2769,1
1045,2770,2
1046,277,2
1047,276_276_276_276_276_276_276_276_276_276_277,1
1048,2769_2769_2769_2770_2770_2769_2769_2769_2767_2769_2769_2769_2769_2769_2767_2769_2768,1
1049,2769_2768,1
1050,2766_2765,2
1051,2766,3
1052,2762,3
1053,2760,2
1054,276,1
1055,2758,1
1056,2755_2755_2755_2754_2755_2755_2755_2755_2754_2754_2754_2754_2754_2754_2754_2754_2754_2754_2754_2754_2754_2755,1
1057,2752,1
1058,2751_2752,1
1059,2751_2751_2752,1
1060,2751_2751_2751_2751_2751,1
1061,2751,1
1062,2750,1
1063,275,1
1064,274_275,1
1065,274_274_274_274_274_272_274_274_274_274_274_272_274_274_272_274_274_274_274_274_274_274_274,1
1066,2748,1
1067,2746_2745,2
1068,2746,1
1069,2744_2743,1
1070,2744,1
1071,2742_2741,2
1072,2742,2
1073,2741_2742,1
1074,2741,1
1075,2740_2740_2740,1
1076,273_272,1
1077,2738_2738_2737,1
1078,2738_2736_2736_2736_2736_2738_2737,1
1079,2737,2
1080,2736_2736_2736_2736_2736_2735,1
1081,2736,1
1082,2733_2733_2733_2733_2733_2733_2733_2733_2733,1
1083,273,1
1084,2726_2726_2725,3
1085,2726_2725,3
1086,2724_2724_2724_2723,1
1087,2724_2723,3
1088,2724,3
1089,2723,1
1090,2722,1
1091,2721_2720,1
1092,2720_2719,1
1093,271_271_271_271,1
1094,271_270,4
1095,2719_2720_2721_2722,1
1096,2719_2719_2719_2719_2718_2719_2722_2719_2719_2722_2720_2721_2722_2719_2722,1
1097,2719_2718,1
1098,2719,1
1099,2718_2719,1
1100,2718,3
1101,2717_2717_2717_2717_2716,1
1102,2717_2717_2717_2716,1
1103,2717_2717_2716,1
1104,2716_2717_2717_2717_2716_2717,1
1105,2716_2716_2717,1
1106,2716,1
1107,2715_2714,1
1108,2714_2713,2
1109,2714,1
1110,2712_2712_2712_2712_2712_2712_2712_2712_2712_2712_2712_2712_2712_2711_2712,1
1111,2712_2712,1
1112,2712,1
1113,2709_2708,1
1114,2707,1
1115,2706_2706_2706_2706_2706_2706_2706_2707,1
1116,2705_2704,1
1117,2705,1
1118,2704_2705,2
1119,2704_2704_2705,2
1120,2704_2704_2704_2705_2704,1
1121,2704,1
1122,2701_2700,1
1123,269_269_268,2
1124,269_268_267,1
1125,269_268,4
1126,2699,1
1127,2698_2699,1
1128,2697_2697_2697_2697_2697_2696,1
1129,2697_2697_2697_2696,1
1130,2697_2696,2
1131,2697,1
1132,2695_2694,1
1133,2693,1
1134,268_269,1
1135,2689_2688,2
1136,2689,3
1137,2685_2684,2
1138,2683_2682,1
1139,2683,2
1140,2682_2683_2680_2681_2682_2680,1
1141,2682_2681,1
1142,2682,1
1143,2681_2682,1
1144,2681_2681_2682_2681,1
1145,2681_2680_2679,1
1146,2681,1
1147,2680_2678_2679,1
1148,268,1
1149,267_266,1
1150,2679_2679_2678,1
1151,2679_2678,3
1152,2679,2
1153,2678_2679_2677_2676,1
1154,2678_2677_2676,1
1155,2678,1
1156,2677_2676,1
1157,2677,3
1158,2676_2675,1
1159,2676,1
1160,2675,2
1161,2674_2675_2676,1
1162,2674_2672_2674_2673,1
1163,2674,2
1164,2673_2672,2
1165,2673,1
1166,2672_2671_2670,1
1167,2671_2670,1
1168,267,1
1169,266_266_265,2
1170,266_265,2
1171,2669_2668,2
1172,2669,1
1173,2667_2667_2667_2667_2667_2667_2667_2666,1
1174,2667_2667_2666,1
1175,2667_2666,1
1176,2667,3
1177,2666,2
1178,2663_2660_2659_2659_2660_2662_2659_2660_2660_2660_2661_2665_2665_2663_2665_2665_2665_2665_2663_2665_2665_2665_2662_2662_2663_2663_2665_2662_2663_2663_2665_2665_2665_2665_2665_2665_2665_2665_2662_2663_2662_2661_2659_2660_2662,1
1179,2663_2659_2659_2660_2661_2661_2662,1
1180,2663,1
1181,2662,1
1182,2661_2659_2661_2661_2662_2659_2660,1
1183,2660_2660_2659,1
1184,2660_2659,1
1185,265_264,1
1186,2659,1
1187,2657_2657_2657_2657_2657_2656,1
1188,2657_2656,3
1189,2655_2655_2655_2657_2655_2657_2655_2655_2655_2657_2657_2657_2657_2656,1
1190,2654_2653,2
1191,2654,4
1192,2653_2653_2653_2653_2653_2653_2654,1
1193,2653,2
1194,2652_2651,3
1195,2652,2
1196,2650_2648_2650_2648_2650_2650_2648_2648_2650_2650,1
1197,264_263,1
1198,2649_2648_2649_2648,1
1199,2649_2648,1
1200,2649,3
1201,2648_2648_2648_2649,1
1202,2648,3
1203,2647_2646,1
1204,2646_2647_2647_2646_2646,1
1205,2646_2647,1
1206,2646_2646_2646_2646,1
1207,2644_2643,1
1208,2644,1
1209,2643_2644_2644_2643_2642,1
1210,2643_2644,1
1211,2643_2642,1
1212,2643,3
1213,2642,1
1214,2641_2641_2641_2640,2
1215,2641_2640,1
1216,2641,2
1217,264,1
1218,2639_2638,1
1219,2639,2
1220,2638_2639,1
1221,2638_2637_2636_2635_2634_2634_2631_2632_2634_2634_2634_2633,1
1222,2638,2
1223,2637_2639_2639_2638,1
1224,2637_2638_2638_2637_2636_2636_2635_2635_2634_2633,1
1225,2637_2637_2636,1
1226,2637_2636,1
1227,2637,1
1228,2636_2638_2637,1
1229,2635,2
1230,2634_2633_2632,1
1231,2632_2632_2634_2637_2636_2632_2632_2632_2632_2632_2632_2634_2635_2638_2637_2638_2637_2635_2635_2634,1
1232,2632_2631,4
1233,2630_2630,1
1234,2630_2629,4
1235,2630_2628_2629,1
1236,2630,1
1237,262_258_259_259_259_260_262_261,1
1238,2629_2630,1
1239,2629_2628,1
1240,2629_2627_2630_2630_2629_2627_2628,1
1241,2629_2627_2628,1
1242,2629,1
1243,2628_2627,1
1244,2628,1
1245,2627_2627_2626,1
1246,2627_2626,1
1247,2626_2627_2628,2
1248,2626_2625_2624,1
1249,2626_2625,2
1250,2626,1
1251,2625,1
1252,2624_2625,1
1253,2622_2622_2622_2622_2622_2622_2622_2622_2622_2622_2622,1
1254,2621,4
1255,2620_2621,2
1256,2620_2620_2620_2620_2621,1
1257,262,2
1258,261_262,1
1259,261_261_261_261_260_260_261_262,1
1260,261_260,1
1261,2619_2618,2
1262,2619,2
1263,2618_2619,1
1264,2618,1
1265,2617_2616,1
1266,2617,1
1267,2615,1
1268,2613_2613_2613_2612,1
1269,2613_2612,3
1270,2613,4
1271,2612_2611,3
1272,2610_2609,1
1273,2610_2607_2607_2609_2608_2610_2609,1
1274,2610,3
1275,261,2
1276,260_260_258_258_260_258_258_260_261,1
1277,2609_2608,1
1278,2609,3
1279,2608_2607,3
1280,2608,1
1281,2606,5
1282,2605_2604,2
1283,2605_2603_2604,1
1284,2605,3
1285,2604_2605_2606,1
1286,2604_2604_2605_2606,1
1287,2604,1
1288,2603_2602,1
1289,2602_2602_2601,1
1290,2602_2601,1
1291,2602_2600_2601,1
1292,2602,3
1293,2601_2600,3
1294,2601,1
1295,259_258,1
1296,2599_2599_2598,1
1297,2599_2599,1
1298,2599_2598,2
1299,2599,3
1300,2598_2598_2599,1
1301,2598,1
1302,2597_2597_2597_2597_2597_2595_2597_2597_2595_2597_2597_2595_2595_2597_2597_2595_2597_2597_2597_2597_2597_2595_2597,1
1303,2597_2595_2596,1
1304,2596,1
1305,2594,1
1306,2593_2592,2
1307,2593,1
1308,258_260_259_260,1
1309,258_258_259_260,1
1310,2589_2588_2590_2588_2591_2591_2590_2588_2590_2588_2591_2588_2589_2588_2591,1
1311,2588_2591_2591_2590_2591_2588_2588_2591_2590_2589,1
1312,2587,1
1313,2584_2583,1
1314,2584,2
1315,2583_2583_2583_2583_2585_2583_2583_2587_2587_2585_2587_2586_2587_2585_2587_2585_2584_2585_2583_2584_2584_2586_2584_2587_2585_2584_2587_2587_2587_2587_2587_2587_2587_2585_2583_2583_2583_2584,1
1316,2582_2581,5
1317,2582,5
1318,2581,1
1319,2579_2579_2578,1
1320,2579_2578,2
1321,2577,2
1322,2576_2577,1
1323,2576_2576_2576_2576_2577,1
1324,2576_2576_2576_2576_2576_2576_2576_2576_2577,1
1325,2575_2575_2574,2
1326,2575_2574,1
1327,2575,2
1328,2574_2575,2
1329,2574_2574_2574_2575,1
1330,2574,1
1331,2573_2572,1
1332,2572_2572_2571,1
1333,2572_2571_2571_2572_2571_2571,1
1334,2572,3
1335,2571_2572_2571_2572_2571_2570,1
1336,2571_2571_2573_2571_2571_2571_2571_2573_2572_2571,1
1337,2570,2
1338,257,1
1339,256_257,1
1340,2569_2570,1
1341,2567_2567_2566,1
1342,2567_2566_2565,1
1343,2567_2566,1
1344,2567,1
1345,2566,1
1346,2565_2564,1
1347,2565,1
1348,2560,4
1349,255_255_254,1
1350,255_254,1
1351,2557_2556,1
1352,2557,2
1353,2556_2557,1
1354,2555_2555_2554,2
1355,2555_2554,2
1356,2555,3
1357,2552,1
1358,2551_2552,1
1359,2551_2551_2551_2551_2552,1
1360,2550_2549,4
1361,2550,1
1362,255,3
1363,2549_2549_2549,1
1364,2548_2548_2548_2548_2548_2548_2548_2547_2548_2548,1
1365,2548_2545_2547_2548_2548_2546_2546_2548_2547_2545,1
1366,2546_2546_2544_2544_2548_2548_2546_2545_2544,1
1367,2546_2545,1
1368,2546,1
1369,2545_2546,1
1370,2545_2545_2546,1
1371,2545_2544_2544_2545_2546,1
1372,2545_2544,1
1373,2544_2543_2545,1
1374,2543,1
1375,2542_2541_2541_2540,1
1376,2542,1
1377,2541,2
1378,2540_2541_2540_2539,1
1379,2540_2541,2
1380,2540_2540_2542_2541,1
1381,2540_2540_2538_2539_2540_2541,1
1382,2540_2539,1
1383,2540,1
1384,254,3
1385,2539_2537_2538_2537,1
1386,2539,1
1387,2538_2539_2538_2537,1
1388,2538_2538_2538_2539_2539_2537_2539_2538,1
1389,2538_2537,2
1390,2538,3
1391,2537,2
1392,2536_2536_2536_2535,1
1393,2536_2535,2
1394,2536,4
1395,2535_2536,1
1396,2534_2533,2
1397,2534,3
1398,2533_2533_2534,1
1399,2530_2529,1
1400,2530,2
1401,253,1
1402,252_252_252_252_252_253,1
1403,252_252_252_251_251_253_249_250_250_251_251_251_253_251_251_251_250_251_251_251_252_253,1
1404,2528_2528_2528,1
1405,2528_2528_2527,2
1406,2528_2527,4
1407,2528,1
1408,2525_2526,1
1409,2525_2524,1
1410,2524,2
1411,2523,2
1412,2522_2523,1
1413,2522_2522_2521_2520_2519,1
1414,2522_2522_2519_2519_2521_2520_2521,1
1415,2521_2520_2519,1
1416,2521_2519_2521_2523_2522_2522_2520_2520_2521_2520,1
1417,252,2
1418,251_250,2
1419,2519_2520_2523_2522_2521,1
1420,2519,2
1421,2518_2517,3
1422,2518,6
1423,2516_2515,2
1424,2516,1
1425,2515,1
1426,2514_2513_2512,1
1427,2513_2513_2512,1
1428,2513_2512,3
1429,2512_2514_2513,1
1430,2512_2513,1
1431,2512_2512_2514_2513,1
1432,2512,1
1433,2511,1
1434,2510_2511,1
1435,2510,2
1436,250_249,1
1437,2509_2509_2509_2509_2509_2509_2509_2509_2509_2509_2509_2509_2509_2510,1
1438,2509_2509,1
1439,2508_2508_2507,1
1440,2508_2507,4
1441,2508,1
1442,2506_2505,1
1443,2506,3
1444,2505_2504_2503,1
1445,2505,1
1446,2504_2504_2504_2503_2504_2506_2504_2504_2505_2504_2504_2504_2504_2504_2504_2503_2506_2505,1
1447,2504_2503,1
1448,2503_2504,1
1449,2503,1
1450,2502_2501,2
1451,2502,5
1452,2501_2502,1
1453,2501_2500,1
1454,2501,3
1455,250,3
1456,2499,1
1457,2498_2499,1
1458,2498_2497_2495_2496,1
1459,2497_2495_2496_2496_2499_2499_2496_2496_2495_2495_2495_2496_2496_2498_2496_2498_2499_2499_2498_2496_2498_2496_2498_2498_2498_2499_2496_2499_2499,1
1460,2496_2496_2497_2496_2495,1
1461,2495,3
1462,2494_2493,1
1463,2493,1
1464,2491_2490,2
1465,248_248_247,1
1466,248_247,2
1467,2489_2488_2487,1
1468,2489_2488,3
1469,2488_2487,2
1470,2488,4
1471,2487,1
1472,2486_2485,5
1473,2486,1
1474,2485_2486,1
1475,2485,1
1476,2484_2483,1
1477,2484,3
1478,2483_2482,5
1479,2483,2
1480,2482_2483,1
1481,2482,2
1482,2481,3
1483,2480_2482_2482,1
1484,2480_2479,1
1485,2480,2
1486,248,2
1487,247_246,1
1488,2479_2480_2479_2479_2478,1
1489,2479_2479_2479_2478,1
1490,2479_2478,1
1491,2479,1
1492,2477_2478,1
1493,2477,1
1494,2474_2474_2474_2473,1
1495,2474_2474,1
1496,2474_2473,1
1497,247,1
1498,246_247,1
1499,2469_2469_2468,1
1500,2469_2468,1
1501,2462_2461_2460_2459,1
1502,2462_2461,2
1503,2462,2
1504,2461_2461_2460,1
1505,2461_2460,1
1506,2460,3
1507,245_245_245_245_243_245_245_243_245_244_243_245_245_244,1
1508,245_244,1
1509,2459_2459_2458,1
1510,2459_2458,2
1511,2459,3
1512,2458_2457,3
1513,2456_2456_2456_2456_2455,1
1514,2452_2451,2
1515,2452,2
1516,2451,1
1517,2449_2448,5
1518,2449,4
1519,2448,1
1520,2447,1
1521,2446_2446_2446_2446_2446_2446_2446_2446_2446_2446_2446_2446_2446_2446_2446_2446_2445,1
1522,2446_2446,1
1523,2441_2440,1
1524,2441,2
1525,2440_2440_2440_2440_2441,1
1526,2440,1
1527,244,1
1528,2439_2439_2438,1
1529,2439_2438,3
1530,2439,1
1531,2438_2439,1
1532,2438,1
1533,2436_2434_2434_2434_2433_2433_2434_2436_2434_2432_2433_2434_2435_2436_2436_2436_2436_2436_2436_2436_2433_2433_2434_2434_2435_2434_2435_2436_2436_2436_2434_2433_2435_2435_2435_2436_2436_2436_2436_2435_2436_2436_2436,1
1534,2435,3
1535,2434_2434_2433,3
1536,2432_2434_2433,1
1537,2432,4
1538,2431,3
1539,242_241,2
1540,2426_2427_2427_2427_2427_2427_2427_2427_2427_2427_2427_2427_2427_2427_2427_2427_2427_2427_2427_2427_2426_2426_2426_2426_2426_2426_2426_2426_2426_2426,1
1541,2422_2420_2420_2420_2420_2420_2420_2420_2422_2422_2422_2422_2423_2422_2423_2420_2420_2422_2422_2422_2422_2422_2422_2422_2422_2422_2423_2424_2422_2420_2419_2420,1
1542,242,1
1543,241_241_241_241_241_242,1
1544,2417,1
1545,2416_2415_2414_2414_2413_2412_2414,1
1546,2416_2414_2414_2416_2416_2415_2414_2415_2415_2414_2414_2415_2415_2415_2415_2414_2413_2412_2412_2413_2414_2415_2416_2414_2415_2414_2415,1
1547,2414,1
1548,2413_2413_2412,1
1549,2413_2412_2413,1
1550,2413_2412,1
1551,2413,1
1552,2412_2413,2
1553,2411_2411_2411_2410,1
1554,2411_2410,3
1555,2410_2411_2410_2411_2410_2409,1
1556,2410_2410_2410_2410,1
1557,2408_2407,5
1558,2408_2406_2407,1
1559,2408,2
1560,2407_2406,1
1561,2406_2406_2405,1
1562,2406_2405,1
1563,2404_2403,1
1564,2404,1
1565,2402_2401,2
1566,2402,5
1567,2400_2399,1
1568,2400,2
1569,23_23_23_23_23_23_23_23_23_22,1
1570,23_22,1
1571,2398_2397,1
1572,2397,1
1573,2396,2
1574,2395_2395_2395_2396,1
1575,2395_2395_2395_2395_2395_2395_2395_2395_2395_2395_2395_2393_2395_2395_2393,1
1576,2395_2395_2394,1
1577,2395_2395_2393_2395_2395_2395_2394_2394_2395_2396,1
1578,2394,1
1579,2392_2392_2392_2392_2392_2392_2392_2392_2391,1
1580,2392_2392_2391,1
1581,2392_2391_2390,1
1582,2392_2391,1
1583,238_236_235_235_236_235_237_237_238_238_237,1
1584,2389_2389_2385_2389_2389_2389_2385_2389,1
1585,2389_2384,3
1586,2387_2386,2
1587,2386,1
1588,2383_2383_2383_2381_2383_2382_2381,1
1589,2383_2382,4
1590,2382_2382_2381,1
1591,2382_2381,3
1592,2382,1
1593,2380_2380_2380_2379,1
1594,2380_2379,3
1595,2380,6
1596,238,4
1597,237_238_237_235_235_238,1
1598,237_237_238_237_235_238_234_234_234_238_237_237_234_234_235_234_235_238_238_237_238_235_235_237_236_234_234_236,1
1599,2379,3
1600,2378,1
1601,2377_2378,1
1602,2377_2377_2376,1
1603,2377_2376,1
1604,2375,2
1605,2374_2375,2
1606,2374,2
1607,2372,1
1608,2371,5
1609,2370_2371,1
1610,2370_2369_2368,1
1611,2369_2369_2368,1
1612,2367_2366,1
1613,2367,1
1614,2363_2362,1
1615,2363,1
1616,2362,1
1617,2360_2360_2359,1
1618,2358_2357,2
1619,2358_2356_2356_2357,1
1620,2358,1
1621,2357_2357_2358,1
1622,2357,1
1623,2356_2356_2356_2356_2355,1
1624,2356,1
1625,2354,1
1626,2351_2351_2353_2354_2354_2350_2354_2351_2351_2351_2351_2354_2354_2351_2351_2354_2354_2352_2354_2351_2352_2354_2352_2352_2351_2351_2354_2354_2351_2354_2353_2350_2351,1
1627,2350,1
1628,2349_2348,1
1629,2348_2347,1
1630,2347,5
1631,2346_2346_2348_2347_2346,1
1632,2346_2345_2343_2344,1
1633,2346_2345,2
1634,2346,2
1635,2345_2345_2344,1
1636,2345_2344,3
1637,2345,1
1638,2344,2
1639,2343_2345_2344_2345_2344,1
1640,2343_2342,3
1641,2343,3
1642,2341,2
1643,234,1
1644,233_233_232,1
1645,233_232_231,1
1646,233_232,1
1647,2338_2337,3
1648,2338,4
1649,2336_2335,1
1650,2334_2334_2334_2333,1
1651,2331_2330,1
1652,2331,2
1653,2326_2325,1
1654,2326,1
1655,2322_2322_2321,1
1656,2322_2321_2320,1
1657,2322_2321,1
1658,2322,1
1659,2321_2322,1
1660,2321_2321_2321_2321_2322,1
1661,2321,2
1662,2320,4
1663,2319,1
1664,2316_2315_2314,1
1665,2316_2314_2315,1
1666,2316,1
1667,2315_2316_2316_2316_2315_2314,1
1668,2315_2316_2314_2314_2316_2316_2316_2316_2316_2315_2316_2314,1
1669,2315_2314,1
1670,2314,1
1671,2312_2312_2312_2312_2312_2312_2312_2312_2312_2312_2312_2312_2312_2312_2312_2312_2312_2312_2312_2312_2312_2312_2312_2312_2312_2312_2312_2312,1
1672,2311_2310,1
1673,2306_2305,1
1674,2306,1
1675,2303,1
1676,2301_2300,1
1677,2301,3
1678,2300_2299,3
1679,2300,3
1680,230,2
1681,2299_2300,1
1682,2299,2
1683,2298,1
1684,2297_2296,1
1685,2297,3
1686,2295_2294,1
1687,2295,1
1688,2293_2293_2293_2292,1
1689,2293_2292,6
1690,2293,1
1691,2291,1
1692,228_228_229,1
1693,2289,1
1694,2287,2
1695,2286_2287,1
1696,2286_2286_2286_2286_2287,1
1697,2286_2286_2286_2286_2286_2286_2287_2288,1
1698,2285_2284,1
1699,2280_2279,1
1700,2280,1
1701,2278,1
1702,2277_2276,1
1703,2274_2273,3
1704,2271,1
1705,2268_2267,1
1706,2265_2264,2
1707,2265,3
1708,2263_2262,2
1709,2263,3
1710,2262_2262_2261,1
1711,2262_2261,1
1712,2262,1
1713,2261_2260_2262_2263_2263_2262_2260_2260_2262_2260_2260_2262_2260_2260,1
1714,2261,1
1715,2260_2261_2263_2262,1
1716,2260,3
1717,2259_2258,4
1718,2259,5
1719,2258_2259,1
1720,2258_2258,1
1721,2257,1
1722,2255_2254_2252_2254_2253,1
1723,2255_2254,2
1724,2255_2252_2253_2252_2254_2254_2253,1
1725,2255,2
1726,2254_2252_2252_2254_2255_2254_2253,1
1727,2254,1
1728,2253_2252,1
1729,2253,2
1730,2251_2250,2
1731,2251,3
1732,2249_2247_2247_2247_2249_2247_2249_2249_2249_2248_2249_2249,1
1733,2249,4
1734,2248_2247,1
1735,2248_2246_2248_2247,1
1736,2248,1
1737,2247_2248,1
1738,2247_2246,1
1739,2247,1
1740,2246_2246_2248_2247_2249,1
1741,2246,2
1742,2245,2
1743,2243_2243_2242,1
1744,2243_2242,1
1745,2242_2241,1
1746,2240_2240_2239,1
1747,2238_2237,2
1748,2238,1
1749,2236_2235,1
1750,2236_2234_2235_2234,1
1751,2236,1
1752,2235_2235_2235_2235_2235_2235_2235_2234,1
1753,2235_2234,2
1754,2235,2
1755,2233_2233_2232,2
1756,2233_2232,4
1757,2233,3
1758,2231_2230,4
1759,2230_2231,1
1760,223,1
1761,2229_2229_2229_2229_2229_2229_2229_2229_2229_2229_2229_2229_2229_2229_2229_2229_2229_2229_2229_2229_2229_2229_2229_2229_2229,1
1762,2227_2227_2226_2225,1
1763,2227_2227_2225_2227_2226,1
1764,2227_2227_2225_2226_2225,1
1765,2227_2226,1
1766,2227,2
1767,2226_2227,1
1768,2226_2225,1
1769,2225_2226,1
1770,2225,1
1771,2224,1
1772,2222_2221_2220,1
1773,2222_2221,1
1774,2222,2
1775,2221_2221_2220,1
1776,2221_2220,1
1777,2221,1
1778,2220_2219,1
1779,2220,5
1780,2219_2218,1
1781,2219,1
1782,2218_2219,1
1783,2218_2217,2
1784,2218,4
1785,2217_2218_2219,1
1786,2217,1
1787,2215_2215_2215_2215_2215_2214,1
1788,2215_2214,5
1789,2215,1
1790,2214,1
1791,2213_2213_2212,1
1792,2213_2212,3
1793,2213,2
1794,2212_2213,1
1795,2212_2212_2213,1
1796,2211,4
1797,2210_2211,2
1798,2210_2210_2211,1
1799,2210_2210_2209,1
1800,2210,4
1801,220_217_222_222_217_217_220_217_217_218_220_220_220_217_217_217_227_227_227_227_226_227_227_227_227_226_226_226_228_229_226_226_226_226_227_228_229_226_225_225_224_227_227_226_227_226_223_220_220_220_220_220_217_220_218_217_220_217_218_217_217_218_221_220_217_222_222_222_222_217,1
1802,2208,2
1803,2207_2207_2206,1
1804,2207_2206,3
1805,2206_2207,1
1806,2205_2204,1
1807,2205,2
1808,2204_2205,1
1809,2204_2203,4
1810,2203_2202,1
1811,2203,4
1812,2201_2200,2
1813,2200_2201,1
1814,2200_2200_2200_2201,1
1815,2197,1
1816,2196,1
1817,2194_2194_2194_2194_2194_2194_2194_2194_2194_2194_2194_2194_2193_2192,1
1818,2194_2194_2192_2194,1
1819,2194_2193,1
1820,2193_2192,1
1821,2192,1
1822,2191_2190,1
1823,2191,3
1824,2189_2188,2
1825,2189,1
1826,2188_2187,1
1827,2188,4
1828,2187_2188,1
1829,2186_2185,1
1830,2186,1
1831,2185,1
1832,2183_2182,1
1833,2181,1
1834,2180_2179,1
1835,218,1
1836,2179_2179_2179,1
1837,2178,2
1838,2177_2176,1
1839,2177,2
1840,2176_2177,2
1841,2176_2176_2176_2176_2176_2176_2178_2177,1
1842,2175_2173_2172_2172_2172_2172_2173_2175_2175_2175_2175_2175_2172_2172_2175,1
1843,2175,2
1844,2173_2172,1
1845,2172_2173_2172_2172_2172_2172_2172_2172_2172_2171_2171_2172_2173_2175_2174,1
1846,2172_2171_2172_2172_2172_2173_2175_2174,1
1847,2171_2170,1
1848,2171_2169_2170,1
1849,2170,1
1850,216_216_216_215,1
1851,216_215,1
1852,2169_2170,1
1853,2169_2168,1
1854,2169,1
1855,2168,1
1856,2167,2
1857,2166_2166_2166_2166_2166_2166_2166_2166_2166_2166_2166_2166_2166_2166_2166_2166_2167,1
1858,2165_2163_2164,1
1859,2164_2163,2
1860,2164,1
1861,2163_2163_2162,1
1862,2161_2160,1
1863,2160,1
1864,215_215_215_215_215_215_215_215_216_216_216_216_215,1
1865,2158_2157_2157_2157_2157_2157_2157_2157_2157_2157_2157_2157_2157_2157_2157_2157_2157_2158_2159_2159_2159_2159_2159_2159_2160,1
1866,2156,2
1867,2155_2154,4
1868,2155,3
1869,2154,1
1870,2153_2152,4
1871,2151_2150,2
1872,2150_2151,1
1873,2149_2148,3
1874,2147_2147_2146,1
1875,2147_2146,3
1876,2147,3
1877,2146,1
1878,2145_2144,3
1879,2145,3
1880,2143_2143_2142,1
1881,2143_2142_2143_2142,1
1882,2143_2142,2
1883,2143,5
1884,2142_2143,1
1885,2142,1
1886,2141_2141_2140,2
1887,2141_2140,2
1888,2141,2
1889,2140_2141,1
1890,2140_2140_2140_2140_2141,1
1891,2139_2138,3
1892,2139,3
1893,2138_2139,1
1894,2138,1
1895,2137_2137_2136,1
1896,2137_2136,1
1897,2137,1
1898,2136_2137_2136,1
1899,2136_2137,1
1900,2136,1
1901,2135_2135_2134,2
1902,2135_2134,2
1903,2135,2
1904,2134_2135,1
1905,2134,1
1906,2133_2132,1
1907,2133,1
1908,2132,1
1909,2128,2
1910,2125_2124,2
1911,2125,2
1912,2121,1
1913,212,1
1914,2119,4
1915,2118_2117,4
1916,2118,2
1917,2116,1
1918,2114_2113,1
1919,2112_2112_2112_2112_2112_2111,1
1920,2112,1
1921,2111_2112,2
1922,2111_2111_2112,1
1923,2110_2109,1
1924,2110,1
1925,211,2
1926,210_210_209_209_209_209_209_211,1
1927,2108,3
1928,2107_2108,1
1929,2107_2107_2107_2107_2107_2107_2107_2107_2107_2107,1
1930,2106_2106_2105,1
1931,2106,1
1932,2105_2105_2106,1
1933,2104_2103,2
1934,2104,2
1935,2102_2101,1
1936,2102,1
1937,2101_2102,1
1938,2101_2101_2100,1
1939,2101_2100,2
1940,2100,1
1941,2099_2098_2097,1
1942,2099_2098,2
1943,2099,1
1944,2098_2097,3
1945,2098,1
1946,2095_2095_2095_2094,1
1947,2095_2094_2094_2093,1
1948,2095,2
1949,2094_2093,1
1950,2094,1
1951,2093,1
1952,209,1
1953,208_208_208_208_208_208_209_209_208_209_209_209_209_209_209_209_209_209_209_209_209_209_209_209_209_209_208_207,1
1954,2088_2089_2087_2088_2087,1
1955,2088_2088_2087,1
1956,2088_2087,1
1957,2088,1
1958,2086_2085,2
1959,2086,2
1960,2085_2085_2085_2085_2085_2085_2085,1
1961,2085,1
1962,2084_2083,3
1963,2084,3
1964,2083,1
1965,2082_2081,1
1966,2082,1
1967,2080_2080_2080_2079_2078,1
1968,2080_2079,3
1969,2080_2078_2078_2080,1
1970,2080,1
1971,2079_2080,1
1972,2079_2078,2
1973,2078_2078_2080_2079,1
1974,2078,1
1975,2077_2077_2076,1
1976,2077_2076,1
1977,2077,5
1978,2076_2077,3
1979,2076,1
1980,2075_2074_2073,2
1981,2075,1
1982,2074_2075_2074_2073,1
1983,2074_2073,2
1984,2074,3
1985,2073_2075_2073_2075_2073_2075_2075_2073_2074,1
1986,2073_2073_2073_2075_2075,1
1987,2072,2
1988,2071_2072_2071_2070,1
1989,2071_2070_2071,1
1990,2071_2070,2
1991,2071,1
1992,2070_2071,1
1993,2070,1
1994,2069,3
1995,2067_2066,1
1996,2067,1
1997,2066_2065,1
1998,2066,1
1999,2065_2065_2065_2065_2065_2065,1
2000,2065_2064,2
2001,2065_2063_2064,1
2002,2065,1
2003,2064_2063,1
2004,2064,3
2005,2063_2062,5
2006,2063,3
2007,2062,1
2008,2061_2061_2061_2060_2060_2060_2061,1
2009,2061_2061_2061_2060,1
2010,2061_2060,1
2011,2061,1
2012,2060_2061_2060,1
2013,2060_2059,1
2014,205_206,1
2015,205_205_205_205_205_205_205_205_205_205_205_205_205_205_205_206,1
2016,205_204,1
2017,2059,3
2018,2058_2057,1
2019,2058,3
2020,2057_2058_2059,1
2021,2057_2057_2057_2057_2057,1
2022,2054_2053,1
2023,2054,5
2024,2053_2052,1
2025,2053,1
2026,2052_2052_2052_2054_2053,1
2027,2052,2
2028,2051_2051_2050,1
2029,2051_2050,2
2030,2051,2
2031,204_205_204_203,1
2032,204_204_203,1
2033,204_203,2
2034,2049_2048,2
2035,2047,1
2036,2045_2044,1
2037,2045,1
2038,2043_2042_2042_2042_2042_2041_2042,1
2039,2043,2
2040,2042_2042_2042_2042,1
2041,2042_2042_2041,2
2042,2042_2041,2
2043,2040_2040_2039,2
2044,2040_2039,2
2045,2040,1
2046,2038_2037,4
2047,2038,5
2048,2035_2034,1
2049,2033,1
2050,2031,2
2051,2029_2028,1
2052,2029,1
2053,2025,1
2054,2023_2022,5
2055,2023,1
2056,2022_2023_2022,1
2057,2022_2023,2
2058,2022_2022_2022_2023,1
2059,2021_2020,1
2060,2021_2019_2020,1
2061,2021_2019_2019_2021_2019_2020,1
2062,2020_2021,2
2063,2020_2019,1
2064,2020,2
2065,2019_2020_2021,1
2066,2019_2020,1
2067,2017_2017_2017_2017_2017_2017_2016,1
2068,2017,1
2069,2016_2017,1
2070,2016_2016_2016_2016_2016_2017,1
2071,2015_2014,2
2072,2015,1
2073,2014_2015,2
2074,2014_2014_2014_2014_2015,1
2075,2014_2014_2014_2014_2014_2015,1
2076,2013_2012,3
2077,2013,2
2078,2012_2013,2
2079,2011_2011_2010,1
2080,2011_2010,1
2081,2011,1
2082,2010_2010_2010_2010_2010_2010_2010_2010_2010_2010_2010_2010_2010_2011,1
2083,2009_2008,4
2084,2009,2
2085,2008_2007,2
2086,2008,2
2087,2007,1
2088,2006_2005_2004,1
2089,2006_2005,2
2090,2006,1
2091,2005_2005_2004,1
2092,2005_2004,2
2093,2005,2
2094,2004_2005,1
2095,2004_2003,5
2096,2004,1
2097,2003,2
2098,2002_2001,1
2099,2001_2000,2
2100,2,1
2101,19_19_19_19_19_19_19_19_18_18_19_19_19_19_19_19_19_19_19_19_19_19_19,1
2102,1999_1998,1
2103,1999,1
2104,1997_1997_1996,1
2105,1997,1
2106,1996_1997_1996,1
2107,1995_1994,4
2108,1995,3
2109,1994_1995,1
2110,1991_1990,1
2111,1991,4
2112,1990,2
2113,198_198_198_198_198_198_198_198_198_198_198_198_198_198_198_198_129_129_198_130_198_198_199,1
2114,198_130,1
2115,1987_1986,4
2116,1987,6
2117,1986,2
2118,1985_1984,1
2119,1983_1982,3
2120,1983,2
2121,1982_1982_1983,1
2122,1982,1
2123,1981_1981_1981_1980,1
2124,1981_1981_1981_1979_1981,1
2125,1981_1981_1979_1981_1981_1980_1979,1
2126,1981_1980,4
2127,1980,1
2128,197_196,1
2129,1979,2
2130,1978_1977,1
2131,1976_1975,1
2132,1976,2
2133,1972_1971,1
2134,1972,1
2135,1971_1970,1
2136,197,2
2137,196_196_195_194_196,1
2138,196_195,1
2139,1966_1966_1965,2
2140,1966_1965,3
2141,1966,2
2142,1964_1963_1962,1
2143,1963_1962,1
2144,1961_1960,3
2145,1961,3
2146,1960,1
2147,196,4
2148,195_194,4
2149,1959_1959_1959_1959_1959_1959_1959_1959_1959_1959_1959_1959_1959,1
2150,1959_1959_1959_1958,1
2151,1959_1959_1958,1
2152,1959_1958,2
2153,1959,1
2154,1957_1957_1956_1955,2
2155,1957_1955_1954,3
2156,1957_1955,2
2157,1956_1955,1
2158,1956,2
2159,1955_1956,1
2160,1955_1954,2
2161,1954,1
2162,1953_1952,2
2163,1951_1951_1951_1951_1951_1950,1
2164,1951_1951_1950,1
2165,1951_1950,5
2166,1951,2
2167,1950_1951,1
2168,195,1
2169,194_195,1
2170,1949,1
2171,1947_1947_1947_1946,1
2172,1947_1946,1
2173,1945_1944,2
2174,1945,2
2175,1944_1945,1
2176,1943_1942,4
2177,1943,3
2178,1942_1943,2
2179,1941_1940,3
2180,1941,2
2181,194,1
2182,193_192,1
2183,1939_1939_1938,1
2184,1939_1938,1
2185,1939,2
2186,1938,2
2187,1937_1937_1937_1936,1
2188,1937_1936,2
2189,1933_1932,1
2190,1931_1931,1
2191,1931_1930,1
2192,1931,2
2193,1930_1931,1
2194,193,1
2195,192_191,1
2196,1929_1928,2
2197,1929,1
2198,1927_1927_1926,1
2199,1927_1926,2
2200,1927,1
2201,1926_1927_1926,1
2202,1925_1924_1923,1
2203,1925_1924,1
2204,1925,2
2205,1924_1923,1
2206,1924,3
2207,1923_1924,1
2208,1923_1922,6
2209,1923,1
2210,1921_1921_1921_1920,1
2211,1921_1921_1920,1
2212,1921_1920_1921,1
2213,1921_1920,2
2214,1921,1
2215,1920_1921,2
2216,1919,3
2217,1915,3
2218,1914_1915_1914,1
2219,1914_1914_1915,1
2220,1914_1914_1914,1
2221,1913_1913_1912,1
2222,1913,3
2223,1912_1912_1912_1913,1
2224,1912,1
2225,1911_1911_1910_1911,1
2226,1911_1910,1
2227,1911,3
2228,1910_1910,1
2229,1910,1
2230,1909_1908_1907,1
2231,1909_1908,1
2232,1909,1
2233,1908_1909,1
2234,1908_1907,3
2235,1908,3
2236,1906_1905,4
2237,1906,5
2238,1905_1906,2
2239,1904,2
2240,1903_1904,1
2241,1902_1901,1
2242,1901_1900,2
2243,1900_1899,1
2244,1900,2
2245,190,1
2246,189_189_188_187_189,1
2247,189_188,1
2248,1898_1897,2
2249,1897,2
2250,1896,1
2251,1894,3
2252,1892_1892_1891,1
2253,1892_1891,1
2254,1892,2
2255,1891_1892_1891_1892,1
2256,1891_1892,1
2257,1891,3
2258,1890_1890_1889,1
2259,1890_1889,3
2260,1890_1888_1889,1
2261,1890,3
2262,189,7
2263,188_189,1
2264,188_188_187,1
2265,188_186_187,1
2266,188_186_186_188_187,1
2267,1889_1890,1
2268,1889_1888,1
2269,1888_1889,1
2270,1888,2
2271,1887_1886,2
2272,1887,3
2273,1885,3
2274,1884_1885,1
2275,1884_1884_1885,1
2276,1884_1884_1884_1884_1885,1
2277,1884_1883,1
2278,1882_1882_1881,3
2279,1882_1882,1
2280,1882_1881,4
2281,1882,1
2282,1880_1879,4
2283,1880,1
2284,188,1
2285,1878_1877,1
2286,1878,1
2287,1877_1877_1877_1877,1
2288,1877_1876,1
2289,1877,1
2290,1876_1875,1
2291,1874_1873,2
2292,1874,5
2293,1873_1873_1874,1
2294,1872_1872_1872_1872_1871,1
2295,1872_1872_1871,1
2296,1872_1871,2
2297,1872,1
2298,1871_1872,2
2299,1871,1
2300,1870_1869,4
2301,187,1
2302,186_187_188,1
2303,186_187,1
2304,1868_1867,3
2305,1868_1866_1867,1
2306,1868,1
2307,1867,1
2308,1865_1865_1864,1
2309,1865_1864,2
2310,1865,1
2311,1863_1863_1862,1
2312,1863_1862,1
2313,1863,3
2314,1861_1860,1
2315,1861,1
2316,185_184,1
2317,1858_1858_1858_1858_1858_1858_1858_1859,1
2318,1858_1858_1858_1858_1858_1858,1
2319,1857_1856,1
2320,1857,2
2321,1856,3
2322,1855,1
2323,1854,2
2324,1853_1854,3
2325,1853,1
2326,1852_1851,2
2327,1852,3
2328,1850_1849,3
2329,1850,2
2330,185,4
2331,184_184_184_183_182,1
2332,184_184,1
2333,184_183_182,1
2334,184_183,1
2335,184_182_184_183,1
2336,1848_1847,2
2337,1846_1845,1
2338,1846,1
2339,1844_1843,1
2340,1844,2
2341,1843_1842,3
2342,1843,1
2343,1842_1843,1
2344,1842,1
2345,1840_1839_1840_1839_1838,1
2346,184,2
2347,183_184_183_182,1
2348,183_184_183_181_182,1
2349,183_182,1
2350,1839_1838_1837,1
2351,1839_1838,3
2352,1839,1
2353,1838_1837,1
2354,1836_1835,1
2355,1836,2
2356,1834_1833,3
2357,1832_1831,4
2358,1832,1
2359,1830,2
2360,1829_1829_1829_1830,1
2361,1828_1827,2
2362,1828,4
2363,1827,1
2364,1826_1825,1
2365,1826,1
2366,1825,1
2367,1824_1823,1
2368,1824,1
2369,1820_1819,1
2370,1820_1818_1820_1819,1
2371,1820,1
2372,182,1
2373,181_180,4
2374,1819_1818,2
2375,1819,2
2376,1818,2
2377,1817,1
2378,1810_1809,5
2379,1810,4
2380,181,2
2381,180_181,1
2382,1808_1808_1807,1
2383,1808_1808,1
2384,1808_1807,6
2385,1806_1806_1805,1
2386,1806_1805,2
2387,1806_1804_1805,1
2388,1806,6
2389,1804,2
2390,1803_1802,1
2391,1803,1
2392,1801_1800,1
2393,180,1
2394,17_16,1
2395,1799_1799_1799_1798,1
2396,1799_1799_1798,1
2397,1799_1798,2
2398,1799,4
2399,1798_1799,1
2400,1798,2
2401,1797_1796,1
2402,1796_1795,1
2403,1796,4
2404,1795_1796,1
2405,1795,1
2406,1794_1793,2
2407,1794,3
2408,1793_1794,1
2409,1792_1791,1
2410,1792_1790_1792_1790_1792_1790_1792_1790_1792_1792_1790_1792,1
2411,1792_1790_1791,1
2412,1792,1
2413,1791,1
2414,1790_1791_1790_1792,1
2415,1790_1790_1791,1
2416,1790,1
2417,179,2
2418,178_179_178_177,1
2419,178_178_178_179,2
2420,178_178_177,2
2421,178_177,3
2422,1789,2
2423,1787_1786,1
2424,1785,1
2425,1781_1781_1780_1781,1
2426,1781_1781_1780_1780_1780_1781_1780,1
2427,1781_1780,3
2428,1780,2
2429,1779_1778,3
2430,1779,3
2431,1778_1779,2
2432,1778_1778_1778_1778_1778_1779,1
2433,1777_1776_1775,1
2434,1777,2
2435,1776_1777,1
2436,1776_1776_1775,1
2437,1776_1775,1
2438,1776,1
2439,1775_1777_1777_1775_1775_1776,1
2440,1775_1775_1775_1776,1
2441,1774_1773,3
2442,1773,1
2443,1772_1771,2
2444,1772,2
2445,1770_1769,2
2446,1770,1
2447,176_176_175_176_174_173,1
2448,176_175_176_176_175_174_173,1
2449,176_175,1
2450,1763,1
2451,1762_1761,1
2452,1760_1760_1760_1760_1760_1760_1758_1760_1760_1760_1760_1758_1760_1758_1760_1760_1760_1758_1760_1758_1760_1758_1760,1
2453,176,2
2454,175_174_173_173_173_176_176_176_176,1
2455,1758_1758_1758_1758_1758_1758_1760_1758_1760_1759,1
2456,1758_1758_1757,1
2457,1758_1757_1756,1
2458,1758_1757,1
2459,1757,1
2460,1755,3
2461,1754_1754_1754_1754_1754_1755,1
2462,1754_1754_1754,1
2463,1754_1752_1754_1754_1754_1755_1754_1754_1754_1754_1754_1754_1754_1754_1753,1
2464,1754_1752_1754_1752_1753,1
2465,1752,3
2466,1750_1751,1
2467,1750_1750_1749,1
2468,1750,2
2469,174_173,1
2470,1748,1
2471,1747_1747_1747_1747_1748_1748_1748_1748_1748_1748_1748_1748_1747_1748_1747_1747_1747_1747_1746,1
2472,1747_1747_1747_1747_1747_1747_1747_1747_1747_1747,1
2473,1743_1742,1
2474,1743,2
2475,1742_1742_1743,1
2476,1742_1742,1
2477,1742_1741,1
2478,1741,1
2479,174,2
2480,1739_1739_1739_1739_1739_1739_1739_1740_1739_1739_1737_1739_1739_1737_1739_1739_1739_1739_1739_1739_1739_1739_1739_1739_1739_1738_1737_1737_1739_1740_1740,1
2481,1739,1
2482,1737,5
2483,1736,2
2484,1735_1735_1736,1
2485,1735_1735_1734,1
2486,1735_1734,3
2487,1735,1
2488,1733,2
2489,173,1
2490,172_171_170,1
2491,172_171,2
2492,1729_1732_1731_1729_1729_1732_1729_1729_1729_1732_1732_1729_1729_1729_1732_1732_1729_1729_1729_1729_1729_1729_1729_1729_1729_1729_1729_1729_1729_1729_1732_1729_1735_1735_1735_1735_1734_1734_1734_1734_1734_1733_1733_1729,1
2493,1728_1728_1727,1
2494,1728_1727,3
2495,1728,3
2496,1727,3
2497,1726_1725,2
2498,1726,1
2499,1725_1726,3
2500,1725_1724,1
2501,1725,2
2502,1724,3
2503,1723_1724,1
2504,1721_1723_1721_1722,1
2505,1721_1721_1721_1723_1721_1721_1721_1723_1723_1723_1723_1721_1725_1726_1725_1723_1725_1723_1724_1726_1726_1725_1725_1724_1723_1723_1721_1723_1721_1723_1723_1723_1723_1721_1721_1723_1722,1
2506,1720_1720_1720_1720_1719,1
2507,1720_1719,1
2508,1720,2
2509,172,2
2510,1718_1718_1718_1720_1719_1719_1718_1720_1718_1719_1717,1
2511,1718_1718_1717,1
2512,1718_1717,2
2513,1717_1720_1719_1718_1717,1
2514,1717_1718_1720_1720_1719,1
2515,1717_1718,1
2516,1716_1715_1714_1713,1
2517,1716_1715,1
2518,1716,3
2519,1715_1714_1713,1
2520,1715_1714,1
2521,1714_1713,1
2522,1714,3
2523,1711,1
2524,1710_1710_1710_1710_1709,1
2525,1710_1709,1
2526,1710_1708_1710_1709,1
2527,1710,2
2528,171,2
2529,170_171,1
2530,170_169,1
2531,1709_1708_1707,1
2532,1708_1708_1707,1
2533,1708_1707,2
2534,1708,2
2535,1707_1710_1710_1710_1707_1708_1707_1707_1710_1710_1707,1
2536,1707,1
2537,1706_1705,1
2538,1706,2
2539,1705_1704,4
2540,1705,1
2541,1703_1702,2
2542,1701_1700,1
2543,1701,2
2544,1700_1699,2
2545,1700,1
2546,170,1
2547,17,1
2548,169_170_170_170_169_166_167_167_169_171_170_170_169_168_168_169_171_167_166_169_170_170_169_167_169,1
2549,1696_1695,1
2550,1696,1
2551,1695_1696,1
2552,1695,1
2553,1693_1694_1694_1691_1694_1694_1695_1695_1691_1695_1693_1693_1693_1695_1693_1693_1694_1693_1693_1693_1695_1691_1695_1695_1695_1694_1694,1
2554,1690_1690_1689_1689_1689_1689_1689_1689_1689_1689_1690_1690_1690,1
2555,1690,3
2556,169,1
2557,1684_1683,1
2558,1684,6
2559,1683_1683_1682,1
2560,1683_1682,2
2561,1683,1
2562,1681_1680_1679,1
2563,1681_1680,1
2564,1681_1679_1679_1680_1681_1680,1
2565,1681,1
2566,1680_1681_1679,1
2567,1680_1681,3
2568,1679_1681_1680_1681,1
2569,1675,1
2570,1674_1672_1673,1
2571,1674,1
2572,1672_1671,1
2573,1672,1
2574,1670_1669,2
2575,1670,2
2576,1669_1670_1669_1668,1
2577,1669_1670,1
2578,1669_1669_1668,1
2579,1669_1668,1
2580,1669,3
2581,1668_1668_1667,1
2582,1668_1667,1
2583,1667_1667_1667_1666,1
2584,1667,1
2585,1666_1668_1667_1669_1670,1
2586,1665_1664,1
2587,1664,2
2588,1663_1662,2
2589,1662_1661,1
2590,1661_1660_1660_1659_1658,1
2591,1661_1660,1
2592,1661,5
2593,1660_1658_1658_1660_1660_1658_1658_1660_1658_1658_1660_1660_1660,1
2594,1660,1
2595,166,3
2596,165_164,3
2597,1659_1660_1659_1658,1
2598,1659_1659_1658,1
2599,1659_1658,1
2600,1658_1659_1660,1
2601,1658,1
2602,1657_1657_1656,1
2603,1657_1656,4
2604,1657,2
2605,1655_1654,3
2606,1655,4
2607,1654,1
2608,1653_1652,2
2609,1653_1651_1653_1651_1651_1651_1653_1653,1
2610,1653,1
2611,1652,2
2612,1651_1652,1
2613,1651_1651_1651_1650,1
2614,1651,2
2615,1650_1651,1
2616,1650_1650_1649,1
2617,1650_1649,1
2618,1650,3
2619,165,3
2620,164_163,1
2621,1649_1650_1652_1651,1
2622,1649,1
2623,1648_1648_1647,3
2624,1648_1647,4
2625,1648,2
2626,1647_1647_1647_1648,1
2627,1646_1645,1
2628,1646_1644_1645,1
2629,1646,3
2630,1645_1646,1
2631,1645_1644,1
2632,1643_1642,2
2633,1643,1
2634,1642_1641,1
2635,1642,2
2636,1641_1642,1
2637,1641,1
2638,1640_1639,1
2639,164,1
2640,163_162,1
2641,1638,1
2642,1637,4
2643,1636_1637,1
2644,1636_1636_1637,1
2645,1636_1636_1636_1636_1636_1636_1637,1
2646,1636_1634_1634_1636_1635,1
2647,1636,1
2648,1635,3
2649,1634_1635_1636,1
2650,1633,2
2651,1632,3
2652,1631_1631_1633_1632,1
2653,1631_1631,1
2654,163,5
2655,1629_1629_1629_1629_1629_1629_1629,1
2656,1628_1627,2
2657,1626_1626_1625,1
2658,1626_1625,3
2659,1626,4
2660,1625_1626,1
2661,1622_1622_1621_1620,1
2662,1622_1622_1621,2
2663,1622_1621,4
2664,1622,1
2665,1621_1620,1
2666,1621,1
2667,162,2
2668,1619_1618,1
2669,1618,1
2670,1617_1616,1
2671,1617,1
2672,1616_1615,1
2673,1616,3
2674,1615_1616,1
2675,1615,2
2676,1611_1613_1611_1613_1612,1
2677,1611_1611_1613_1611_1613_1611_1613_1611_1613_1611_1613_1613_1611_1611_1612_1613_1611_1613_1611,1
2678,1611,1
2679,1610,2
2680,161,3
2681,160_160_159,1
2682,160_159,1
2683,1608_1608_1608_1608_1607,1
2684,1608_1607,3
2685,1608,2
2686,1607_1608,1
2687,1607,1
2688,1606_1605,1
2689,1604_1603,2
2690,1604,2
2691,1602_1601,1
2692,1602,3
2693,1601_1602,1
2694,1601_1601_1602,1
2695,1600_1599,1
2696,1600_1598_1597_1598_1599,1
2697,1600,3
2698,160,1
2699,16,1
2700,159_160,1
2701,159_159_159_160_160_159_159_159_159_159_158,1
2702,159_159_159_159,1
2703,159_158,1
2704,1599_1600,1
2705,1599_1598,2
2706,1599_1597_1598_1597,1
2707,1598_1597_1597_1597_1600_1599_1598_1599,1
2708,1598_1597,1
2709,1598,2
2710,1597_1597_1599,1
2711,1597,1
2712,1596,1
2713,1595_1594,2
2714,1595,1
2715,1593_1592,2
2716,1593,1
2717,1592_1592_1593,1
2718,1591_1590,1
2719,1590_1590_1591,1
2720,1589,1
2721,1587_1587_1586,1
2722,1587_1586,3
2723,1587,3
2724,1585_1584,1
2725,1585,1
2726,1584,1
2727,1583,2
2728,1582,1
2729,1581_1580,2
2730,1581,2
2731,1580_1579,1
2732,157_156,2
2733,1578_1577,4
2734,1577_1577_1576,1
2735,1577_1576,3
2736,1577,3
2737,1576,2
2738,1575_1577_1576_1578_1578,1
2739,1575_1576,1
2740,1574_1574_1573,1
2741,1573_1574,1
2742,157,2
2743,156_157,1
2744,1569_1568,2
2745,1567_1566,1
2746,1565_1564,2
2747,1565,2
2748,1564_1565,2
2749,1563_1563_1562,1
2750,1563_1562,6
2751,1563,1
2752,1562,2
2753,1561,4
2754,1560_1559,3
2755,1560,2
2756,156,2
2757,1559_1558_1557,1
2758,1558,2
2759,1556,4
2760,1555_1555_1554,1
2761,1554_1552_1552_1553,1
2762,1554,2
2763,1552_1553,1
2764,1551_1550,3
2765,1551,3
2766,1550,2
2767,155,3
2768,154_155,1
2769,154_154_155,1
2770,1548_1547,1
2771,1548,2
2772,1546_1546_1546_1544_1544_1546_1546_1545,1
2773,1546_1546_1545,1
2774,1546_1545,1
2775,1546_1544_1544_1546_1546_1545_1546,1
2776,1546_1544_1544_1546_1546_1545,1
2777,1546,3
2778,1545_1546,1
2779,1544,1
2780,1543,2
2781,1541_1541_1540,1
2782,1541_1540,3
2783,1541,6
2784,1540_1541_1539,1
2785,1540_1541,1
2786,1540_1540,1
2787,1540_1539,2
2788,1540,2
2789,154,1
2790,153_153_153_153_153_152_153_153,1
2791,153_152,1
2792,1539_1540,1
2793,1539_1539_1538,1
2794,1539_1538,2
2795,1539,1
2796,1538,1
2797,1537_1537_1536,1
2798,1537_1536,2
2799,1537,3
2800,1536_1535,1
2801,1536,1
2802,1535_1534,2
2803,1535,2
2804,1533_1533_1533_1532,1
2805,1533_1532,4
2806,1533,2
2807,1532_1533,2
2808,1531_1530,2
2809,1531,4
2810,1530_1529,2
2811,1530,1
2812,153,2
2813,1528_1527,3
2814,1528,2
2815,1527_1528,1
2816,1526_1525,2
2817,1526,4
2818,1524_1523_1524_1521_1522,1
2819,1524_1523_1522,1
2820,1524_1523,2
2821,1524,2
2822,1523_1522_1521,1
2823,1523_1522,1
2824,1522_1521,3
2825,1522,1
2826,1521_1520,1
2827,1521,1
2828,1520,1
2829,1519_1518,3
2830,1519,4
2831,1518_1519,2
2832,1518_1518_1519,1
2833,1518_1516_1517,1
2834,1517_1517_1516,1
2835,1517_1516,2
2836,1517,3
2837,1516_1516_1517,2
2838,1515_1515_1514_1513,2
2839,1515_1515,1
2840,1515_1513_1515_1515_1513_1514_1515,1
2841,1513_1513_1515_1513_1513_1514,1
2842,1513,3
2843,1512_1512_1512_1511,1
2844,1512_1511_1512,1
2845,1512_1511,1
2846,1512,3
2847,1511_1511_1512,1
2848,1510_1509,4
2849,150_148_149,1
2850,1508_1508,1
2851,1508_1507,1
2852,1508,3
2853,1506_1505,1
2854,1506,4
2855,1505_1504,4
2856,1505,3
2857,1503_1503_1503,1
2858,1503_1503_1502,3
2859,1503_1502,3
2860,1503,1
2861,1502_1503,1
2862,1501_1500_1501_1500,1
2863,1501_1500,3
2864,1501,3
2865,1500_1501_1500,1
2866,1500_1501,1
2867,150,7
2868,15,2
2869,149_148,1
2870,1499_1498,2
2871,1499,3
2872,1498_1498_1498_1497,2
2873,1498_1498_1497,1
2874,1498_1497,1
2875,1498,1
2876,1496,1
2877,1495,1
2878,1493,1
2879,1491,6
2880,1490_1491,1
2881,1490_1490_1490_1491_1491_1490_1489,1
2882,1490_1489,5
2883,1490,2
2884,148_147,1
2885,1489,1
2886,1488,4
2887,1486_1485,2
2888,1486,1
2889,1484_1483,1
2890,1484,1
2891,1483_1483_1482,1
2892,1483_1482,2
2893,1483,1
2894,1481_1480,2
2895,1481,2
2896,1480_1479,1
2897,1480,2
2898,148,2
2899,147_147_148,1
2900,147_147_147_147_147_148_149,1
2901,147_147_147_147_146_145_144,1
2902,147_147_147_146,1
2903,1479_1478,2
2904,1478,1
2905,1474,2
2906,1472_1471,2
2907,1472,1
2908,1471_1472,1
2909,1470_1470_1469,3
2910,1470_1469,2
2911,1470,3
2912,146_146_145,1
2913,146_146_144_147_146_145,1
2914,146_145,1
2915,1469_1469_1470_1469,1
2916,1469,2
2917,1468,2
2918,1467,5
2919,1465_1465_1467_1465_1465_1467_1465_1465_1465_1465_1465_1467_1465_1465_1465_1465_1465_1465_1465_1465_1465_1465_1464_1465_1466,1
2920,1465_1464,2
2921,1464,2
2922,1463,1
2923,1462_1461,3
2924,1460,2
2925,146,1
2926,145_144,1
2927,1459,2
2928,1458,1
2929,1457_1457_1456,1
2930,1457_1456_1455,1
2931,1457_1456,2
2932,1457,2
2933,1456,1
2934,1455_1457_1454_1455_1455_1456,1
2935,1455_1456_1455_1454,1
2936,1455_1455_1453_1455_1454,1
2937,1455_1454_1453,1
2938,1455,2
2939,1454_1455_1454_1453,1
2940,1454_1454_1453,1
2941,1454_1453,1
2942,1454,3
2943,1453_1453_1453_1453,1
2944,1452_1452_1452_1452_1451,1
2945,1452_1452_1451,1
2946,1452_1452,1
2947,1452_1451,3
2948,1452,2
2949,1451,1
2950,145,3
2951,1447_1446,2
2952,1447,3
2953,1446_1446,1
2954,1445_1444,5
2955,1445,3
2956,1443_1442,5
2957,1441_1441_1440,1
2958,1441_1440,3
2959,1441,1
2960,1440_1441_1439_1441_1439_1441_1440_1439,1
2961,1440_1441,1
2962,1440_1440_1439,1
2963,1440,1
2964,144,1
2965,1438_1437,2
2966,1438,2
2967,1437_1438_1435_1436_1437_1438_1438_1437,1
2968,1437_1437_1436_1435,1
2969,1437_1436,3
2970,1436_1436_1435,1
2971,1436_1435,3
2972,1436,1
2973,1434_1434_1433_1432,1
2974,1434_1433,1
2975,1434,2
2976,1432_1434_1434_1432_1433,1
2977,1432_1431,1
2978,1431_1433_1433_1431_1431_1433_1432,1
2979,1431_1431_1432_1433_1434_1432,1
2980,1431,3
2981,1430_1429_1429_1428,1
2982,1430_1429,4
2983,1430_1428_1430_1429,1
2984,1430,1
2985,1429_1428,1
2986,1428,1
2987,1427,1
2988,1426_1425,2
2989,1426,3
2990,1425_1424,1
2991,1424_1423,1
2992,1423,3
2993,1422_1421,2
2994,1422,1
2995,1420_1420_1419,1
2996,1420_1419,1
2997,1420,2
2998,142,1
2999,141_140,1
3000,1418_1418_1418_1417,2
3001,1418_1417,1
3002,1418,2
3003,1417_1418,2
3004,1417,2
3005,1416_1415,3
3006,1415,1
3007,1414_1413,1
3008,1413_1414_1413_1414_1414_1413_1412_1413_1414_1416_1415_1416_1416_1413,1
3009,1413,1
3010,1412_1413_1413_1413_1414_1416_1415,1
3011,1412_1413_1412_1411,1
3012,1412_1412_1411,1
3013,1412_1411,2
3014,1412,2
3015,1411_1411_1411_1412,1
3016,1411_1411,1
3017,1410,3
3018,141,5
3019,140_141,1
3020,140_140_140_140_140_140_140_140_140_141_140,1
3021,1409_1408,1
3022,1409,1
3023,1408_1410_1410_1409,1
3024,1408_1408_1408_1409_1408,1
3025,1408_1408_1408_1409,1
3026,1407,2
3027,1405_1404,1
3028,1405,1
3029,1404_1403,3
3030,1404,1
3031,1403_1403_1403,1
3032,1403_1402,4
3033,1403,2
3034,1402_1403,1
3035,1402,5
3036,1400_1401,2
3037,13_14_14_14_13_13_13_14_14_14_14_13_13_13_12,1
3038,139_138_137,2
3039,1399_1399_1398_1397,1
3040,1399_1399_1398,1
3041,1399,1
3042,1398_1399,2
3043,1398_1398_1398_1397_1397_1395_1396,1
3044,1398_1396_1398_1397,1
3045,1398_1396_1397,1
3046,1398,1
3047,1397_1398_1399,1
3048,1397,1
3049,1396_1395,1
3050,1396_1394_1395,1
3051,1396,2
3052,1395_1396,1
3053,1395_1394,4
3054,1395,2
3055,1393_1392,2
3056,1393,5
3057,1392_1391,1
3058,1392,3
3059,1391,1
3060,139,2
3061,138_139,1
3062,1389_1388,3
3063,1389,1
3064,1387_1386,2
3065,1387,1
3066,1385_1385_1384,1
3067,1385_1384,2
3068,1385,3
3069,1384_1385,4
3070,1384,3
3071,1383,6
3072,1381_1381_1381_1381_1380,1
3073,1381_1380,2
3074,137_136,1
3075,1379_1379_1378,2
3076,1379_1378,2
3077,1379,1
3078,1378_1378_1379_1378,1
3079,1377_1376,5
3080,1377,2
3081,1376,1
3082,1374_1373,2
3083,1374_1372_1374_1373,1
3084,1374,2
3085,1372_1371_1370,1
3086,1372_1370_1371,1
3087,1372,2
3088,1371_1370,1
3089,1371,4
3090,1370,2
3091,1369_1369_1368,1
3092,1369_1368_1367_1367_1368,1
3093,1369,3
3094,1368_1368_1367,1
3095,1368_1367,2
3096,1368,1
3097,1367_1367_1368_1369,1
3098,1366_1365,1
3099,1366_1364_1364_1366_1365,1
3100,1366,1
3101,1365_1364,2
3102,1365,1
3103,1364_1365,1
3104,1364,1
3105,1363_1362_1361,1
3106,1363_1362,1
3107,1363,2
3108,1362_1361,2
3109,1362,1
3110,1361_1360_1359,1
3111,1361,1
3112,1360_1360_1360_1359,1
3113,1360_1359,5
3114,1360,1
3115,1356,1
3116,1355_1356,1
3117,1354_1353,1
3118,1354_1352_1354_1353,1
3119,1354,1
3120,1352,3
3121,1350_1350_1349,1
3122,1350_1349,3
3123,1350,3
3124,135,4
3125,1347_1346,3
3126,1347,2
3127,1346_1347,2
3128,1346_1345_1344,1
3129,1346_1345,2
3130,1345_1346,2
3131,1345_1344,1
3132,1345,1
3133,1344_1345_1344_1343,1
3134,1344_1343,2
3135,1342_1341,3
3136,1342,2
3137,1340,2
3138,133_132,2
3139,1339_1339_1339_1337_1338,1
3140,1339_1338_1337,1
3141,1339_1338,2
3142,1339,1
3143,1338_1337,2
3144,1338,3
3145,1336_1335,2
3146,1336,1
3147,1335_1336,1
3148,1335_1335_1335_1335_1335_1335_1336,1
3149,1334_1333,2
3150,1334,1
3151,1333_1334,1
3152,1332_1332_1331,1
3153,1332_1331,1
3154,1330,2
3155,133,1
3156,1329_1328,1
3157,1329,2
3158,1328,1
3159,1327_1326,1
3160,1327,3
3161,1326_1326_1326_1326_1325,1
3162,1326_1326_1326_1326,1
3163,1326_1325,1
3164,1326,2
3165,1325,1
3166,1324,3
3167,1323_1322,1
3168,1323,3
3169,1322_1321,1
3170,1321_1321_1321_1321_1321_1321_1323_1321,1
3171,1321_1320,3
3172,1321,1
3173,1320,2
3174,1319,1
3175,1317_1316,2
3176,1317,1
3177,1316_1315_1314,1
3178,1316_1315,1
3179,1316,1
3180,1315_1316,1
3181,1315_1314,2
3182,1315,3
3183,1314_1314_1315,1
3184,1314_1314_1314_1315_1314_1313,1
3185,1314_1314_1313,1
3186,1314_1313,3
3187,1314,1
3188,1313_1313_1312,1
3189,1313_1312,2
3190,1313,1
3191,1312_1311,5
3192,1311,1
3193,1310_1309,3
3194,1310,2
3195,1309_1310,1
3196,1309_1309_1309_1309,1
3197,1309_1308,3
3198,1309,4
3199,1308,2
3200,1306_1305,1
3201,1305,2
3202,1304_1305,1
3203,1304,1
3204,1303_1302,1
3205,1300_1300_1300_1299,1
3206,1300_1299,3
3207,1300,5
3208,1297,1
3209,1296_1295,2
3210,1296,4
3211,1295_1296,1
3212,1295,3
3213,1294_1293,1
3214,1294,3
3215,1293_1293_1293_1294_1293_1293_1293_1293_1293_1293_1293_1293_1293_1293_1293_1293_1293_1292_1293_1294_1294_1293,1
3216,1293_1292,1
3217,1291,5
3218,1290_1289,4
3219,1290,1
3220,129,1
3221,1289_1289_1288,1
3222,1289_1288,1
3223,1289,1
3224,1288,1
3225,1287_1285_1287_1286,1
3226,1287_1285_1286,1
3227,1286_1285,1
3228,1286,1
3229,1285,1
3230,1284_1283,1
3231,1283_1282,1
3232,1283_1281,1
3233,1281_1280,1
3234,1281,3
3235,127_127_125_124_125_126,1
3236,127_126,2
3237,1279_1278,3
3238,1279,1
3239,1278,1
3240,1277_1276,2
3241,1277,2
3242,1276_1277,2
3243,1276_1276_1275,1
3244,1276_1275,3
3245,1276,1
3246,1275,1
3247,1272_1272_1271,1
3248,1272_1271_1270,1
3249,1272_1271,1
3250,1271,2
3251,1270_1269_1268_1267,1
3252,1270_1269,3
3253,1270,2
3254,127,1
3255,126_125,2
3256,1269,2
3257,1268,5
3258,1266_1266_1265_1264,1
3259,1266,5
3260,1265_1264,1
3261,1265,2
3262,1264_1263_1262,1
3263,1264,2
3264,1263_1263_1262,1
3265,1263_1262,3
3266,1263,1
3267,1262,1
3268,1261_1260,4
3269,1261,2
3270,1260,1
3271,125_125_126,1
3272,1257_1256,1
3273,1257,2
3274,1255_1254,1
3275,1255,3
3276,1254_1255,1
3277,1254_1254_1255_1254,2
3278,1254,3
3279,1253_1253_1253_1253_1253,1
3280,125,1
3281,124_123,2
3282,1246,1
3283,1245_1246,1
3284,124,3
3285,123_124,1
3286,123_121_122,1
3287,123,1
3288,1226,1
3289,1225_1227_1227_1225_1225_1226,1
3290,1225,1
3291,1224,2
3292,1223_1223_1224,3
3293,1223_1223_1223_1224,1
3294,1222,2
3295,1221_1220,1
3296,1221_1219_1219_1220,1
3297,1221_1219_1219_1219_1219_1219_1219_1219_1219_1219_1219_1220_1221_1220_1220,1
3298,1221,1
3299,121_120,1
3300,121_119_120,1
3301,121_119,1
3302,1219,1
3303,1218_1217,4
3304,1218,4
3305,1217_1218,1
3306,1217_1217_1218_1217,1
3307,1215,3
3308,1214_1214_1215_1214_1212_1211_1212_1214_1214_1214_1212_1214_1214_1214_1213_1214_1215,1
3309,1214_1214_1214_1214_1213,1
3310,1214_1214_1213,1
3311,1214_1214_1211_1212_1212_1213,1
3312,1214,1
3313,1212,4
3314,1211_1212,1
3315,1211,2
3316,1210_1209,1
3317,1209_1209_1209,1
3318,1209_1209_1208,1
3319,1209_1208_1207,1
3320,1209_1208,6
3321,1209,2
3322,1208_1209_1208_1207,1
3323,1206_1207,1
3324,1206_1206_1206_1207,1
3325,1205_1205_1201_1201_1205_1204_1202_1202_1205_1204_1201_1202_1202_1205_1205_1202_1205_1205_1205_1204_1205_1201_1201_1204_1204_1205_1205_1204_1201_1201_1201_1204,1
3326,120,5
3327,1199_1198,3
3328,1197_1196_1196_1196_1196_1196_1196_1196_1196_1195_1198_1198_1196_1197_1196,1
3329,1197,1
3330,1195_1195_1195_1196,1
3331,1194,3
3332,1193_1193,1
3333,1192_1192_1192_1192_1193,1
3334,1191_1191_1191_1191_1191_1191_1189_1191_1191_1191_1191_1191_1191_1191_1191_1191_1191_1191_1191_1189_1191_1191_1189_1191_1191_1191_1189_1191_1189_1191,1
3335,118_118_118_118_118_118_118_118_118_118_118,1
3336,118_118_118_117,1
3337,118_117,4
3338,1188_1185_1185_1188_1188_1185_1185_1185_1188_1188_1185_1188_1188_1185_1188_1188_1186_1186_1185_1186_1185_1186_1188_1186_1188_1188_1188_1186_1185_1185_1185,1
3339,1188,1
3340,1183_1184_1184_1184_1184_1184_1184_1184_1184_1184_1184_1184_1184_1184_1184_1183_1182,1
3341,1182_1182_1182_1182_1181,1
3342,1182_1182_1181,1
3343,1182_1181,3
3344,1182,1
3345,1181,1
3346,1180_1179,4
3347,1180,3
3348,1179_1178,5
3349,1179,1
3350,1178_1177,1
3351,1178,2
3352,1177,6
3353,1176_1176_1176_1174_1176_1176_1174_1174_1173_1176,1
3354,1176_1173_1173_1173_1175_1174_1176,1
3355,1176,2
3356,1175,3
3357,1174_1173,2
3358,1173_1173_1173_1173_1174,1
3359,1173,1
3360,1172_1172_1172_1172_1172_1172_1172,1
3361,1172_1172_1171,2
3362,1171,1
3363,116_115,1
3364,1169_1172_1171_1172_1168_1169_1170,1
3365,1168_1169_1168_1168_1168_1168_1168_1167_1167_1168_1168_1168_1170_1168_1168_1171_1171_1168,1
3366,1167,1
3367,1166,2
3368,1165_1164,2
3369,1164_1163_1161_1161_1162,1
3370,1164,1
3371,1163_1162,1
3372,1163,3
3373,1162_1162_1164_1163,1
3374,1162_1161,1
3375,1161_1162,1
3376,1160_1159_1158,2
3377,1160,1
3378,116,1
3379,1159_1160,1
3380,1159_1159_1157_1158_1157_1158_1160_1159_1160_1158,1
3381,1159_1157_1159_1157_1159_1160,1
3382,1159,2
3383,1158,2
3384,1157_1156,4
3385,1157,3
3386,1156_1156_1157_1156,1
3387,1156,1
3388,1155,1
3389,1154_1154_1154_1154_1154_1154_1154_1154_1154_1155_1154_1154,1
3390,1154_1154_1154,1
3391,1153_1153_1153_1151_1151_1150_1151_1153_1152_1151_1153_1153_1153_1150_1152_1151_1153,1
3392,1151_1151_1153,1
3393,1150_1150_1150_1150_1150_1148_1148_1150_1150_1149,1
3394,1150_1150_1149,1
3395,1150_1149_1148,1
3396,1150_1148_1148_1149_1150_1149,1
3397,114_114_114_116_116_114_116_115,1
3398,1149_1148,1
3399,1149,1
3400,1148,3
3401,1147_1146,1
3402,1147,2
3403,1146_1147,1
3404,1146_1146_1145_1145_1146_1147,1
3405,1146,3
3406,1145,1
3407,1144_1143,1
3408,1144,2
3409,1143_1141_1142,1
3410,1142_1142_1142_1142_1144_1144_1140_1140_1140_1140_1141_1142_1142,1
3411,1142,1
3412,1141,3
3413,1140_1141,2
3414,1139_1138,1
3415,1139_1137_1138_1137,1
3416,1139,1
3417,1138_1137,1
3418,1136_1136_1136_1136_1136_1136_1136_1136_1136_1135_1134,1
3419,1136_1136_1136_1136_1136_1136_1136_1134_1134_1134_1136,1
3420,1136_1136_1135,1
3421,1136,1
3422,1134,5
3423,1131,2
3424,1130,2
3425,1129_1128,1
3426,1129,3
3427,1128_1127,4
3428,1124_1124_1124_1124_1124_1124_1124_1124_1123_1124_1124_1124_1124_1124_1124_1123,1
3429,1124,1
3430,1122_1122_1122_1122,1
3431,1122_1122_1121,3
3432,1122_1121,2
3433,1122,2
3434,1121,1
3435,1120_1120_1120_1120_1120_1120_1120_1120_1120_1119,1
3436,1120_1119,1
3437,1120,2
3438,112,2
3439,1119_1119_1119_1120,1
3440,1119_1119_1118,1
3441,1118_1118_1117,1
3442,1118_1117,1
3443,1118,3
3444,1115,4
3445,1114_1115,1
3446,1114_1114_1114,1
3447,1112_1112_1112,1
3448,1112_1111_1113_1112_1111,1
3449,1111_1113_1113_1113_1111_1112,1
3450,1111_1111_1112_1111_1111_1110,1
3451,1110,2
3452,110_109,1
3453,1109_1109_1109_1108,1
3454,1109_1109_1108,1
3455,1109_1108,2
3456,1109_1107_1108,1
3457,1108_1107,1
3458,1107_1108,1
3459,1106_1105,2
3460,1104_1104_1104_1104_1104_1104_1104_1103_1104,1
3461,1104_1103,1
3462,1104,1
3463,1102_1101,1
3464,1100_1099,1
3465,1100,1
3466,11,1
3467,109_110,1
3468,109_108_107,1
3469,1098_1097,1
3470,1098,2
3471,1097_1098,1
3472,1096,4
3473,1095_1096,2
3474,1094_1093,1
3475,1094,1
3476,1090_1089,1
3477,1090,2
3478,108_109_108_107,1
3479,108_109,1
3480,1088_1087,3
3481,1088,2
3482,1086_1086_1085,1
3483,1086_1085,1
3484,1086,2
3485,1084_1084_1083,2
3486,1084_1083,3
3487,1084,1
3488,1083,1
3489,108,1
3490,1079,3
3491,1078_1077,2
3492,1077_1076,1
3493,1075_1075_1074,1
3494,1075_1074,3
3495,1075,1
3496,1074_1074_1075,1
3497,1073_1072,3
3498,1073,6
3499,1072_1073,1
3500,1071,2
3501,106_105,1
3502,1065_1064,1
3503,1063_1062,1
3504,1063,3
3505,1061_1060,1
3506,1061,1
3507,106,4
3508,105_106,2
3509,105_105_105_105_105_105_105_105,1
3510,105_104,1
3511,1055,1
3512,1054,1
3513,1052_1052_1052_1052_1052_1052_1053,1
3514,1051_1050_1049,1
3515,1050_1050_1049,1
3516,1050_1049,2
3517,1050,2
3518,1048_1047,1
3519,1046_1046,1
3520,1046_1045,1
3521,1046,4
3522,1045,1
3523,1044_1043,1
3524,1044,1
3525,1042,1
3526,1041_1040,3
3527,1041,1
3528,104,1
3529,103_103_103_105_105_105_105_104,1
3530,103_103_103_104,1
3531,103_102,1
3532,1039_1038,2
3533,1039,3
3534,1037,1
3535,1036_1035,3
3536,1036,1
3537,1035_1036,1
3538,1034_1033,3
3539,1034,2
3540,1033,1
3541,1032_1031,1
3542,1031_1031_1030_1029,1
3543,1031,1
3544,1030,2
3545,103,1
3546,102_102_101,2
3547,102_101,1
3548,1029_1028,1
3549,1029_1027_1029_1029_1027_1028,1
3550,1028_1027,1
3551,1028,1
3552,1026_1025,1
3553,1026,1
3554,1021_1021_1021_1021_1021_1020,1
3555,1021_1021_1021_1021_1019_1021_1021,1
3556,1021_1021_1020_1019,1
3557,1020_1019,1
3558,102,2
3559,101_102_103_104,1
3560,1019,1
3561,1014_1014_1014_1014_1013_1014_1015,1
3562,1014,1
3563,1013_1013_1014,1
3564,1013_1012,2
3565,1012,1
3566,1011_1011_1011_1011_1011_1011_1011_1011_1011,1
3567,1011_1011_1011_1010_1011_1011_1011_1011_1011_1010_1009,1
3568,1011_1011_1011_1010,1
3569,1011_1011_1010,1
3570,1011_1010,1
3571,1010,1
3572,1009,1
3573,1008,1
3574,1007_1006_1005,1
3575,1007_1006,3
3576,1007,1
3577,1006_1006_1007,1
3578,1006_1005,1
3579,1006,1
3580,1005_1004,1
3581,1005,4
3582,1004_1002_1003,1
3583,1003_1002,3
3584,1003,2
3585,1002_1001,1
3586,1002,1
3587,1001_1002,1
3588,1001,1
3589,1000_999,2
3590,1000,2
3591,10,1
3592,,271
