,F,P
0,7.958692385189404,-7.313220387090301
1,7.612826921730179,-6.620073206530356
2,7.523099366521938,-6.214608098422191
3,7.148539014447123,-5.926926025970411
4,6.6866695775469855,-5.703782474656201
5,6.6540733953438975,-5.521460917862246
6,6.336689798758105,-5.367310238034988
7,6.275678957531395,-5.233778845410465
8,6.198921813543386,-5.115995809754082
9,6.016741017611491,-5.0106352940962555
10,5.9271780022654355,-4.915325114291931
11,5.859268554507379,-4.8283137373023015
12,5.666547417118027,-4.748271029628765
13,5.385623720506962,-4.674163057475043
14,5.231720205117219,-4.605170185988091
15,5.216251034108017,-4.54063166485052
16,5.170798399489881,-4.480007043034085
17,5.1110607336574665,-4.422848629194137
18,5.107048490817866,-4.368781407923861
19,5.106672033166337,-4.31748811353631
20,5.033747655840717,-4.268697949366879
21,5.02879936018537,-4.222177933731985
22,4.954733702361936,-4.177726171161152
23,4.922856739049446,-4.135166556742356
24,4.90135271721118,-4.0943445622221
25,4.8913629293897944,-4.05512384906882
26,4.890865649520657,-4.017383521085972
27,4.867584783592772,-3.9810158769150976
28,4.799598072069976,-3.9459245571038273
29,4.794928069018166,-3.912023005428146
30,4.740132220614411,-3.879233182605155
31,4.689829098076762,-3.847484484290575
32,4.674121492983816,-3.816712825623821
33,4.669241070143179,-3.78685986247414
34,4.644915127075655,-3.757872325600888
35,4.6007165593944706,-3.7297014486341915
36,4.598732696805772,-3.702302474446077
37,4.574389464383061,-3.6756342273639158
38,4.487863351682844,-3.649658740960655
39,4.4623484993577565,-3.624340932976365
40,4.420022693124713,-3.5996483203859935
41,4.387532354809512,-3.575550768806933
42,4.38445531849858,-3.552020271396739
43,4.3731659674245895,-3.5290307531720404
44,4.348354896481423,-3.506557897319982
45,4.309846496357853,-3.4845789906012063
46,4.275370028914239,-3.463072785380243
47,4.273716560778041,-3.4420193761824103
48,4.266967091749177,-3.421400088979675
49,4.252202729498869,-3.4011973816621555
50,4.236612808587797,-3.3813947543659757
51,4.222221515399948,-3.3619766685088743
52,4.213451106613604,-3.3429284735381795
53,4.197731885416351,-3.3242363405260273
54,4.187325480506015,-3.3058872018578307
55,4.131953787375656,-3.287868696355152
56,4.11699473698334,-3.270169119255751
57,4.0539572553584415,-3.252777376543882
58,4.041372477525767,-3.235682943184582
59,4.0039962495119585,-3.2188758248682006
60,3.98037817157901,-3.20234652291699
61,3.9727145085511224,-3.1860860020452098
62,3.937950999916513,-3.170085660698769
63,3.93205500825921,-3.1543373037306295
64,3.925589561320259,-3.138833117194664
65,3.8703399489016443,-3.123565645063876
66,3.8684481492623197,-3.1085277676993353
67,3.8531856452136415,-3.0937126819141945
68,3.852847159873949,-3.079113882493042
69,3.8489145608084403,-3.0647251450409425
70,3.833145770364944,-3.050540510048986
71,3.806954667001665,-3.036554268074246
72,3.806696781933654,-3.0227609459419105
73,3.787590698960346,-3.0091552938861317
74,3.7804036469878954,-2.995732273553991
75,3.7658627940525666,-2.9824870468039704
76,3.7503139995014765,-2.9694149652366177
77,3.7496855437370815,-2.9565115604007097
78,3.69983912882951,-2.94377253462328
79,3.6749987950760508,-2.9311937524164198
80,3.656131208946212,-2.9187712324178627
81,3.6523516775667644,-2.906501139826048
82,3.624535036095889,-2.8943797792937036
83,3.618936265477604,-2.8824035882469876
84,3.609066360662704,-2.870569130599985
85,3.5916078287887183,-2.8588730908367936
86,3.5661681761994473,-2.8473122684357177
87,3.5591473038863803,-2.835883572612095
88,3.5591314082527754,-2.824584017358162
89,3.5416531142793706,-2.8134107167600364
90,3.5393015337796343,-2.8023608805734512
91,3.5388252078429963,-2.7914318100412614
92,3.532052063354098,-2.7806208939370456
93,3.512408019685113,-2.7699256048202976
94,3.5047732075290763,-2.7593434954897607
95,3.4841465023542777,-2.7488721956224653
96,3.4609238231767496,-2.7385094085869186
97,3.453856938019084,-2.7282529084197296
98,3.445184562863671,-2.7181005369557116
99,3.4358386876112355,-2.70805020110221
100,3.4067051653789626,-2.698099870249042
101,3.402359326280472,-2.6882475738060303
102,3.4020979978069654,-2.6784913988606656
103,3.397144071767186,-2.668829487948929
104,3.3805551776256024,-2.659260036932778
105,3.3714738038862495,-2.649781292978234
106,3.342370094406984,-2.640391552628395
107,3.3274181346731058,-2.631089159966082
108,3.327393227467239,-2.6218725048611575
109,3.320172692306004,-2.6127400212978853
110,3.3187025927531457,-2.6036901857779675
111,3.307638182160261,-2.594721515795207
112,3.2935078088865204,-2.585832568377961
113,3.2893524615493366,-2.577021938695806
114,3.2707909389756424,-2.5682882587270512
115,3.26462137181024,-2.559630195983937
116,3.260327089455463,-2.551046452292545
117,3.256085511345016,-2.5425357626246368
118,3.255318618325728,-2.534096893978772
119,3.25043708553852,-2.5257286443082556
120,3.2278777902552895,-2.5174298414935605
121,3.224847428630857,-2.509199342357045
122,3.212519209748023,-2.501036031717884
123,3.1940225984947364,-2.4929388214852644
124,3.1918945808840755,-2.4849066497880004
125,3.1874964489065456,-2.4769384801388235
126,3.181587953904013,-2.4690333006317102
127,3.1597421734811095,-2.461190123170684
128,3.1596471257773273,-2.4534079827286295
129,3.153500704036585,-2.445685936634719
130,3.1456288435130446,-2.43802306388915
131,3.1442808377165257,-2.430418464503931
132,3.1197541582238624,-2.4228712588685477
133,3.1034739552676665,-2.41538058713939
134,3.1031492408561627,-2.4079456086518722
135,3.1019346282769638,-2.4005655013542495
136,3.1006257761253835,-2.3932394612621763
137,3.0950997319017666,-2.385966701933097
138,3.0826310607377865,-2.37874645395961
139,3.07878244843547,-2.371577964480997
140,3.0713788839415432,-2.364460496712133
141,3.065010147607683,-2.3573933294890406
142,3.063733881743573,-2.350375756830394
143,3.0626516604734855,-2.3434070875143007
144,3.0589980753377923,-2.336486644669727
145,3.0533912022969387,-2.329613765381965
146,3.048983195643864,-2.322787800311565
147,3.0319373173029343,-2.3160081133261863
148,3.0193442009491434,-2.3092740811448422
149,3.0190604621878556,-2.3025850929940455
150,3.016191379107604,-2.295940550275377
151,3.0114416241525395,-2.289339866244025
152,3.0092688923151907,-2.282782465697866
153,3.0060548770264415,-2.2762677846766723
154,2.997035009173343,-2.2697952701710546
155,2.9934033060154563,-2.2633643798407643
156,2.988096948453888,-2.2569745817419933
157,2.9873777773895656,-2.2506253540633345
158,2.9872787027363312,-2.24431618487007
159,2.9795634868676553,-2.2380465718564744
160,2.9790801425039577,-2.2318160221058383
161,2.978198494993511,-2.2256240518579173
162,2.9735623263625217,-2.219470186283539
163,2.950100040163057,-2.213353959266103
164,2.938696829788088,-2.2072749131897207
165,2.9364540348619155,-2.201232598733758
166,2.9324261107328553,-2.1952265746735464
167,2.9317061027316957,-2.1892564076870427
168,2.9145388783155606,-2.183321672167228
169,2.9036556261107758,-2.17742195004004
170,2.899116502553459,-2.1715568305876416
171,2.8893785432056007,-2.1657259102768482
172,2.8848973134784774,-2.1599287925925226
173,2.865288498082076,-2.1541650878757723
174,2.8559973218348484,-2.1484344131667874
175,2.8546364034643936,-2.1427363920521496
176,2.853902538204234,-2.137070654516472
177,2.853794055546693,-2.1314368367982164
178,2.8422006134529276,-2.1258345812495465
179,2.835213751495424,-2.120263536200091
180,2.8285759753646245,-2.114723355824476
181,2.8284898179067235,-2.1092137000135063
182,2.8253237971344656,-2.1037342342488805
183,2.8233356271850654,-2.098284629481316
184,2.815649411998513,-2.0928645620119766
185,2.8136931924782975,-2.0874737133771
186,2.808713850090947,-2.082111770235715
187,2.802424660994565,-2.076778424260352
188,2.796752753685446,-2.071473372030659
189,2.7816158707039405,-2.0661963149298153
190,2.7794790436124117,-2.0609469590436715
191,2.7745163339673136,-2.05572501506252
192,2.771041018762669,-2.050530198185416
193,2.7674440360966015,-2.045362228026973
194,2.75128354473355,-2.0402208285265546
195,2.737760501554816,-2.035105727859784
196,2.737425545769283,-2.030016658352313
197,2.737027156750852,-2.0249533563957662
198,2.732279914690577,-2.019915562365809
199,2.7321583877148616,-2.0149030205422647
200,2.732025006630083,-2.0099154790312257
201,2.727791328580982,-2.004952689689097
202,2.7271524456068357,-2.0000144080485143
203,2.718942328297681,-1.995100393246085
204,2.712818036857404,-1.9902104079518934
205,2.7103443908521494,-1.9853442183007204
206,2.7062838207482907,-1.9805015938249322
207,2.7059142553428708,-1.9756823073889835
208,2.703022347038785,-1.9708861351254905
209,2.700809622330152,-1.9661128563728327
210,2.699505925424968,-1.961362253614235
211,2.694533307815123,-1.9566341124182889
212,2.68934474835021,-1.9519282213808764
213,2.6815461786951267,-1.94724437206845
214,2.675299658437132,-1.9425823589626385
215,2.6734135475319776,-1.9379419794061366
216,2.6711200258293886,-1.933323033549842
217,2.6657085363297326,-1.9287253243012124
218,2.6563598841671796,-1.9241486572738007
219,2.6552324997086485,-1.91959284073794
220,2.6528015977463384,-1.9150576855725485
221,2.6514422645354063,-1.9105430052180221
222,2.65111851593741,-1.9060486156301826
223,2.6428766456932298,-1.9015743352352614
224,2.6420408742198225,-1.8971199848858813
225,2.6348238371559747,-1.8926853878180154
226,2.6301332329584937,-1.888270369608899
227,2.6277266584437085,-1.8838747581358606
228,2.615694729346826,-1.8794983835360617
229,2.6126237694902326,-1.875141078167106
230,2.6051008223050527,-1.870802676568508
231,2.603113821808815,-1.8664830154239915
232,2.60264443473825,-1.862181933524601
233,2.5990894724645823,-1.8578992717326
234,2.585809009917373,-1.8536348729461425
235,2.5841729000082214,-1.8493885820646914
236,2.582074919006554,-1.8451602459551701
237,2.574179613853773,-1.8409497134188266
238,2.5654712697940885,-1.8367568351587908
239,2.560543939028695,-1.8325814637483102
240,2.555297952344142,-1.8284234535996464
241,2.5466733753994792,-1.8242826609336151
242,2.53906938007185,-1.820158943749753
243,2.533118524641234,-1.8160521617970997
244,2.531460944692123,-1.8119621765455745
245,2.526284664529282,-1.8078888511579385
246,2.525720797934439,-1.8038320504623242
247,2.5198629328899043,-1.7997916409253192
248,2.517662958570299,-1.7957674906255938
249,2.5153285166184296,-1.791759469228055
250,2.5150362707542055,-1.7877674479585175
251,2.510581405061729,-1.783791299578878
252,2.508610568931969,-1.7798308983627813
253,2.5066688842265163,-1.7758861200717648
254,2.497153733971758,-1.7719568419318752
255,2.4970083552141196,-1.768042942610739
256,2.494733580475339,-1.7641443021950816
257,2.4917945558141104,-1.760260802168684
258,2.488293084392131,-1.7563923253907636
259,2.487525436539677,-1.7525387560747736
260,2.482970639706368,-1.7486999797676082
261,2.4714212480288613,-1.7448758833292046
262,2.4710227276369765,-1.741066354912537
263,2.4700887743454265,-1.7372712839439852
264,2.4682597327847877,-1.7334905611040792
265,2.462182404979512,-1.7297240783086023
266,2.4618073860218908,-1.725971728690052
267,2.4609652228498917,-1.7222334065794447
268,2.4593239551687778,-1.7185090074884624
269,2.4574287120797824,-1.7147984280919266
270,2.4536492391769307,-1.7111015662106006
271,2.452793335582928,-1.7074183207943041
272,2.4373098043519286,-1.7037485919053417
273,2.436022393751646,-1.7000922807022312
274,2.42274777268498,-1.6964492894237302
275,2.419475767141546,-1.6928195213731514
276,2.419420947533269,-1.6892028809029629
277,2.415814973236071,-1.6855992733996645
278,2.4150759917155358,-1.6820086052689358
279,2.415012618904875,-1.6784307839210517
280,2.4142937091916785,-1.6748657177565558
281,2.4129277337973405,-1.6713133161521878
282,2.4063043402840236,-1.6677734894470637
283,2.403587972860508,-1.6642461489290954
284,2.402847255429947,-1.6607312068216509
285,2.4015984557915737,-1.6572285762704488
286,2.396825485035732,-1.6537381713306805
287,2.3921271861027837,-1.6502599069543555
288,2.388630455015467,-1.646793698977869
289,2.3872761266990277,-1.6433394641097818
290,2.385512020461058,-1.6398971199188088
291,2.384959328602683,-1.6364665848220197
292,2.3837071508168135,-1.6330477780732342
293,2.37846457958935,-1.6296406197516198
294,2.3777246964533325,-1.6262450307504817
295,2.3762488027143274,-1.622860932766241
296,2.3683777649519797,-1.6194882482876019
297,2.365497251084686,-1.616126900584897
298,2.3620412353463576,-1.612776813699615
299,2.3602564270348365,-1.6094379124341003
300,2.3601731770764847,-1.6061101223414258
301,2.358922177362766,-1.6027933697154317
302,2.3587169324329644,-1.5994875815809322
303,2.3584899869429847,-1.5961926856840798
304,2.3580582911139065,-1.5929086104828898
305,2.357917249950994,-1.5896352851379207
306,2.357083008981678,-1.5863726395031044
307,2.3405594409832977,-1.583120604116727
308,2.3403661959173614,-1.579879110192556
309,2.337383392741204,-1.5766480896111095
310,2.3270629171365327,-1.5734274749110673
311,2.3257147327249084,-1.5702171992808192
312,2.323344024878817,-1.5670171965501483
313,2.321788291411814,-1.563827401182048
314,2.3200642481683893,-1.5606477482646683
315,2.318540606384124,-1.5574781735033894
316,2.317126363773685,-1.5543186132130207
317,2.3170522307250834,-1.5511690043101247
318,2.312445844534686,-1.5480292843054568
319,2.306110942052493,-1.5448993912965292
320,2.3007385296219085,-1.5417792639602856
321,2.298574346307081,-1.5386688415458931
322,2.2927766102865075,-1.535568063867645
323,2.2893539478561906,-1.5324768712979722
324,2.2782117620294837,-1.529395204760564
325,2.2768235505153642,-1.526323005723594
326,2.275314082513419,-1.523260216193048
327,2.274140191556273,-1.5202067787061577
328,2.2739356813566265,-1.5171626363249295
329,2.2735094577555697,-1.5141277326297755
330,2.2722151923588347,-1.5111020117132385
331,2.2690526844538694,-1.508085418173813
332,2.2678808542094173,-1.5050778971098575
333,2.261907775623311,-1.502079394113601
334,2.2599194211870803,-1.499089855265235
335,2.2596743630913316,-1.4961092271270973
336,2.2582690538589416,-1.4931374567379398
337,2.25386602637405,-1.4901744916072828
338,2.253538557136215,-1.487220279709851
339,2.244845325601494,-1.4842747694800944
340,2.2438173420756193,-1.4813379098067847
341,2.2411533470155067,-1.4784096500276962
342,2.236919542711853,-1.4754899399243615
343,2.236155912597435,-1.472578729716903
344,2.227263844071598,-1.4696759700589417
345,2.2272623139589673,-1.4667816120325772
346,2.2271044708234036,-1.4638956071434421
347,2.2210436623001852,-1.4610179073158271
348,2.2181210587385043,-1.4581484648878742
349,2.2139131793354103,-1.455287232606842
350,2.2019296954336123,-1.4524341636244356
351,2.192379113309746,-1.4495892114922044
352,2.1863526905334396,-1.4467523301570047
353,2.1835447799690497,-1.443923473956527
354,2.1835392578480937,-1.4411025976148857
355,2.1796252803916305,-1.438289656238271
356,2.177892502694277,-1.4354846053106625
357,2.1769278319315726,-1.432687400689601
358,2.1655009784000194,-1.4298979986020226
359,2.1623464462320054,-1.4271163556401458
360,2.161110858331656,-1.4243424287574205
361,2.160457552526565,-1.4215761752645304
362,2.148087676065433,-1.4188175528254507
363,2.140102423314362,-1.4160665194535607
364,2.1380318704058983,-1.41332303350781
365,2.1327522231298635,-1.410587053688935
366,2.1286510152521654,-1.4078585390357312
367,2.127013557273836,-1.4051374489213706
368,2.1251689184236002,-1.4024237430497744
369,2.1150468555761446,-1.3997173814520312
370,2.1133503728041996,-1.3970183244828664
371,2.1101301399505252,-1.3943265328171548
372,2.109482865298921,-1.391641967446486
373,2.107966228323479,-1.3889645896757696
374,2.107148255666036,-1.3862943611198906
375,2.1066306048388075,-1.383631243700407
376,2.100281518968223,-1.3809751996422905
377,2.096041264611894,-1.3783261914707137
378,2.093620608495133,-1.3756841820078751
379,2.0874171830627404,-1.3730491343698699
380,2.086363659375599,-1.3704210119636004
381,2.084387016495134,-1.3677997784837264
382,2.077582938543721,-1.3651853979096553
383,2.0745751953416303,-1.3625778345025745
384,2.0724945278083173,-1.3599770528025172
385,2.066660960944926,-1.3573830176254704
386,2.0634970208354466,-1.3547956940605197
387,2.0615681428729262,-1.352215047467028
388,2.0614773580007943,-1.349641043471855
389,2.058384199405803,-1.3470736479666092
390,2.056670071026376,-1.3445128271049358
391,2.0561804584299073,-1.341958547299839
392,2.0559254464381973,-1.3394107752210402
393,2.054909046707279,-1.3368694777923678
394,2.054656680858164,-1.3343346221891796
395,2.052724118676015,-1.3318061758358208
396,2.050566726090794,-1.3292841064031111
397,2.0500770743516017,-1.3267683818058638
398,2.0479286610786076,-1.324258970200438
399,2.040528098271085,-1.3217558399823195
400,2.039667072513457,-1.3192589597837323
401,2.033207193323333,-1.3167682984712803
402,2.032621315550379,-1.3142838251436184
403,2.025846376613007,-1.3118055091291514
404,2.024109025418457,-1.3093333199837622
405,2.023641436350016,-1.3068672274885689
406,2.021849377410653,-1.3044072016477064
407,2.018523316206994,-1.3019532126861397
408,2.016117373857421,-1.2995052310474997
409,2.0141729301612794,-1.297063227391948
410,2.003172271997298,-1.2946271725940668
411,2.0008797128534512,-1.292197037740775
412,1.9969230380476437,-1.2897727941292687
413,1.9944490413518416,-1.287354413264987
414,1.993135982701552,-1.284941866859603
415,1.9882362001564102,-1.2825351268290381
416,1.9876321058325217,-1.2801341652915
417,1.9871974415809277,-1.277738954565545
418,1.986514483211196,-1.2753494671681638
419,1.9863637387341881,-1.2729656758128873
420,1.986337610370881,-1.27058755340792
421,1.976964824168537,-1.2682150730542896
422,1.9740451465767619,-1.2658482080440236
423,1.9721165120959832,-1.2634869318583437
424,1.9671168585111305,-1.2611312181658847
425,1.9640441924176801,-1.258781040820931
426,1.9603286145968004,-1.2564363738616768
427,1.9577807252615533,-1.2540971915085046
428,1.9570795381345603,-1.2517634681622845
429,1.9544786348104917,-1.2494351784026934
430,1.9534553705516355,-1.2471122969865536
431,1.9499525371266881,-1.2447947988461912
432,1.9465293228501912,-1.2424826590878115
433,1.9428538704317169,-1.2401758529898965
434,1.941452625818002,-1.2378743560016174
435,1.940438494621091,-1.235578143741267
436,1.9378042944247742,-1.2332871919947113
437,1.9355894464291195,-1.2310014767138553
438,1.9335577737562961,-1.22872097401513
439,1.9327151300112406,-1.2264456601779945
440,1.9305260228167855,-1.2241755116434554
441,1.9267849399961117,-1.2219105050126033
442,1.9229045673347,-1.2196506170451658
443,1.9220114738297316,-1.2173958246580767
444,1.9204582736099605,-1.215146104924061
445,1.9196569561489467,-1.2129014350702374
446,1.918175670675755,-1.2106617924767327
447,1.9134850407019062,-1.2084271546753163
448,1.9130865152588168,-1.206197499348047
449,1.9114605519561423,-1.2039728043259361
450,1.9044941375678137,-1.201753047587623
451,1.901843453086023,-1.1995382072580703
452,1.9014684367616286,-1.1973282616072674
453,1.90024539488276,-1.1951231890489535
454,1.900103529500853,-1.192922968139351
455,1.8984242957448265,-1.1907275775759154
456,1.8967635053498657,-1.1885369961960968
457,1.8922183493807365,-1.1863512029761165
458,1.8899498837137747,-1.1841701770297564
459,1.8781858507555902,-1.181993897607161
460,1.8769475691534325,-1.1798223440936528
461,1.8768115157420189,-1.1776554960085626
462,1.875406851090176,-1.1754933330040673
463,1.87511639112879,-1.1733358348640461
464,1.8685741593269263,-1.171182981502945
465,1.8667247894965244,-1.1690347529646556
466,1.8663465394674634,-1.1668911294214042
467,1.8639736302045706,-1.1647520911726548
468,1.86049442482906,-1.162617618644022
469,1.8568822178260793,-1.160487692386197
470,1.8561439422514383,-1.1583622930738837
471,1.854762916887429,-1.1562414015047462
472,1.853412916747364,-1.1541249985983684
473,1.8520702170430015,-1.152013065395225
474,1.8494452759848665,-1.1499055830556604
475,1.8471095838037368,-1.1478025328588815
476,1.8419371279340238,-1.1457038962019601
477,1.841696959416677,-1.1436096545988454
478,1.8413071216996482,-1.141519789679386
479,1.8348746340378397,-1.1394342831883648
480,1.8328969145529488,-1.1373531169845403
481,1.8298834691233898,-1.135276273039701
482,1.8289512691350776,-1.1332037334377287
483,1.8281973967823137,-1.1311354803736697
484,1.8273438911342914,-1.1290714961528183
485,1.824827286126841,-1.1270117631898076
486,1.8233292201763283,-1.1249562640077118
487,1.82275228302188,-1.1229049812371543
488,1.8224250769061878,-1.1208578976154293
489,1.8160434428280554,-1.118814995985629
490,1.8159473854842207,-1.1167762592957808
491,1.8139820502138824,-1.1147416705979933
492,1.8135833547472642,-1.1127112130476113
493,1.8133252474715722,-1.110684869902379
494,1.8126303866361855,-1.1086626245216111
495,1.81096179664993,-1.106644460365374
496,1.8092929223136573,-1.1046303609936727
497,1.8079066237719763,-1.1026203100656484
498,1.8039650093869868,-1.1006142913387829
499,1.7999369228053477,-1.0986122886681098
500,1.799732743816294,-1.0966142860054366
501,1.7982051202320137,-1.0946202673985723
502,1.7967963576390074,-1.0926302169905622
503,1.7920275703882291,-1.0906441190189327
504,1.7900501046836463,-1.0886619578149417
505,1.785816065932989,-1.086683717802836
506,1.785327309750954,-1.0847093834991182
507,1.7848597524662408,-1.0827389395118194
508,1.7804666829836726,-1.0807723705397787
509,1.78038419871574,-1.0788096613719298
510,1.7781857293033716,-1.076850796886597
511,1.7774214030282354,-1.0748957620507937
512,1.7750130778948958,-1.0729445419195318
513,1.7741487745010878,-1.0709971216351364
514,1.773224024214124,-1.0690534864265653
515,1.772980038279166,-1.0671136216087387
516,1.7717812773377823,-1.0651775125818723
517,1.7693461378071815,-1.0632451448308184
518,1.768317280461809,-1.0613165039244128
519,1.7674483036326967,-1.0593915755148284
520,1.7662439080359609,-1.0574703453369345
521,1.7659610316943888,-1.0555527992076628
522,1.765862101629147,-1.0536389230253784
523,1.7611420965307447,-1.0517287027692592
524,1.7583628700993141,-1.0498221244986778
525,1.75588794166035,-1.0479191743525915
526,1.7543431051642733,-1.0460198385489392
527,1.753315551276486,-1.04412410338404
528,1.75250411523652,-1.042231955232002
529,1.7522595949337156,-1.040343380544134
530,1.749191581721552,-1.0384583658483626
531,1.7455139986837205,-1.036576897748657
532,1.7443886086337643,-1.034698962924457
533,1.7436815505497594,-1.0328245481301066
534,1.743660875086902,-1.030953640194295
535,1.743485385637288,-1.0290862260194995
536,1.7430932952547693,-1.0272222925814367
537,1.7423991840760984,-1.025361826928517
538,1.738690486892019,-1.0235048161813043
539,1.7377980799662396,-1.0216512475319814
540,1.737414281597718,-1.0198011082438199
541,1.7324121866902011,-1.0179543856506552
542,1.7311421957787165,-1.016111067156366
543,1.7291502446150466,-1.0142711402343587
544,1.7274636613003407,-1.0124345924270572
545,1.7271534802032231,-1.0106014113453965
546,1.727034736241639,-1.0087715846683203
547,1.7249130334914964,-1.0069451001422858
548,1.724581610561775,-1.0051219455807707
549,1.7242932247630085,-1.0033021088637848
550,1.7238005260582636,-1.001485577937387
551,1.723533509937074,-0.9996723408132061
552,1.7208249063364476,-0.9978623855679667
553,1.7191190743828326,-0.9960557003430176
554,1.7190242581882595,-0.9942522733438669
555,1.7179941599706376,-0.9924520928397191
556,1.7171082230660661,-0.9906551471630174
557,1.7154940340354083,-0.9888614247089905
558,1.7145778304550972,-0.9870709139352023
559,1.7071424579701144,-0.9852836033611064
560,1.7033885188969609,-0.9834994815676051
561,1.7030258679352948,-0.9817185371966104
562,1.6988524034456607,-0.9799407589506111
563,1.6969463068591348,-0.9781661355922425
564,1.6967969782329042,-0.9763946559438605
565,1.696702084847287,-0.9746263088871184
566,1.6967004589936932,-0.9728610833625494
567,1.6954856531611666,-0.9710989683691501
568,1.6939674479528548,-0.9693399529639705
569,1.6921364586448218,-0.9675840262617056
570,1.690166766228537,-0.9658311774342913
571,1.6894520773397719,-0.9640813957105034
572,1.6892219863846012,-0.9623346703755619
573,1.6882435002048914,-0.9605909907707351
574,1.686085510447413,-0.958850346292951
575,1.6773100074214924,-0.9571127263944101
576,1.6736030962038222,-0.955378120582202
577,1.6726804953763428,-0.9536465184179239
578,1.668690398497502,-0.9519179095173061
579,1.668361134640028,-0.9501922835498364
580,1.6671721921082434,-0.9484696302383903
581,1.667129169282227,-0.9467499393588635
582,1.6644585297243975,-0.9450332007398091
583,1.6633821987154354,-0.9433194042620744
584,1.6626660615706883,-0.941608539858445
585,1.6605294939428,-0.9399005975132888
586,1.659833399618598,-0.938195567262205
587,1.6597051676338863,-0.9364934391916745
588,1.6573025830373072,-0.9347942034387148
589,1.6560552245206959,-0.9330978501905364
590,1.6548697700406336,-0.9314043696842031
591,1.6541220565683359,-0.9297137522062957
592,1.653847885123512,-0.9280259880925761
593,1.65284027552364,-0.9263410677276565
594,1.6523455599296346,-0.9246589815446716
595,1.6483698848622341,-0.9229797200249518
596,1.6467466589318445,-0.9213032736976993
597,1.643926070413051,-0.9196296331396697
598,1.6421976439527648,-0.9179587889748522
599,1.6414838683768829,-0.916290731874155
600,1.6399390237532785,-0.9146254525550939
601,1.6391882027298144,-0.9129629417814804
602,1.638986948715792,-0.9113031903631159
603,1.6379777545701488,-0.9096461891554865
604,1.637525234380148,-0.90799192905946
605,1.6360719471831897,-0.9063404010209869
606,1.6352037333606362,-0.9046915960308032
607,1.6348420101641918,-0.9030455051241345
608,1.6345434928582583,-0.9014021193804044
609,1.6313486113317706,-0.8997614299229445
610,1.6302389107135071,-0.8981234279187061
611,1.6270851207184234,-0.8964881045779755
612,1.6260350710735054,-0.89485545115409
613,1.6230282467443156,-0.893225458943159
614,1.6224860170911595,-0.8915981192837836
615,1.6217784148407437,-0.8899734235567817
616,1.6210655524790973,-0.8883513631849136
617,1.6202772407806698,-0.8867319296326107
618,1.619216844901344,-0.8851151144057053
619,1.6162666732427202,-0.8835009090511642
620,1.6160253452103792,-0.8818893051568227
621,1.6137406872576108,-0.880280294351122
622,1.6136458372178033,-0.8786738683028483
623,1.612581888273176,-0.8770700187208739
624,1.6109575112221304,-0.8754687373538999
625,1.6076836625573252,-0.8738700159902029
626,1.6063693090501707,-0.8722738464573808
627,1.5990439670811505,-0.8706802206221027
628,1.5981700090177586,-0.8690891303898609
629,1.5967963792708735,-0.8675005677047231
630,1.5930041327008828,-0.8659145245490882
631,1.5925037964328108,-0.864330992943444
632,1.5874140674532653,-0.8627499649461253
633,1.5873150838168697,-0.8611714326530755
634,1.5871603567973314,-0.8595953881976097
635,1.5854785668916784,-0.8580218237501793
636,1.5850058160358356,-0.856450731518138
637,1.5841361167953962,-0.8548821037455115
638,1.584017398769025,-0.8533159327127666
639,1.5836178395325926,-0.8517522107365838
640,1.5834855982956242,-0.8501909301696313
641,1.5825301185369902,-0.8486320834003402
642,1.5822339722414258,-0.8470756628526821
643,1.5817908704202506,-0.8455216609859478
644,1.5813837629629635,-0.843970070294529
645,1.5787768556485227,-0.8424208833076996
646,1.5746141469585297,-0.8408740925894008
647,1.5745272748886734,-0.8393296907380268
648,1.5744231367885684,-0.8377876703862115
649,1.5740567577980653,-0.8362480242006186
650,1.573780481192457,-0.8347107448817322
651,1.5729492422858222,-0.8331758251636485
652,1.5722814778569536,-0.8316432578138704
653,1.5721950282174773,-0.8301130356331028
654,1.572078233092741,-0.8285851514550495
655,1.570304252281272,-0.8270595981462123
656,1.5699339246411188,-0.8255363686056909
657,1.5675835768513986,-0.8240154557649843
658,1.5642672717214974,-0.8224968525877941
659,1.5635449167829425,-0.8209805520698302
660,1.563070564335677,-0.8194665472386152
661,1.5616415651931093,-0.8179548311532931
662,1.560478089672231,-0.816445396904439
663,1.5591575048591337,-0.8149382376138676
664,1.5589298011957187,-0.8134333464344472
665,1.558631136325766,-0.8119307165499123
666,1.5573875187066377,-0.8104303411746777
667,1.5544300679659018,-0.8089322135536556
668,1.5516770038891625,-0.807436326962073
669,1.5508122978226964,-0.8059426747052897
670,1.5487778922734048,-0.8044512501186196
671,1.5486616722053175,-0.8029620465671519
672,1.5467977695492576,-0.8014750574455737
673,1.5463438546754034,-0.7999902761779945
674,1.5442737730899498,-0.7985076962177716
675,1.542247648466159,-0.7970273110473374
676,1.5410666180272596,-0.7955491141780265
677,1.5400604742557313,-0.7940730991499059
678,1.5366543953730176,-0.7925992595316054
679,1.5343245669023875,-0.7911275889201491
680,1.533358600720322,-0.789658080940789
681,1.5294678588079658,-0.7881907292468393
682,1.5290512438006518,-0.7867255275195114
683,1.5268525003543383,-0.7852624694677509
684,1.5250896652166104,-0.7838015488280762
685,1.5232190145973976,-0.7823427593644162
686,1.5205528330637834,-0.780886094867952
687,1.5193426858417645,-0.7794315491569578
688,1.5151625918589722,-0.7779791160766429
689,1.513079491000727,-0.7765287894989963
690,1.5116519334396044,-0.7750805633226315
691,1.5111533018656462,-0.7736344314726319
692,1.510818938813674,-0.7721903879003982
693,1.5098397681562714,-0.770748426583497
694,1.509811168265005,-0.7693085415255093
695,1.508496384450162,-0.7678707267558817
696,1.5076463168463659,-0.7664349763297775
697,1.5060964481888828,-0.765001284327929
698,1.503455336343975,-0.7635696448564911
699,1.501784717122491,-0.7621400520468967
700,1.5004473721639222,-0.7607125000557113
701,1.4956141435311452,-0.7592869830644903
702,1.4949371677412555,-0.7578634952796365
703,1.4894682128568397,-0.756442030932259
704,1.4872968285286188,-0.7550225842780328
705,1.4809347686344079,-0.7536051495970594
706,1.4804904056275396,-0.7521897211937287
707,1.477360932961453,-0.7507762933965817
708,1.4771017219706082,-0.7493648605581739
709,1.4764976098712521,-0.7479554170549403
710,1.476152233591777,-0.7465479572870606
711,1.4755670852248282,-0.7451424756783256
712,1.4754603264711232,-0.7437389666760055
713,1.4741727167856944,-0.7423374247507171
714,1.4713785525342113,-0.7409378443962937
715,1.4699907005776303,-0.7395402201296558
716,1.4695542298943558,-0.7381445464906811
717,1.467591826411414,-0.7367508180420772
718,1.4651171160605867,-0.7353590293692548
719,1.464949834204437,-0.7339691750802004
720,1.4632484735359255,-0.7325812498053523
721,1.4569366965186819,-0.7311952481974752
722,1.4530133065493596,-0.7298111649315367
723,1.4529429006312995,-0.728428994704585
724,1.452226093907548,-0.7270487322356266
725,1.4477958597646425,-0.7256703722655053
726,1.4472749686766377,-0.724293909556782
727,1.4461256966615685,-0.7229193388936155
728,1.4460171182266581,-0.7215466550816433
729,1.4446801694660836,-0.7201758529478646
730,1.4434073648969223,-0.7188069273405229
731,1.4432865625423055,-0.7174398731289899
732,1.441324063119647,-0.7160746852036499
733,1.440800162515586,-0.7147113584757858
734,1.4407792971729496,-0.7133498878774648
735,1.4382113558408853,-0.7119902683614252
736,1.4374753213638203,-0.7106324949009648
737,1.431900197178662,-0.709276562489829
738,1.4312308437377195,-0.7079224661420997
739,1.4300472349392164,-0.706570200892086
740,1.4298443009827138,-0.7052197617942145
741,1.4279285860257418,-0.703871143922921
742,1.4249568705233142,-0.7025243423725422
743,1.4190444303287837,-0.7011793522572096
744,1.4156297358797922,-0.699836168710742
745,1.414757257049567,-0.6984947868865405
746,1.4147141355804316,-0.6971552019574841
747,1.413545744500259,-0.6958174091158242
748,1.4122630584954565,-0.694481403573082
749,1.412243719522147,-0.6931471805599453
750,1.411960405570954,-0.6918147353261667
751,1.4093897632739474,-0.6904840631404617
752,1.4081067490012442,-0.6891551592904078
753,1.4072778148997886,-0.6878280190823453
754,1.406741834070406,-0.6865026378412769
755,1.4043428894028323,-0.6851790109107684
756,1.4031054375212557,-0.6838571336528526
757,1.4029632186951266,-0.6825370014479298
758,1.3994860812298824,-0.6812186096946715
759,1.39894363047886,-0.6799019538099246
760,1.3979499993378148,-0.6785870292286157
761,1.3970357920427847,-0.6772738314036552
762,1.3969222349063564,-0.6759623558058443
763,1.3923692086914274,-0.674652597923781
764,1.3918268245782257,-0.6733445532637656
765,1.390605306239359,-0.67203821734971
766,1.3902446626912106,-0.6707335857230453
767,1.3891060417554748,-0.6694306539426292
768,1.3884136477808307,-0.6681294175846574
769,1.3884092034858584,-0.666829872242572
770,1.387257239227027,-0.6655320135269719
771,1.3860156305916453,-0.6642358370655251
772,1.3829681216426832,-0.6629413385028795
773,1.3814866891906807,-0.6616485135005743
774,1.3779191146355818,-0.6603573577369544
775,1.3772462084280943,-0.6590678669070827
776,1.376406748275329,-0.657780036722654
777,1.3754213324981612,-0.6564938629119097
778,1.3736029948836173,-0.6552093412195532
779,1.372503643753277,-0.6539264674066639
780,1.3692297641269233,-0.6526452372506154
781,1.3643491181111183,-0.6513656465449904
782,1.3626677006547698,-0.6500876910994983
783,1.362206824524032,-0.6488113667398937
784,1.362012051581538,-0.647536669307893
785,1.3604148376116478,-0.6462635946610948
786,1.354773919470241,-0.6449921386728983
787,1.3544793359181149,-0.6437222972324224
788,1.3540786170983612,-0.6424540662444271
789,1.3531404948939225,-0.6411874416292344
790,1.3530166615669816,-0.6399224193226476
791,1.352759165971035,-0.6386589952758756
792,1.3520720932761345,-0.6373971654554536
793,1.351259870652288,-0.6361369258431657
794,1.3503072956887145,-0.6348782724359695
795,1.3496166067053708,-0.6336212012459185
796,1.3488646028816227,-0.6323657083000864
797,1.3487900073132846,-0.6311117896404926
798,1.3477439730165763,-0.6298594413240268
799,1.3451512239820835,-0.6286086594223742
800,1.342913556294663,-0.6273594400219421
801,1.3411899318619178,-0.626111779223787
802,1.3380894865920694,-0.6248656731435398
803,1.336539223758532,-0.623621117911335
804,1.335387807523359,-0.6223781096717381
805,1.3353181400852838,-0.6211366445836731
806,1.3345752128480273,-0.6198967188203526
807,1.3340196997414613,-0.6186583285692061
808,1.3333853954665407,-0.6174214700318097
809,1.3317794265096747,-0.616186139423817
810,1.3312125484262711,-0.6149523329748886
811,1.330152557994368,-0.6137200469286235
812,1.3293283425839042,-0.6124892775424908
813,1.3278959889160378,-0.6112600210877612
814,1.3272991331496438,-0.6100322738494387
815,1.3267012323234701,-0.6088060321261943
816,1.3265454174789078,-0.6075812922302987
817,1.3248243402029871,-0.6063580504875544
818,1.3239272855203799,-0.6051363032372319
819,1.3234887825057315,-0.6039160468320027
820,1.3210828489167272,-0.6026972776378732
821,1.320311300917068,-0.6014799920341214
822,1.3164961012338359,-0.6002641864132316
823,1.314996620381466,-0.5990498571808297
824,1.3144747696069592,-0.5978370007556204
825,1.31362937302887,-0.5966256135693234
826,1.3124706104600925,-0.5954156920666102
827,1.3121492455940968,-0.5942072327050416
828,1.3113090146828033,-0.5930002319550065
829,1.3105982665043903,-0.5917946862996578
830,1.3051117683464863,-0.5905905922348531
831,1.3041581616825373,-0.5893879462690929
832,1.3027860693599504,-0.5881867449234587
833,1.3019534689028778,-0.5869869847315546
834,1.3017256472338659,-0.585788662239446
835,1.300939189636566,-0.5845917740055998
836,1.298903052901728,-0.583396316600826
837,1.2981168597928117,-0.5822022866082184
838,1.2971029132440688,-0.5810096806230952
839,1.2969906350282725,-0.579818495252942
840,1.2969583693331876,-0.5786287271173535
841,1.2965722799224955,-0.5774403728479747
842,1.2964184192982027,-0.5762534290884459
843,1.2963814221832013,-0.5750678924943443
844,1.2930175470113439,-0.5738837597331276
845,1.2926658004654406,-0.5727010274840783
846,1.2926055953815343,-0.5715196924382471
847,1.2920503082859942,-0.5703397512983983
848,1.292003332830416,-0.5691612007789542
849,1.2912452889051214,-0.5679840376059393
850,1.2898301516433297,-0.5668082585169273
851,1.28898034314585,-0.5656338602609858
852,1.2886066570745698,-0.5644608395986224
853,1.287458882159777,-0.5632891933017316
854,1.2862256527976925,-0.5621189181535413
855,1.2830738791597074,-0.5609500109485593
856,1.2823516147586147,-0.5597824684925216
857,1.2811490249568174,-0.5586162876023393
858,1.2807112379699228,-0.557451465106046
859,1.2804919813594002,-0.556287997842748
860,1.2794625230321506,-0.5551258826625707
861,1.2776381450205458,-0.5539651164266084
862,1.2769474747793246,-0.5528056960068735
863,1.2733933848602457,-0.5516476182862459
864,1.2710434210227952,-0.5504908801584221
865,1.2704069394849893,-0.5493354785278662
866,1.2703166816703753,-0.5481814103097596
867,1.269907414650901,-0.5470286724299512
868,1.268809415586671,-0.5458772618249094
869,1.2675213956721465,-0.5447271754416722
870,1.2674851596222443,-0.5435784102377986
871,1.2631100684677792,-0.5424309631813218
872,1.2628983579436428,-0.5412848312506993
873,1.2620956973996607,-0.540140011434766
874,1.259217417902295,-0.5389965007326869
875,1.2588624164541589,-0.53785429615391
876,1.2586422247540854,-0.5367133947181184
877,1.2584828059050859,-0.5355737934551847
878,1.2583816094208127,-0.5344354894051245
879,1.2571388092728393,-0.5332984796180493
880,1.255621982192826,-0.5321627611541219
881,1.2546577366052913,-0.5310283310835102
882,1.253026060627404,-0.5298951864863414
883,1.2495933806935333,-0.528763324452658
884,1.248033580991349,-0.527632742082372
885,1.247612555346837,-0.5265034364852205
886,1.2473752758301733,-0.5253754047807219
887,1.2453480318658876,-0.5242486440981314
888,1.2445210952958257,-0.5231231515763969
889,1.2431541919816966,-0.5219989243641159
890,1.2429508617579617,-0.5208759596194922
891,1.237406489210171,-0.519754254510292
892,1.2372194068361402,-0.5186338062138023
893,1.2351310191704095,-0.5175146119167874
894,1.23489776590986,-0.516396668815446
895,1.2347274379505906,-0.5152799741153709
896,1.234349308958295,-0.5141645250315053
897,1.2326519853917368,-0.5130503187881018
898,1.2310997735560822,-0.5119373526186811
899,1.2309624875355956,-0.5108256237659907
900,1.23008754439523,-0.5097151294819635
901,1.229921668654782,-0.5086058670276777
902,1.2290400845514469,-0.507497833673316
903,1.2286355367423512,-0.5063910266981249
904,1.227651723558921,-0.5052854433903752
905,1.224053615418798,-0.5041810810473222
906,1.2235595999478308,-0.5030779369751648
907,1.2231285831517618,-0.5019760084890083
908,1.220706579242795,-0.5008752929128226
909,1.2204314877834208,-0.49977578757940566
910,1.220154005564706,-0.4986774898303432
911,1.2188292443417863,-0.49758039701597007
912,1.218555689593851,-0.49648450649533293
913,1.2176961275002887,-0.49538981563615153
914,1.2172653912945066,-0.4942963218147801
915,1.2170319864827257,-0.4932040224161711
916,1.2146429691624843,-0.4921129148338367
917,1.2119421973826392,-0.491022996469811
918,1.2083307573954292,-0.4899342647346143
919,1.2081620491834306,-0.4888467170472155
920,1.2047834992359754,-0.4877603508349946
921,1.2020681662136539,-0.48667516353370754
922,1.1991866226043215,-0.48559115258744934
923,1.198917181568107,-0.4845083154486173
924,1.1979104676592043,-0.4834266495778762
925,1.1944937375154623,-0.4823461524441221
926,1.1921984788523965,-0.4812668215244463
927,1.1919404044593984,-0.4801886543041008
928,1.1916643122696877,-0.47911164827646296
929,1.1906452910491712,-0.4780358009429998
930,1.1894415867566732,-0.4769611098132343
931,1.185704286827779,-0.4758875724047103
932,1.1849933462255895,-0.4748151862429576
933,1.1843073834030784,-0.47374394886145876
934,1.1833614760412678,-0.47267385780161447
935,1.1820742534558393,-0.47160491061270937
936,1.1820025762978787,-0.47053710485187916
937,1.1803639539285826,-0.4694704380840768
938,1.179619422611637,-0.46840490788203853
939,1.178787917026879,-0.4673405118262518
940,1.1770795919978556,-0.46627724750492183
941,1.1769383102930062,-0.4652151125139384
942,1.1768485652740435,-0.46415410445684385
943,1.1766261987001532,-0.4630942209448008
944,1.1764945247870016,-0.4620354595965587
945,1.175595868109097,-0.4609778180384231
946,1.1746029264981408,-0.45992129390422326
947,1.1741356492828297,-0.4588658848352796
948,1.1728156807380798,-0.4578115884803735
949,1.1712381860301444,-0.456758402495715
950,1.1670369262500986,-0.4557063245449111
951,1.1667385940626263,-0.45465535229893606
952,1.1635248949820711,-0.45360548343609935
953,1.1631866734468868,-0.4525567156420149
954,1.1628720344696042,-0.4515090466095711
955,1.1601670604451426,-0.45046247403890016
956,1.1583535075801228,-0.44941699563734716
957,1.1542140165519201,-0.4483726091194408
958,1.1507708349748382,-0.4473293122068632
959,1.1493927137309499,-0.4462871026284195
960,1.1492764813913456,-0.4452459781200089
961,1.1488377530861804,-0.444205936424595
962,1.1487516133373143,-0.44316697529217586
963,1.1450038684082926,-0.44212909247975574
964,1.1440064646176709,-0.44109228575131554
965,1.1436642616202493,-0.4400565528777834
966,1.143659881319587,-0.439021891637007
967,1.1415752479774306,-0.43798829981372445
968,1.1406438621181831,-0.43695577519953516
969,1.1376314901197544,-0.43592431559287304
970,1.1372704025410671,-0.43489391879897654
971,1.1351970159632774,-0.4338645826298623
972,1.1349531391826055,-0.4328363049042965
973,1.133420875763934,-0.43180908344776636
974,1.1322645882391114,-0.4307829160924542
975,1.1307305034673198,-0.42975780067720903
976,1.1297503687494177,-0.4287337350475187
977,1.1291182108032713,-0.4277107170554841
978,1.1276764001430826,-0.4266887445597911
979,1.1276232467339864,-0.4256678154256838
980,1.1275330026706498,-0.4246479275249383
981,1.1274768580769496,-0.4236290787358356
982,1.1257061986703982,-0.4226112669431349
983,1.1239625391269115,-0.42159449003804794
984,1.1235361439449554,-0.42057874591821265
985,1.1226408586584196,-0.41956403248766605
986,1.1225632819721725,-0.4185503476568198
987,1.120110045228557,-0.4175376893424337
988,1.118932068927961,-0.4165260554675893
989,1.1183017255601382,-0.4155154439616658
990,1.116965519676395,-0.4145058527603135
991,1.1168267104664042,-0.41349727980542866
992,1.1151375404923038,-0.4124897230451288
993,1.1149936583494025,-0.41148318043372745
994,1.1141473643585578,-0.41047764993170865
995,1.1141159095946238,-0.40947312950570314
996,1.11258209485466,-0.40846961712846314
997,1.1124302405187119,-0.40746711077883746
998,1.1107071885252497,-0.40646560844174784
999,1.1097263371337525,-0.40546510810816444
1000,1.1093420298498193,-0.40446560777508084
1001,1.1091018950407645,-0.40346710544549125
1002,1.105300530432102,-0.40246959912836594
1003,1.1041484723968125,-0.4014730868386269
1004,1.1038985100027523,-0.40047756659712525
1005,1.1038359651697627,-0.39948303643061694
1006,1.1038331127898868,-0.39848949437173914
1007,1.101928933866941,-0.3974969384589874
1008,1.1017000983093315,-0.3965053667366925
1009,1.1010799415665211,-0.3955147772549963
1010,1.0980408739844076,-0.39452516806982996
1011,1.097580654970387,-0.3935365372428906
1012,1.0970171667905753,-0.39254888284161804
1013,1.095330975411702,-0.3915622029391729
1014,1.0941813267445302,-0.39057649561441377
1015,1.0928947436123149,-0.3895917589518742
1016,1.0917901456417924,-0.38860799104174143
1017,1.0916020343410995,-0.3876251899798334
1018,1.090806480666201,-0.3866433538675766
1019,1.0905028415371198,-0.3856624808119846
1020,1.087162538614029,-0.3846825689256359
1021,1.0871080816688685,-0.3837036163266517
1022,1.083998294582902,-0.38272562113867487
1023,1.0838790452943052,-0.3817485814908484
1024,1.0832869831740808,-0.38077249551779285
1025,1.0830571844842036,-0.3797973613595865
1026,1.0821601657138533,-0.37882317716174324
1027,1.080920180846972,-0.377849941075191
1028,1.0797218268262982,-0.3768776512562517
1029,1.0789753491796938,-0.37590630586662
1030,1.0781695280649497,-0.37493590307334146
1031,1.0755023623194961,-0.37396644104879345
1032,1.0746946540949809,-0.3729979179706629
1033,1.0744678064989848,-0.372030332021927
1034,1.072416598475149,-0.37106368139083207
1035,1.0711992778147785,-0.3700979642708731
1036,1.0703560352799568,-0.36913317886077407
1037,1.0690800062773893,-0.36816932336446756
1038,1.0690211157657716,-0.3672063959910741
1039,1.068995286309338,-0.36624439495488303
1040,1.068683338805069,-0.36528331847533263
1041,1.0686236987332265,-0.36432316477698923
1042,1.0683244417355,-0.36336393208952894
1043,1.0661595812623894,-0.3624056186477175
1044,1.065619970574528,-0.3614482226913901
1045,1.0648719348651599,-0.3604917424654332
1046,1.0626716906795504,-0.35953617621976464
1047,1.0600888694044992,-0.358581522209314
1048,1.0600865979418905,-0.3576277786940042
1049,1.0600041778855211,-0.35667494393873245
1050,1.0576818097711909,-0.35572301621335034
1051,1.0571777890169796,-0.35477199379264623
1052,1.0570305138927958,-0.353821874956326
1053,1.055967452692016,-0.3528726579889938
1054,1.0559174380604321,-0.3519243411801345
1055,1.0550602524872141,-0.3509769228240947
1056,1.0550228985862333,-0.3500304012200638
1057,1.0537581763169386,-0.3490847746720567
1058,1.0516698239598679,-0.34814004148889505
1059,1.0502427879419818,-0.3471961999841886
1060,1.0485316134449323,-0.3462532484763182
1061,1.0472038215315154,-0.34531118528841737
1062,1.046600339807976,-0.3443700087483535
1063,1.0449406631936409,-0.3434297171887117
1064,1.0446241369120983,-0.342490308946776
1065,1.0409968794111417,-0.34155178236451156
1066,1.0409611683090088,-0.340614135788548
1067,1.040452361585253,-0.3396773675701613
1068,1.0401000268412497,-0.33874147606525623
1069,1.0392870165973993,-0.3378064596343495
1070,1.03864858325944,-0.33687231664255274
1071,1.0383530607746319,-0.3359390454595541
1072,1.0380166603259797,-0.3350066444596029
1073,1.0375818294496868,-0.3340751120214915
1074,1.0364239750194142,-0.33314444652853825
1075,1.0350405258162938,-0.3322146463685716
1076,1.0341093282674891,-0.33128570993391293
1077,1.0333872340048715,-0.33035763562135895
1078,1.0331755942787877,-0.3294304218321667
1079,1.0330756523614997,-0.3285040669720361
1080,1.0315498126667144,-0.32757856945109315
1081,1.031342239460781,-0.3266539276838745
1082,1.0310208734752644,-0.32573014008931084
1083,1.031010766096364,-0.32480720509070987
1084,1.0300887704511335,-0.3238851211157414
1085,1.0297697492779614,-0.3229638865964207
1086,1.0297083775888847,-0.322043499969092
1087,1.029447549072752,-0.32112395967441343
1088,1.0285223118254572,-0.320205264157341
1089,1.027759476638329,-0.319287411867112
1090,1.0271823198210372,-0.31837040125723054
1091,1.0270649506564473,-0.3174542307854511
1092,1.022427767938047,-0.31653889891376286
1093,1.0214142426784418,-0.315624404108375
1094,1.0181950559223774,-0.31471074483970024
1095,1.014759131229958,-0.31379791958234055
1096,1.014704307980335,-0.31288592681507127
1097,1.0136735856150432,-0.3119747650208255
1098,1.0121201902241121,-0.31106443268668005
1099,1.0119749320056715,-0.3101549283038396
1100,1.0108253253679425,-0.3092462503676215
1101,1.0094335639230725,-0.3083383973774416
1102,1.007790387131837,-0.30743136783679903
1103,1.007626032663415,-0.3065251602532608
1104,1.006078778273502,-0.30561977313844824
1105,1.0056189362567998,-0.3047152050080214
1106,1.0043041241860786,-0.30381145438166457
1107,1.0037628215359542,-0.30290851978307226
1108,1.0028881237105292,-0.3020063997399345
1109,1.001973880598849,-0.3011050927839216
1110,1.0016614643297368,-0.3002045974506714
1111,1.0010853718916326,-0.2993049122797738
1112,1.0003572467264112,-0.2984060358147566
1113,0.9999070109357265,-0.29750796660307205
1114,0.9993699468306523,-0.29661070319608235
1115,0.9992719235281187,-0.2957142441490452
1116,0.9988371591939142,-0.29481858802110067
1117,0.9970756259348018,-0.293923733375257
1118,0.9952200941346484,-0.2930296787783762
1119,0.9951773553449268,-0.29213642280116114
1120,0.9946138328422618,-0.29124396401814157
1121,0.9943708650931044,-0.2903523010076598
1122,0.9936705177234999,-0.2894614323518582
1123,0.9935374427030995,-0.2885713566366651
1124,0.9915281038088464,-0.2876820724517809
1125,0.9905403067048834,-0.2867935783906657
1126,0.9900833684991466,-0.28590587305052517
1127,0.9871575480294861,-0.28501895503229724
1128,0.986420849456303,-0.28413282294063935
1129,0.985453800657682,-0.2832474753839152
1130,0.9829634586161299,-0.282362910974181
1131,0.9819351453890606,-0.28147912832717314
1132,0.9818079703485294,-0.28059612606229517
1133,0.9777761749936962,-0.27971390280260405
1134,0.9759161263040776,-0.2788324571747983
1135,0.9751137170650266,-0.2779517878092048
1136,0.9726897100059801,-0.2770718933397654
1137,0.9704824430712861,-0.2761927724040251
1138,0.9704092803840171,-0.2753144236431193
1139,0.9693679345116705,-0.2744368457017603
1140,0.9681591444360785,-0.27356003722822575
1141,0.967405790754439,-0.27268399687434597
1142,0.966342895357648,-0.2718087232954908
1143,0.9658825888855214,-0.27093421515055816
1144,0.9645934344461397,-0.27006047110196146
1145,0.9644073276144421,-0.2691874898156165
1146,0.9641614745336907,-0.2683152699609307
1147,0.9611708491692795,-0.2674438102107897
1148,0.9602105812534232,-0.26657310924154576
1149,0.9595969023533475,-0.2657031657330056
1150,0.9592674406681848,-0.2648339783684188
1151,0.9582782718300891,-0.26396554583446485
1152,0.958185463721512,-0.26309786682124237
1153,0.9571299092120201,-0.2622309400222566
1154,0.9569844956607196,-0.2613647641344075
1155,0.9569779888066573,-0.2604993378579786
1156,0.9562666572073134,-0.2596346598966249
1157,0.9548018241382238,-0.25877072895736086
1158,0.9546979557358662,-0.2579075437505498
1159,0.9534568354708278,-0.25704510298989114
1160,0.952326150739367,-0.2561834053924099
1161,0.9511309889976309,-0.255322449678445
1162,0.9502156056670024,-0.254462234571637
1163,0.9494837194269967,-0.25360275879891825
1164,0.9491690685552702,-0.25274402109050054
1165,0.9474559619331254,-0.2518860201798638
1166,0.9462686347544869,-0.2510287548037454
1167,0.945440499778649,-0.2501722237021291
1168,0.9438011176349176,-0.24931642561823303
1169,0.9433194155436927,-0.2484613592984996
1170,0.9403840149916511,-0.24760702349258415
1171,0.9400042716983762,-0.24675341695334352
1172,0.9397747348980855,-0.24590053843682594
1173,0.9394822550690993,-0.24504838670225973
1174,0.9392656349063684,-0.2441969605120421
1175,0.9390529095135073,-0.24334625863172918
1176,0.9386116487517479,-0.24249627983002478
1177,0.9385968475035399,-0.24164702287876944
1178,0.9370188463326948,-0.24079848655293046
1179,0.9365792315157704,-0.23995066963059103
1180,0.9361754455371837,-0.23910357089293913
1181,0.9356395024834243,-0.2382571891242579
1182,0.9349912382232911,-0.2374115231119147
1183,0.934728438019651,-0.23656657164635045
1184,0.9333281840199593,-0.23572233352106983
1185,0.9323918961784626,-0.2348788075326307
1186,0.9312395887235363,-0.2340359924806334
1187,0.9310659591769597,-0.23319388716771114
1188,0.93091168271605,-0.23235249039951966
1189,0.9307013608513044,-0.23151180098472637
1190,0.9305714282799183,-0.23067181773500128
1191,0.93000214290919,-0.2298325394650064
1192,0.9288273768600673,-0.2289939649923853
1193,0.9287482513955009,-0.22815609313775398
1194,0.9277686419127678,-0.22731892272469043
1195,0.92537713946972,-0.22648245257972438
1196,0.924403319554913,-0.22564668153232822
1197,0.9243938743841629,-0.22481160841490683
1198,0.9241535277338346,-0.2239772320627872
1199,0.9241256327937691,-0.2231435513142097
1200,0.9224347217655846,-0.22231056501031793
1201,0.92197839537822,-0.22147827199514852
1202,0.920724271130849,-0.2206466711156225
1203,0.919987323792324,-0.21981576122153512
1204,0.9183861389111221,-0.21898554116554605
1205,0.9171845144152818,-0.21815600980317063
1206,0.9165335975893028,-0.21732716599276997
1207,0.9162227153845098,-0.21649900859554116
1208,0.9129034345490842,-0.2156715364755087
1209,0.9113619758985124,-0.21484474849951468
1210,0.910569096514467,-0.21401864353720917
1211,0.9080553483934831,-0.2131932204610416
1212,0.9080475545315435,-0.21236847814625134
1213,0.9078877737963995,-0.21154441547085784
1214,0.907401523974162,-0.21072103131565253
1215,0.9072572834769778,-0.20989832456418914
1216,0.9066399414720739,-0.20907629410277423
1217,0.904319764761147,-0.20825493882045903
1218,0.9025997771001993,-0.20743425760902992
1219,0.9024135215621729,-0.20661424936299916
1220,0.902388487910185,-0.20579491297959682
1221,0.9002832072578073,-0.20497624735876083
1222,0.8981314539171139,-0.20415825140312904
1223,0.8979616532739043,-0.2033409240180301
1224,0.897602548690099,-0.2025242641114741
1225,0.897194394959888,-0.2017082705941447
1226,0.8947836671177943,-0.20089294237939007
1227,0.8945128397527796,-0.20007827838321368
1228,0.8940476355495691,-0.1992642775242666
1229,0.8930784764054508,-0.19845093872383832
1230,0.8905370189142666,-0.19763826090584793
1231,0.8873930827945226,-0.19682624299683632
1232,0.8873580664229925,-0.1960148839259572
1233,0.8873060661640234,-0.19520418262496833
1234,0.8870034577235405,-0.19439413802822383
1235,0.8867067595736614,-0.1935847490726654
1236,0.8855689686174775,-0.19277601469781355
1237,0.8848718550416865,-0.19196793384576
1238,0.8846976439208384,-0.19116050546115904
1239,0.8839078938087569,-0.1903537284912189
1240,0.8835183864911862,-0.1895476018856942
1241,0.8834669678099629,-0.18874212459687742
1242,0.8827456738860675,-0.18793729557959032
1243,0.8823033521505596,-0.18713311379117664
1244,0.8811868279751182,-0.18632957819149348
1245,0.8804661645121181,-0.18552668774290298
1246,0.8791221662309149,-0.18472444141026495
1247,0.8785353173482967,-0.1839228381609285
1248,0.877976430188521,-0.18312187696472376
1249,0.8768848678090692,-0.1823215567939546
1250,0.8762944820849303,-0.18152187662339034
1251,0.8758206384959887,-0.1807228354302576
1252,0.8757656285893242,-0.1799244321942331
1253,0.8732040342489857,-0.17912666589743548
1254,0.8726889380529788,-0.17832953552441716
1255,0.8726409377732555,-0.1775330400621574
1256,0.8724349694045115,-0.17673717850005405
1257,0.8704210788304242,-0.1759419498299156
1258,0.8703790429116501,-0.17514735304595422
1259,0.8703093677138283,-0.1743533871447778
1260,0.8700879903853239,-0.17356005112538186
1261,0.870014564222391,-0.17276734398914292
1262,0.8698193391421668,-0.17197526473981037
1263,0.8693770742985464,-0.1711838123834987
1264,0.8688717358756698,-0.17039298592868077
1265,0.8679946953298858,-0.16960278438617998
1266,0.8677732116061513,-0.16881320676916237
1267,0.8676036146864633,-0.16802425209313016
1268,0.8675657188498557,-0.1672359193759138
1269,0.8660988783467111,-0.16644820763766446
1270,0.865813208948796,-0.16566111590084734
1271,0.8649316524030021,-0.164874643190234
1272,0.86489640124699,-0.1640887885328949
1273,0.8646626587251935,-0.1633035509581927
1274,0.8643301420933286,-0.16251892949777494
1275,0.8641792529548079,-0.16173492318556623
1276,0.863160981538197,-0.16095153105776208
1277,0.8631197448364052,-0.16016875215282134
1278,0.8626020124126335,-0.15938658551145873
1279,0.8608384453205202,-0.15860503017663852
1280,0.8583121750758684,-0.15782408519356722
1281,0.857997987620521,-0.15704374960968606
1282,0.8571877780947011,-0.15626402247466506
1283,0.8563563327452788,-0.15548490284039498
1284,0.8542616813155945,-0.15470638976098125
1285,0.8537265280143419,-0.1539284822927368
1286,0.8525627716102673,-0.15315117949417478
1287,0.8522074340940429,-0.1523744804260025
1288,0.8509043232407797,-0.1515983841511141
1289,0.8501323873933658,-0.15082288973458366
1290,0.8486525098404853,-0.15004799624365892
1291,0.8478241078785654,-0.14927370274775434
1292,0.8474230053891578,-0.14850000831844395
1293,0.8464756019732659,-0.14772691202945554
1294,0.8461952185303988,-0.14695441295666337
1295,0.8454589603371644,-0.14618251017808145
1296,0.845049500953127,-0.14541120277385752
1297,0.8418365917793377,-0.14464048982626618
1298,0.8408135372668754,-0.1438703704197019
1299,0.8396769863831968,-0.1431008436406733
1300,0.8395281085765399,-0.1423319085777962
1301,0.8383402986516764,-0.14156356432178688
1302,0.8380054672933045,-0.1407958099654563
1303,0.8340093112186135,-0.1400286446037032
1304,0.8333984098142345,-0.13926206733350766
1305,0.8332063012685822,-0.13849607725392502
1306,0.8329300947234581,-0.13773067346607953
1307,0.8321349787511836,-0.13696585507315742
1308,0.8307685278860034,-0.13620162118040147
1309,0.8306018862348555,-0.13543797089510426
1310,0.8304064994788333,-0.1346749033266016
1311,0.8294778296902466,-0.13391241758626704
1312,0.8293300863154802,-0.13315051278750528
1313,0.8288151409758058,-0.13238918804574562
1314,0.8275676873697149,-0.13162844247843647
1315,0.8273570567685871,-0.13086827520503896
1316,0.8264943922225085,-0.1301086853470204
1317,0.8261101544557963,-0.12934967202784886
1318,0.8260302507074595,-0.12859123437298686
1319,0.8257436679797199,-0.12783337150988489
1320,0.8253552459900381,-0.12707608256797606
1321,0.8245754830992681,-0.1263193666786699
1322,0.8242540982156189,-0.12556322297534575
1323,0.8242420641542145,-0.12480765059334786
1324,0.8241401819849853,-0.12405264866997888
1325,0.8236981350530708,-0.1232982163444936
1326,0.8231185219550807,-0.12254435275809387
1327,0.8223886034031007,-0.1217910570539223
1328,0.8212767173886528,-0.1210383283770561
1329,0.820672139844756,-0.12028616587450193
1330,0.8202113190068017,-0.11953456869518983
1331,0.8199839034596034,-0.11878353598996698
1332,0.8180669186719625,-0.11803306691159271
1333,0.8180498737048493,-0.11728316061473243
1334,0.8174181028558837,-0.11653381625595151
1335,0.8154176630208794,-0.11578503299371035
1336,0.8149054951199741,-0.11503680998835829
1337,0.8147613348160841,-0.11428914640212766
1338,0.8122044771826056,-0.11354204139912887
1339,0.8120023945069277,-0.1127954941453444
1340,0.8118725602070846,-0.11204950380862289
1341,0.8117002611794305,-0.11130406955867427
1342,0.8113732121349102,-0.11055919056706388
1343,0.8103571350259624,-0.10981486600720657
1344,0.8087290306353329,-0.10907109505436201
1345,0.8086086718910901,-0.10832787688562834
1346,0.8083023756935296,-0.10758521067993743
1347,0.8081870324007393,-0.10684309561804915
1348,0.8065440202334332,-0.10610153088254556
1349,0.8060567899579678,-0.10536051565782628
1350,0.8054215295739844,-0.10462004913010263
1351,0.803043094479464,-0.10388013048739204
1352,0.7996479763772515,-0.10314075891951337
1353,0.7987580527494207,-0.10240193361808118
1354,0.7985991430933758,-0.10166365377650018
1355,0.7985025699343704,-0.10092591858996053
1356,0.7982906296574117,-0.10018872725543235
1357,0.7976821392979279,-0.09945207897166
1358,0.7971129426152482,-0.0987159729391577
1359,0.7957688694777001,-0.09798040836020379
1360,0.7946045919014432,-0.09724538443883537
1361,0.7945670825142143,-0.09651090038084373
1362,0.7937287988107683,-0.09577695539376888
1363,0.791468054939434,-0.09504354868689403
1364,0.7912491913751387,-0.09431067947124129
1365,0.7896383498667516,-0.09357834695956611
1366,0.7887237121798154,-0.09284655036635188
1367,0.7881423500809677,-0.09211528890780563
1368,0.7846297436591514,-0.09138456180185259
1369,0.7831069760692118,-0.09065436826813084
1370,0.7829235018721392,-0.08992470752798701
1371,0.7805431560988784,-0.08919557880447095
1372,0.7796818794888855,-0.08846698132233038
1373,0.7794377423090102,-0.08773891430800675
1374,0.7790590713047257,-0.08701137698962981
1375,0.7786635594149841,-0.08628436859701247
1376,0.7774443652100239,-0.08555788836164654
1377,0.7773055584471336,-0.0848319355166976
1378,0.7771173437172694,-0.08410650929699962
1379,0.7764263942744803,-0.08338160893905101
1380,0.776397455030891,-0.08265723368100936
1381,0.7757505184247012,-0.08193338276268622
1382,0.7754433202904927,-0.08121005542554317
1383,0.7754393328670474,-0.08048725091268659
1384,0.7747647382194319,-0.07976496846886255
1385,0.7744430037401601,-0.07904320734045285
1386,0.7738492132792246,-0.07832196677546988
1387,0.7732364337894785,-0.07760124602355162
1388,0.7730505388602544,-0.07688104433595762
1389,0.7723718406980978,-0.07616136096556403
1390,0.7711864113775628,-0.07544219516685852
1391,0.7693857026446541,-0.07472354619593642
1392,0.7690709894813269,-0.07400541331049576
1393,0.7688842438206673,-0.07328779576983223
1394,0.7688412805233664,-0.07257069283483537
1395,0.768821383948285,-0.07185410376798368
1396,0.767830499385248,-0.0711380278333396
1397,0.7665724742739377,-0.07042246429654582
1398,0.7660469696223865,-0.06970741242482029
1399,0.7653664381682168,-0.06899287148695143
1400,0.765193429318337,-0.06827884075329438
1401,0.7648449436979934,-0.06756531949576605
1402,0.7640179402413837,-0.06685230698784048
1403,0.7638288243960506,-0.06613980250454495
1404,0.7633951925442275,-0.06542780532245532
1405,0.7624786075946673,-0.0647163147196912
1406,0.7600566489672681,-0.06400532997591243
1407,0.7569768620753518,-0.06329485037231375
1408,0.7569501900088462,-0.06258487519162119
1409,0.7569017041003188,-0.06187540371808753
1410,0.7564607953633626,-0.061166435237487445
1411,0.7562980190633476,-0.06045796903711403
1412,0.7558726473514604,-0.05975000440577405
1413,0.7537713126534977,-0.059042540633783384
1414,0.7527749518593485,-0.05833557701296341
1415,0.7527156845997646,-0.057629112836636416
1416,0.7524923862963145,-0.05692314739962101
1417,0.7519326009281895,-0.0562176799982286
1418,0.7516229131533659,-0.05551270993025883
1419,0.7487213582320952,-0.05480823649499503
1420,0.7484602623073644,-0.05410425899320077
1421,0.7481271003617913,-0.053400776727115296
1422,0.7480016942592717,-0.05269778900044907
1423,0.7478816034843239,-0.05199529511838033
1424,0.744312910518742,-0.05129329438755058
1425,0.7430114005586654,-0.050591786116060196
1426,0.7400398583967293,-0.04989076961346498
1427,0.7399849217861555,-0.04919024419077178
1428,0.7391045747382218,-0.048490209160434034
1429,0.7387350956959662,-0.04779066383634844
1430,0.7376321151635649,-0.04709160753385057
1431,0.7332466433445373,-0.04639303956971051
1432,0.7316863318389497,-0.04569495926212955
1433,0.7314723013266046,-0.044997365930735805
1434,0.7311651227650375,-0.04430025889657995
1435,0.7308687989677408,-0.043603637482131904
1436,0.7307207002513814,-0.04290750101127655
1437,0.730698642374951,-0.042211848809309435
1438,0.7305837822182112,-0.04151668020293358
1439,0.7302549205678878,-0.040821994520255166
1440,0.7302543607796146,-0.040127791090779345
1441,0.7283758779474543,-0.03943406924540701
1442,0.7283590100986743,-0.038740828316430595
1443,0.7278748699192141,-0.03804806763752989
1444,0.726085045567746,-0.03735578654376886
1445,0.725744330252915,-0.03666398437159147
1446,0.7256427049577318,-0.035972660458817564
1447,0.7253412664408793,-0.03528181414463971
1448,0.7244035785865184,-0.03459144476961909
1449,0.7243448017881092,-0.03390155167568134
1450,0.723439560430991,-0.03321213420611354
1451,0.7232524182927124,-0.03252319170556006
1452,0.7230871595050133,-0.031834723520018524
1453,0.7228187558539658,-0.03114672899683671
1454,0.7205691303899089,-0.030459207484708574
1455,0.7205387871633578,-0.029772158333670144
1456,0.7204739554285856,-0.029085580895096552
1457,0.7204012873969731,-0.028399474521698
1458,0.7183778705742073,-0.027713838567515775
1459,0.7172398721135911,-0.02702867238791926
1460,0.7168301579749464,-0.026343975339601977
1461,0.7164203218257112,-0.025659746780577607
1462,0.7159125943394405,-0.02497598607017707
1463,0.7143624263033945,-0.024292692569044587
1464,0.7138392284274776,-0.023609865639133736
1465,0.7137056474323784,-0.022927504643704577
1466,0.7136408076354471,-0.022245608947319737
1467,0.7123840978037607,-0.021564177915840525
1468,0.7122288785334521,-0.020883210916424186
1469,0.7108279466390666,-0.020202707317519466
1470,0.710730894703029,-0.019522666488863895
1471,0.710587672001315,-0.018843087801479943
1472,0.710297235867723,-0.01816397062767118
1473,0.7095539912507223,-0.0174853143410195
1474,0.7072297219387067,-0.01680711831638129
1475,0.706638724009551,-0.016129381929883644
1476,0.7063619260544892,-0.01545210455892161
1477,0.7063339377357967,-0.014775285582154402
1478,0.7057984299399713,-0.014098924379501648
1479,0.705546041006985,-0.013423020332140661
1480,0.7054145492972057,-0.0127475728225027
1481,0.7052793056915123,-0.012072581234269249
1482,0.7050356813691426,-0.011398044952369311
1483,0.704742096092735,-0.010723963362975724
1484,0.7045922700572995,-0.01005033585350145
1485,0.7045306436253428,-0.009377161812596931
1486,0.7029948128902245,-0.008704440630146406
1487,0.7028858768535695,-0.008032171697264267
1488,0.7028691497279395,-0.0073603544062924185
1489,0.7023344729092069,-0.006688988150796652
1490,0.7020863686457505,-0.006018072325563021
1491,0.7011360234560428,-0.005347606326595242
1492,0.7000997878220168,-0.00467758955111109
1493,0.699286708240939,-0.004008021397538822
1494,0.6982625938412366,-0.0033389012655145986
1495,0.6963668829282256,-0.0026702285558789208
1496,0.6951140636879007,-0.0020020026706730793
1497,0.6944878768335397,-0.0013342230131366103
1498,0.6941976051163142,-0.0006668889877037677
1499,0.6936936812423782,0.0
