,F,L,P
0,304.80949941176976,5.719686989375953,-7.22402480828583
1,153.1802448367051,5.031615298839649,-6.530877627725885
2,84.23116199094784,4.433564947684423,-6.125412519617721
3,53.638703575530336,3.982270889134273,-5.83773044716594
4,51.15361171772023,3.9348331002219554,-5.61458689585173
5,47.48275757910211,3.8603666468060593,-5.432265339057776
6,46.69725583696734,3.8436854014272837,-5.278114659230518
7,43.36131953929393,3.7695677888476293,-5.144583266605995
8,40.36944328182799,3.6980731443765977,-5.026800230949611
9,31.124240399497985,3.4379869496516626,-4.921439715291785
10,31.02884814396476,3.43491735704828,-4.82612953548746
11,27.265744149230336,3.3056311212104257,-4.73911815849783
12,26.233068920435503,3.2670207874326156,-4.659075450824294
13,25.86452166085651,3.2528722096002043,-4.584967478670572
14,25.86300405983971,3.252813532870703,-4.515974607183621
15,24.310897290128345,3.190924697977111,-4.45143608604605
16,23.54421909790882,3.158880316779344,-4.390811464229614
17,22.510935413031575,3.114001209498666,-4.333653050389666
18,21.83532400390844,3.083529025568372,-4.27958582911939
19,19.847801494289214,2.9880932450441025,-4.22829253473184
20,19.79778926887895,2.985570278379898,-4.179502370562408
21,19.66632781569476,2.9789079253787407,-4.132982354927515
22,18.98699198245305,2.9437541121961153,-4.088530592356681
23,18.332400888861294,2.9086700346633507,-4.045970977937885
24,17.968345513179422,2.888611627173373,-4.00514898341763
25,17.372305286017323,2.8548772879706923,-3.9659282702643486
26,16.9913443551647,2.832704058813953,-3.9281879422815016
27,16.45541204361223,2.8006544227145618,-3.891820298110627
28,16.393766152177285,2.796901149896902,-3.8567289782993566
29,16.375596494588166,2.7957922080082853,-3.8228274266236753
30,16.074690620832683,2.777246023956062,-3.7900376038006844
31,15.620048690907044,2.7485552616222413,-3.758288905486104
32,15.365335505091291,2.732114031015468,-3.7275172468193505
33,15.221053390674943,2.72267956098962,-3.697664283669669
34,15.129484204625323,2.7166454363153445,-3.6686767467964168
35,15.08810693668407,2.7139068133980686,-3.6405058698297204
36,14.992584730788044,2.7075557275895332,-3.613106895641606
37,14.916764864627655,2.702485739134616,-3.5864386485594446
38,14.612079516668746,2.68184855079263,-3.560463162156184
39,14.541416020662354,2.6770008553044904,-3.5351453541718945
40,14.532836609107962,2.6764106828304004,-3.5104527415815228
41,14.33981998901915,2.663040282025679,-3.4863551900024623
42,14.32694278479439,2.6621418753801502,-3.462824692592268
43,14.117484971338783,2.6474140980230296,-3.4398351743675692
44,14.09799638964037,2.6460326872614517,-3.417362318515511
45,14.057493581269211,2.6431556045786886,-3.3953834117967356
46,13.868842539523579,2.6296447801973586,-3.373877206575772
47,13.703690949845019,2.617665208946523,-3.3528237973779396
48,13.55347638704752,2.6066430743495457,-3.332204510175204
49,13.534639679740376,2.6052523013406774,-3.3120018028576843
50,13.458529505800632,2.5996130690508776,-3.292199175561505
51,13.347738801020803,2.5913469922994623,-3.272781089704403
52,13.017353969088614,2.56628338794618,-3.2537328947337087
53,12.925907738375441,2.5592336491373286,-3.235040761721556
54,12.909522269400759,2.5579651994798835,-3.2166916230533595
55,12.687223367770052,2.540595453038793,-3.1986731175506815
56,12.493720821504036,2.525226183816445,-3.1809735404512804
57,12.489132460154073,2.5248588629704374,-3.163581797739411
58,12.338436387025542,2.51271929951077,-3.146487364380111
59,12.222483592293196,2.5032771730515337,-3.12968024606373
60,12.141988198883528,2.4966695447825127,-3.1131509441125194
61,12.001341648198828,2.485018447554966,-3.096890423240739
62,11.97153309950234,2.4825315898566145,-3.0808900818942977
63,11.808534922912472,2.468822568569191,-3.0651417249261588
64,11.593045379830254,2.4504053820970833,-3.0496375383901935
65,11.360789069344742,2.430167871210391,-3.034370066259405
66,11.309447396748885,2.4256384292304545,-3.0193321888948645
67,10.947709832501008,2.393130286671273,-3.0045171031097238
68,10.815683692559633,2.380997274472061,-2.989918303688571
69,10.798905791026623,2.3794448133517143,-2.9755295662364714
70,10.73845880476786,2.373831578296375,-2.9613449312445153
71,10.621826713559287,2.362911007948784,-2.9473586892697754
72,10.599221040552454,2.360780511677404,-2.9335653671374393
73,10.519541369754371,2.353234610328276,-2.9199597150816605
74,10.510886361210733,2.3524115163671837,-2.90653669474952
75,10.509980470958316,2.352325326748058,-2.893291467999499
76,10.443985980143278,2.346026308452151,-2.8802193864321466
77,10.293066612433229,2.3314705241482003,-2.867315981596239
78,10.273748862928029,2.3295919878031635,-2.854576955818809
79,10.15457993072514,2.317924828418528,-2.841998173611949
80,10.037304020836778,2.3063085543835684,-2.8295756536133916
81,10.001270155410827,2.3027121004693374,-2.8173055610215774
82,9.961618084317024,2.2987395166663536,-2.8051842004892324
83,9.780916158529973,2.28043315640064,-2.793208009442517
84,9.725323332201901,2.274733136479011,-2.781373551795514
85,9.69043861862572,2.2711396899582956,-2.7696775120323225
86,9.57147209381925,2.2587870174407585,-2.7581166896312466
87,9.493080833088596,2.2505631998838025,-2.746687993807624
88,9.413552951036117,2.242150454177285,-2.7353884385536906
89,9.371000849833807,2.2376199048293155,-2.7242151379555657
90,9.330504898733803,2.23328912901497,-2.7131653017689805
91,9.327080423117678,2.2329220423212197,-2.7022362312367902
92,9.318488006829025,2.2320003845096945,-2.6914253151325744
93,9.20566323155104,2.2198188633171827,-2.680730026015827
94,9.119635486234202,2.210429834672803,-2.6701479166852895
95,9.11661138580941,2.2100981764677203,-2.659676616817994
96,9.104558579855532,2.2087752309340933,-2.649313829782448
97,8.853807697377244,2.1808476147807956,-2.639057329615259
98,8.792381394554926,2.173885595886895,-2.6289049581512405
99,8.78017593152898,2.172496445205837,-2.618854622297739
100,8.772106766139009,2.17157700172405,-2.608904291444571
101,8.596314370080275,2.1513335497821133,-2.5990519950015596
102,8.5746262721824,2.1488074086832567,-2.589295820056195
103,8.415718427207043,2.1301011985923917,-2.579633909144458
104,8.376394866338302,2.1254176150475916,-2.570064458128307
105,8.337462295093676,2.1207588889039215,-2.5605857141737633
106,8.318166731037518,2.1184418857264076,-2.5511959738239245
107,8.310996025007553,2.1175794602898885,-2.541893581161611
108,8.266028913821929,2.1121542140052627,-2.532676926056687
109,8.258160153841299,2.111201821056575,-2.523544442493414
110,8.237042782745267,2.1086413939173685,-2.5144946069734964
111,8.234926844075705,2.108384480053497,-2.505525936990736
112,8.211569885586062,2.105544121455976,-2.49663698957349
113,8.174225397062177,2.100985959641056,-2.487826359891335
114,8.1369055357472,2.0964099524234876,-2.4790926799225805
115,8.03800247694598,2.0841806041814754,-2.4704346171794658
116,8.019778670456525,2.0819108242976787,-2.4618508734880744
117,7.895977231313637,2.0663534185547885,-2.4533401838201656
118,7.651452446726127,2.0348954921340168,-2.444901315174301
119,7.619373328381711,2.030694125946776,-2.4365330655037845
120,7.5936063265157525,2.0273066203968333,-2.4282342626890894
121,7.535622950212149,2.019641502876416,-2.420003763552574
122,7.444114206357389,2.0074236807307453,-2.411840452913413
123,7.4092125084148055,2.0027241594924536,-2.4037432426807936
124,7.3942170069235225,2.000698209140233,-2.3957110709835296
125,7.379547913780585,1.9987123784407015,-2.3877429013343523
126,7.374914092562815,1.9980842536919805,-2.379837721827239
127,7.366035492067132,1.9968796363749812,-2.3719945443662134
128,7.336069931822825,1.9928032675999527,-2.3642124039241583
129,7.276154550473652,1.984602501561904,-2.356490357830248
130,7.261044040481862,1.982523625726343,-2.348827485084679
131,7.213324066395037,1.9759298806136485,-2.3412228856994597
132,7.194443182805507,1.9733089478804713,-2.333675680064077
133,7.140473516879476,1.9657790930431756,-2.326185008334919
134,7.136792686641375,1.9652634718777253,-2.318750029847401
135,7.095298356173916,1.959432361337998,-2.3113699225497784
136,6.9867218435504945,1.9440114682082934,-2.3040438824577056
137,6.972200979807468,1.9419309539501914,-2.296771123128626
138,6.971868695980762,1.9418832944311994,-2.2895508751551388
139,6.856433004884508,1.9251873363729908,-2.2823823856765264
140,6.834614435210167,1.9220000582278272,-2.2752649179076623
141,6.755655896480338,1.9103800646230142,-2.26819775068457
142,6.707191720785987,1.9031803418866255,-2.2611801780259233
143,6.705326026083392,1.9029021398741712,-2.25421150870983
144,6.657749698920739,1.8957815444120263,-2.247291065865256
145,6.634422319464879,1.8922715983516698,-2.240418186577494
146,6.621818065936374,1.8903699645610381,-2.2335922215070942
147,6.596680189329998,1.886566520867962,-2.2268125345217156
148,6.592837851537592,1.8859838857952937,-2.2200785023403715
149,6.5614993750147415,1.8812191401038365,-2.2133895141895747
150,6.560653915313729,1.8810902802005147,-2.2067449714709064
151,6.547334628455755,1.8790580398766004,-2.2001442874395543
152,6.524090942919875,1.8755016244102114,-2.193586886893395
153,6.518453764651021,1.8746371951525362,-2.187072205872201
154,6.494485516776256,1.87095343478746,-2.180599691366584
155,6.464450563984643,1.8663180223763454,-2.1741688010362936
156,6.447172639722636,1.8636416842734462,-2.1677790029375226
157,6.419920373835109,1.8594057147955318,-2.161429775258864
158,6.375481769631115,1.8524596598959338,-2.155120606065599
159,6.286613634697549,1.8384225528755689,-2.1488509930520037
160,6.283900485471478,1.837990884092214,-2.1426204433013676
161,6.274131336449206,1.8364350429968197,-2.1364284730534466
162,6.20364946268914,1.8251377418948482,-2.1302746074790684
163,6.191506856760368,1.8231784911197693,-2.124158380461632
164,6.1879257317324665,1.8225999306563239,-2.11807933438525
165,6.161409756726073,1.8183056079731243,-2.112037019929287
166,6.137250220197217,1.8143767949722716,-2.1060309958690753
167,6.131382752822141,1.8134202959335735,-2.1000608288825715
168,6.125697155636444,1.8124925712820337,-2.0941260933627572
169,6.071121110128082,1.8035432849079887,-2.0882263712355686
170,6.039925263157921,1.7983916382208185,-2.082361251783171
171,6.039312786237048,1.7982902283605453,-2.0765303314723775
172,6.032292011684371,1.797127039959036,-2.0707332137880514
173,6.016101701011018,1.794439491592917,-2.0649695090713016
174,5.997258881342763,1.7913025117293386,-2.0592388343623163
175,5.969389457326565,1.786644653720224,-2.053540813247679
176,5.95198092916269,1.7837240934199268,-2.0478750757120014
177,5.94276682077661,1.7821748196693943,-2.0422412579937452
178,5.927987269672936,1.7796847405004097,-2.036639002445076
179,5.922202843299513,1.7787084815918697,-2.0310679573956203
180,5.91005156753111,1.7766545568505172,-2.0255277770200046
181,5.89767886176658,1.7745588602444728,-2.020018121209035
182,5.892425108857333,1.7736676461771372,-2.0145386554444094
183,5.891960262552773,1.7735887542722732,-2.009089050676845
184,5.884177147983902,1.7722669090133722,-2.003668983207506
185,5.842060488941194,1.7650835580614137,-1.9982781345726293
186,5.818083853869191,1.7609709728033143,-1.9929161914312439
187,5.811615897424802,1.7598586556756872,-1.9875828454558815
188,5.788441025251203,1.7558630023507455,-1.9822777932261884
189,5.786278980928062,1.755489421936337,-1.9770007361253443
190,5.773301422634735,1.7532440871936412,-1.9717513802392006
191,5.767587643431515,1.7522539070372676,-1.966529436258049
192,5.760339298548201,1.7509963789708614,-1.9613346193809449
193,5.750315601789849,1.7492547405708079,-1.9561666492225025
194,5.725038862501131,1.744849337627068,-1.9510252497220837
195,5.705050343676513,1.7413518077582784,-1.9459101490553135
196,5.698227280559131,1.7401551230582355,-1.940821079547842
197,5.696273299608457,1.7398121539292106,-1.9357577775912953
198,5.68618922345183,1.73804029150938,-1.930719983561338
199,5.684833291785294,1.7378018025483133,-1.9257074417377937
200,5.666050770603197,1.7344923619405752,-1.9207199002267548
201,5.660172240512608,1.7334543229380457,-1.9157571108846259
202,5.629767730541343,1.728068185624067,-1.9108188292440431
203,5.625216956351648,1.7272595173647505,-1.9059048144416142
204,5.602810566020702,1.7232683586274642,-1.9010148291474225
205,5.598493472760103,1.7224975388265897,-1.8961486394962495
206,5.5933450143120895,1.7215775007439944,-1.8913060150204615
207,5.592770206449001,1.721474729075323,-1.8864867285845126
208,5.590341105144031,1.7210403059035435,-1.8816905563210196
209,5.5880594494146445,1.720632080102377,-1.8769172775683618
210,5.582243698644658,1.719590792105374,-1.872166674809764
211,5.579320647719118,1.7190670212607762,-1.8674385336138182
212,5.537420603985641,1.7115287973877689,-1.8627326425764055
213,5.5258072776044145,1.7094293503238243,-1.858048793263979
214,5.503718782238137,1.7054240059823713,-1.8533867801581678
215,5.478668709520521,1.700862135227258,-1.8487464006016654
216,5.468206073781414,1.698950605382979,-1.844127454745371
217,5.459925913709915,1.697435220747157,-1.8395297454967414
218,5.443951592444637,1.694505192840178,-1.8349530784693298
219,5.430009644032269,1.6919409100091416,-1.830397261933469
220,5.415981689122548,1.689354154718466,-1.8258621067680778
221,5.413340699417203,1.6888664067942754,-1.8213474264135512
222,5.41236807770865,1.6886867193980606,-1.8168530368257119
223,5.383995961081717,1.6834308421715876,-1.8123787564307907
224,5.370874358086956,1.6809907180015917,-1.8079244060814104
225,5.349499988095017,1.6770030963710858,-1.8034898090135445
226,5.334162009112148,1.6741317982104889,-1.7990747908044278
227,5.326437172712161,1.672682566770444,-1.7946791793313897
228,5.317220922358397,1.6709507838486715,-1.790302804731591
229,5.306135076832714,1.668863712766696,-1.7859454993626351
230,5.26171530839733,1.6604570778472294,-1.781607097764037
231,5.253812928311834,1.6589540850550035,-1.7772874366195206
232,5.2458686129089065,1.6574408359364035,-1.77298635472013
233,5.24309278989889,1.656911551297397,-1.768703692928129
234,5.231228960540307,1.6546462333675716,-1.7644392941416716
235,5.226288414537621,1.6537013539677945,-1.7601930032602204
236,5.225264091326065,1.6535053403680424,-1.7559646671506994
237,5.22301394529321,1.6530746194282366,-1.751754134614356
238,5.202105624773134,1.6490634714672157,-1.74756125635432
239,5.163443745870325,1.64160374949659,-1.7433858849438393
240,5.1602306599085015,1.640981280027043,-1.7392278747951757
241,5.156060907617855,1.640172897966411,-1.735087082129144
242,5.153476540352765,1.6396715433067544,-1.730963364945282
243,5.143962903204623,1.6378237752461382,-1.7268565829926286
244,5.142998674837873,1.6376363091294897,-1.7227665977411035
245,5.126269355370807,1.634378173453811,-1.7186932723534678
246,5.106020430493647,1.630420320083055,-1.7146364716578533
247,5.089109330513279,1.627102831068846,-1.7105960621208485
248,5.087766839434358,1.626838999404927,-1.7065719118211229
249,5.086270948369427,1.6265449389528412,-1.7025638904235842
250,5.085405582726652,1.626374786934692,-1.6985718691540466
251,5.079871400330445,1.6252859463743814,-1.6945957207744071
252,5.069785945817031,1.6232985969518583,-1.6906353195583104
253,5.068987554817096,1.6231411043317627,-1.686690541267294
254,5.06314210065245,1.6219872590865976,-1.6827612631274045
255,5.056822876088521,1.6207383959927486,-1.678847363806268
256,5.016912589878238,1.6128147225634604,-1.6749487233906108
257,5.0000153601559045,1.6094409844605626,-1.6710652233642131
258,4.993801643801253,1.6081974721663326,-1.667196746586293
259,4.992883771618738,1.6080136529817046,-1.6633431772703027
260,4.992627857522391,1.607962395899262,-1.659504400963137
261,4.9854538291690496,1.6065244382206698,-1.6556803045247337
262,4.961995191668487,1.6018079162382022,-1.651870776108066
263,4.95353891157943,1.6001022527709294,-1.6480757051395143
264,4.9494353651625325,1.5992735024304576,-1.6442949822996082
265,4.938457854014625,1.5970531071622955,-1.6405284995041316
266,4.9359407318448,1.5965432792062009,-1.636776149885581
267,4.934304464795166,1.5962117237013425,-1.633037827774974
268,4.932898451845896,1.5959267365635155,-1.6293134286839914
269,4.926140699459539,1.5945558619091065,-1.6256028492874557
270,4.920041588978856,1.593316983512973,-1.6219059874061297
271,4.919619394558385,1.5932311686822715,-1.6182227419898332
272,4.918650177272589,1.5930341386493263,-1.6145530131008707
273,4.840003696859544,1.576915484542204,-1.6108967018977602
274,4.82979205311185,1.574803413551714,-1.6072537106192593
275,4.82657609690945,1.574137333660944,-1.6036239425686807
276,4.814031943842953,1.571534974952274,-1.6000073020984922
277,4.777925679364558,1.5640064940242817,-1.5964036945951934
278,4.7772423952099405,1.5638634752619849,-1.5928130264644649
279,4.77288120258191,1.562950148248667,-1.589235205116581
280,4.769336187379849,1.5622071311447217,-1.5856701389520849
281,4.766520617390334,1.561616608420025,-1.5821177373477169
282,4.760109333113678,1.5602706371210708,-1.578577910642593
283,4.755815939671757,1.559368277421899,-1.5750505701246245
284,4.75495597533564,1.5591874373500003,-1.5715356280171802
285,4.744709421694957,1.5570301913447686,-1.568032997465978
286,4.744117733942925,1.5569054788290715,-1.5645425925262093
287,4.74141048973209,1.5563346631147525,-1.5610643281498846
288,4.7362679323672126,1.5552494695387473,-1.5575981201733984
289,4.697856102626096,1.5471062562712674,-1.554143885305311
290,4.69743593325057,1.547016813734686,-1.5507015411143381
291,4.651817272463738,1.5372579545349507,-1.5472710060175487
292,4.648598286555201,1.536565730404395,-1.5438521992687633
293,4.646271253920571,1.536065017043521,-1.540445040947149
294,4.638772181052287,1.534449715068608,-1.5370494519460107
295,4.637804697126924,1.5342411286597255,-1.5336653539617702
296,4.63451196734677,1.5335309005608122,-1.530292669483131
297,4.634226503995263,1.5334693035371225,-1.5269313217804261
298,4.611244122088168,1.528497695238463,-1.523581234895144
299,4.598737880572148,1.5257818920590116,-1.5202423336296296
300,4.592286876281003,1.5243781301236148,-1.5169145435369549
301,4.554055068717087,1.5160180599525126,-1.513597790910961
302,4.550669426768176,1.515274348903015,-1.5102920027764615
303,4.550443714450602,1.515224747867599,-1.5069971068796089
304,4.548190505990223,1.5147294628716648,-1.5037130316784189
305,4.520737294434607,1.5086750987795514,-1.5004397063334498
306,4.506114570189865,1.5054352678274852,-1.4971770606986334
307,4.50363196790602,1.5048841752221207,-1.493925025312256
308,4.5035284443706125,1.5048611882804714,-1.490683531388085
309,4.499897908074733,1.5040547094244143,-1.4874525108066385
310,4.491129030165687,1.5021041245246949,-1.4842318961065963
311,4.4891039160843,1.5016531085816038,-1.4810216204763482
312,4.487469571119214,1.5012889729823187,-1.4778216177456773
313,4.477726384519899,1.499115414148048,-1.4746318223775772
314,4.463345773013824,1.4958986581140952,-1.4714521694601974
315,4.451332429827357,1.493203473793312,-1.4682825946989184
316,4.438125903937252,1.490232193629683,-1.46512303440855
317,4.437779227707577,1.4901540773756876,-1.4619734255056538
318,4.431191064855015,1.4886684113181812,-1.458833705500986
319,4.42844033603201,1.4880474534505397,-1.4557038124920583
320,4.409400831961211,1.483738814459732,-1.4525836851558147
321,4.406308738960367,1.4830373183174717,-1.4494732627414222
322,4.391542383484224,1.4796805055829818,-1.446372485063174
323,4.3811218651403,1.4773048251854217,-1.4432812924935012
324,4.38109220378963,1.4772980548987256,-1.440199625956093
325,4.379245866966395,1.4768765330725904,-1.437127426919123
326,4.3567496363971685,1.471726283101256,-1.4340646373885773
327,4.349395173336038,1.4700367948211457,-1.4310111999016868
328,4.34704847459451,1.4694971032199597,-1.4279670575204586
329,4.3299694081312206,1.4655604768927248,-1.4249321538253046
330,4.327959885039992,1.465096272795124,-1.4219064329087676
331,4.306407048510044,1.460103925015557,-1.4188898393693419
332,4.301631320632923,1.4589943276456772,-1.4158823183053868
333,4.287466733327554,1.455696053471299,-1.41288381530913
334,4.2734061695777115,1.4524112070421198,-1.409894276460764
335,4.262051904646211,1.4497507120739275,-1.4069136483226263
336,4.258659990259227,1.4489545545208995,-1.403941877933469
337,4.257848761258084,1.4487640471129308,-1.4009789128028118
338,4.2448579686156505,1.445708360691348,-1.3980247009053801
339,4.238405992295727,1.4441872533454763,-1.3950791906756235
340,4.235368656137526,1.4434703741707768,-1.3921423310023138
341,4.230003771787533,1.4422028847333288,-1.3892140712232253
342,4.223983555188481,1.4407786532118365,-1.3862943611198906
343,4.223721506891035,1.4407166130966564,-1.3833831509124321
344,4.208628903053247,1.437136918415885,-1.3804803912544708
345,4.203892384819025,1.4360108544042431,-1.3775860332281062
346,4.181857843398643,1.4307556079367287,-1.3747000283389714
347,4.179453545825572,1.430180507326928,-1.3718223285113562
348,4.176317557049057,1.4294298910438474,-1.3689528860834035
349,4.17472716530909,1.4290490065408736,-1.366091653802371
350,4.171413195800115,1.428254874273801,-1.3632385848199648
351,4.157601712054339,1.4249383965011047,-1.3603936326877335
352,4.153230677241231,1.4238865078306575,-1.3575567513525337
353,4.13885187644151,1.420418424844628,-1.354727895152056
354,4.13441720172243,1.4193463757907632,-1.3519070188104148
355,4.12894334869436,1.4180215264645535,-1.3490940774338
356,4.126725833265898,1.4174843161105732,-1.3462890265061913
357,4.125925477864866,1.4172903528923622,-1.3434918218851304
358,4.121494189681211,1.4162157650118623,-1.3407024197975517
359,4.107274066374467,1.4127595642732869,-1.337920776835675
360,4.104030800670955,1.4119696128770882,-1.3351468499529495
361,4.102652370698101,1.4116336842303905,-1.3323805964600595
362,4.100218482093686,1.4110402606060233,-1.3296219740209798
363,4.095978975923552,1.4100057548928697,-1.3268709406490897
364,4.092243177273965,1.409093273809943,-1.324127454703339
365,4.086289914219968,1.4076374469424944,-1.3213914748844642
366,4.076447291974002,1.4052258473117396,-1.3186629602312603
367,4.075421044499384,1.4049740651588194,-1.3159418701168997
368,4.067876712843791,1.4031211711498208,-1.3132281642453034
369,4.066298062610102,1.402733018621239,-1.3105218026475605
370,4.061414203293612,1.4015312388966341,-1.3078227456783953
371,4.052002103617381,1.3992111055416283,-1.305130954012684
372,4.02592742513498,1.3927553005113988,-1.302446388642015
373,4.001930003087319,1.3867767455256526,-1.2997690108712987
374,4.000219345979893,1.3863491961113983,-1.2970987823154196
375,3.996354665795892,1.385382612051974,-1.294435664895936
376,3.977053655751429,1.380541257648607,-1.2917796208378198
377,3.9714129790341586,1.3791219454910928,-1.289130612666243
378,3.966480330864491,1.3778791349336816,-1.2864886032034042
379,3.9641931896873253,1.3773023513264266,-1.283853555565399
380,3.9541812712780944,1.374773568735028,-1.2812254331591295
381,3.9513692582164635,1.3740621664943529,-1.2786041996792552
382,3.949797951910946,1.373664426189802,-1.2759898191051846
383,3.9487081094784946,1.3733884645254322,-1.2733822556981036
384,3.947602569245489,1.3731084501528446,-1.2707814739980463
385,3.9385373315021788,1.3708094187254807,-1.2681874388209997
386,3.936948160802168,1.3704058446923286,-1.2656001152560485
387,3.9331967196776176,1.3694525099149781,-1.263019468662557
388,3.9177369053855995,1.3655141670342867,-1.2604454646673842
389,3.9165689318000543,1.3652159980277476,-1.2578780691621385
390,3.9148568667891195,1.3647787685673043,-1.2553172483004646
391,3.913818567746268,1.3645135132102206,-1.252762968495368
392,3.911534032060436,1.36392963261913,-1.2502151964165693
393,3.9114037859109807,1.3638963340930523,-1.2476738989878968
394,3.8946884788937837,1.3596136963793046,-1.2451390433847087
395,3.8868020955402596,1.3575867361258078,-1.24261059703135
396,3.878635838296489,1.3554835037456912,-1.2400885275986402
397,3.863170462397359,1.3514882096578633,-1.2375728030013928
398,3.860708778245061,1.3508507879274214,-1.2350633913959672
399,3.8494034882396453,1.3479181981759698,-1.2325602611778486
400,3.8413363471980517,1.3458203131420419,-1.2300633809792614
401,3.8363315430339284,1.3445165826487275,-1.2275727196668094
402,3.8322466488617577,1.3434512236065919,-1.2250882463391477
403,3.831690635173044,1.3433061249010356,-1.2226099303246805
404,3.8272693201265495,1.3421515776613515,-1.2201377411792913
405,3.8253084355297347,1.3416391007673318,-1.217671648684098
406,3.823179019239613,1.3410822805181695,-1.2152116228432355
407,3.8131735598749636,1.338461797771582,-1.2127576338816688
408,3.806708317364365,1.3367648570141781,-1.2103096522430288
409,3.8060049769327327,1.3365800765275255,-1.207867648587477
410,3.7982990783647113,1.3345533555679971,-1.2054315937895959
411,3.7912233940897293,1.332688762281484,-1.2030014589363043
412,3.7835961266122937,1.3306749136255938,-1.2005772153247978
413,3.776476226743551,1.3287913597015188,-1.198158834460516
414,3.773140240677995,1.3279076098323506,-1.1957462880551322
415,3.767164029681468,1.3263224716115047,-1.1933395480245672
416,3.7664187072102893,1.3261246049391284,-1.1909385864870292
417,3.7512619833863923,1.322092312272207,-1.1885433757610742
418,3.7474781107075845,1.321083109938887,-1.1861538883636928
419,3.7461047667373415,1.3207165712595716,-1.1837700970084166
420,3.7436675767354055,1.3200657664083182,-1.1813919746034491
421,3.743573888197573,1.320040740225237,-1.1790194942498187
422,3.7383406863755995,1.3186418462327383,-1.1766526292395525
423,3.737811442648866,1.3185002643819455,-1.1742913530538728
424,3.7342422760547453,1.3175449268000856,-1.1719356393614135
425,3.7175905715246227,1.3130757626127834,-1.16958546201646
426,3.6793482839142078,1.3027356397349128,-1.167240795057206
427,3.6728271098486442,1.3009616951739034,-1.1649016127040337
428,3.662030244348387,1.2980177051882813,-1.1625678893578135
429,3.6597141964317736,1.2973850559575972,-1.1602395995982224
430,3.653971748317394,1.295814726212021,-1.1579167181820826
431,3.6519960335833486,1.295273876637759,-1.1555992200417202
432,3.651246721472469,1.2950686768001962,-1.1532870802833408
433,3.6441078731433185,1.2931115819077745,-1.1509802741854256
434,3.6400031154521013,1.2919845375417174,-1.1486787771971465
435,3.6398381869208345,1.2919392265179068,-1.1463825649367962
436,3.638390524131104,1.2915414201652091,-1.1440916131902406
437,3.6310131803543357,1.2895117223772314,-1.1418058979093844
438,3.6252503387583,1.2879233448899843,-1.1395253952106592
439,3.6230737201042076,1.2873227595127736,-1.1372500813735238
440,3.620655095161543,1.2866549749796345,-1.1349799328389845
441,3.618058491199442,1.285937553564215,-1.1327149262081324
442,3.6016040443754225,1.281379314108234,-1.1304550382406948
443,3.597477692652526,1.280232958968646,-1.1282002458536058
444,3.5942149684970977,1.2793255997326476,-1.1259505261195903
445,3.593253639066983,1.279058098199539,-1.1237058562657665
446,3.587778634797292,1.2775332463058973,-1.1214662136722617
447,3.583385849441877,1.2763081214563672,-1.1192315758708455
448,3.581902255508365,1.2758940155800975,-1.1170019205435762
449,3.5807364626732014,1.275568495086512,-1.114777225521465
450,3.5713041346205263,1.2729308328996276,-1.1125574687831523
451,3.56596953364662,1.2714359758392868,-1.1103426284535993
452,3.56576895969822,1.27137972757706,-1.1081326828027966
453,3.564640891258657,1.2710633170277217,-1.1059276102444826
454,3.561230145623518,1.2701060316999486,-1.1037273893348802
455,3.5546479445002,1.2682560272683772,-1.1015319987714445
456,3.5542064366148605,1.2681318137559778,-1.0993414173916258
457,3.5485077472969344,1.266527162240186,-1.0971556241716456
458,3.547689614736403,1.266296578866467,-1.0949745982252854
459,3.5296624731121113,1.2612022496915176,-1.09279831880269
460,3.526568923919897,1.260325422043344,-1.090626765289182
461,3.5247731560047773,1.2598160812870487,-1.0884599172040916
462,3.5146560172193446,1.256941659085368,-1.0862977541995964
463,3.5146204536718892,1.2569315403917576,-1.0841402560595754
464,3.512658082134866,1.2563730392371404,-1.0819874026984742
465,3.5111695872907926,1.2559491977260977,-1.0798391741601847
466,3.5103316833696603,1.2557105296997566,-1.0776955506169332
467,3.5067559791791076,1.25469138766477,-1.0755565123681838
468,3.506225341659841,1.2545400575824548,-1.073422039839551
469,3.504296547329554,1.253989800580338,-1.0712921135817262
470,3.501382455012625,1.2531578776549446,-1.0691667142694128
471,3.4986533535026583,1.2523781383156343,-1.067045822700275
472,3.494943657422182,1.2513172546465834,-1.0649294197938977
473,3.493769224916424,1.2509811605655743,-1.062817486590754
474,3.4921110650014198,1.2505064430275319,-1.0607100042511892
475,3.4895587944393887,1.2497753082912555,-1.0586069540544105
476,3.4894049544329,1.249731221515038,-1.0565083173974892
477,3.4778968244741266,1.246427750303493,-1.0544140757943745
478,3.4771039843315146,1.246199758914896,-1.0523242108749153
479,3.4764057966500577,1.245998943008744,-1.0502387043838939
480,3.4732792195963613,1.245099167765024,-1.0481575381800694
481,3.4589821337823157,1.2409743648021478,-1.0460806942352303
482,3.4583089347088283,1.2407797223998123,-1.0440081546332578
483,3.451673339903013,1.2388591395149942,-1.0419399015691988
484,3.4468575231809266,1.2374629531095203,-1.0398759173483474
485,3.440575178687321,1.2356386605152048,-1.0378161843853366
486,3.439953126761222,1.2354578453509677,-1.0357606852032408
487,3.436523275181337,1.2344602844887378,-1.0337094024326834
488,3.4330863529609674,1.2334596679491738,-1.0316623188109586
489,3.432508216037544,1.2332912522587396,-1.0296194171811581
490,3.4297461994485396,1.2324862641102612,-1.0275806804913101
491,3.429539281145728,1.2324259317903834,-1.0255460917935224
492,3.42900512021904,1.2322701666902371,-1.0235156342431404
493,3.4257710369000542,1.231326566641214,-1.021489291097908
494,3.420861982745873,1.2298925610558902,-1.0194670457171402
495,3.4194938615724557,1.2294925464301023,-1.017448881560903
496,3.4183429204726554,1.2291559074761889,-1.0154347821892018
497,3.4113341099692667,1.2271034493782196,-1.0134247312611777
498,3.4089876986795447,1.2264153846656956,-1.011418712534312
499,3.4005450888621795,1.2239357390257795,-1.0094167098636389
500,3.398637414833875,1.2233745909532499,-1.0074187072009657
501,3.3983624791167526,1.2232936918149353,-1.0054246885941012
502,3.3977405469895796,1.2231106657111461,-1.0034346381860912
503,3.3931914979213094,1.2217709233256786,-1.001448540214462
504,3.390919069962006,1.221100996731307,-0.9994663790104708
505,3.3907641165261975,1.2210552990979686,-0.997488138998365
506,3.39040877356889,1.2209504962966269,-0.9955138046946475
507,3.389116962436349,1.2205694044036306,-0.9935433607073486
508,3.386096057942576,1.2196776524587465,-0.9915767917353079
509,3.385598314497833,1.2195306453972155,-0.9896140825674591
510,3.3795281934862933,1.2177361120257053,-0.9876552180821261
511,3.3756025353431864,1.2165738373806632,-0.9857001832463228
512,3.3747590330273844,1.216323924154046,-0.983748963115061
513,3.367934246502479,1.214299573179551,-0.9818015428306655
514,3.366741807851816,1.213945454093941,-0.9798579076220943
515,3.364776160125424,1.2133614408619742,-0.9779180428042679
516,3.360488955979591,1.2120864860006981,-0.9759819337774014
517,3.356750574103648,1.210973415000277,-0.9740495660263475
518,3.3516014217303227,1.2094382679514153,-0.9721209251199419
519,3.350719906295641,1.2091752201515198,-0.9701959967103574
520,3.3487179039111794,1.2085775573324085,-0.9682747665324636
521,3.345612903107291,1.2076499064241812,-0.9663572204031917
522,3.3449662728641383,1.2074566106785787,-0.9644433442209077
523,3.339369351088037,1.2057819721209178,-0.9625331239647883
524,3.3388591931875795,1.205629189718199,-0.9606265456942068
525,3.3323056313718897,1.2036644462000223,-0.9587235955481207
526,3.331973223549025,1.203564688122554,-0.9568242597444683
527,3.3183308249419934,1.1994618929287266,-0.9549285245795691
528,3.313913390578918,1.198129784256983,-0.9530363764275311
529,3.3044665094196315,1.1952750410365318,-0.9511478017396631
530,3.3036983890226486,1.1950425648764338,-0.9492627870438917
531,3.3029479418739656,1.1948153854227976,-0.9473813189441862
532,3.291989111233641,1.191491975164651,-0.9455033841199859
533,3.2892824025532588,1.190669426261351,-0.9436289693256358
534,3.288142085925066,1.1903226897411174,-0.941758061389824
535,3.2875597530981695,1.1901455731860562,-0.9398906472150286
536,3.2875117235946236,1.1901309636099575,-0.9380267137769659
537,3.2848486505017025,1.1893205779685494,-0.936166248124046
538,3.2841881541120994,1.189119484136539,-0.9343092373768334
539,3.279517295575023,1.1876962455828517,-0.9324556687275104
540,3.2789640622401195,1.1875275378268844,-0.930605529439349
541,3.2783545120123625,1.1873416233490044,-0.9287588068461843
542,3.2781799011089,1.1872883601790118,-0.9269154883518952
543,3.277644284302513,1.187124958357233,-0.9250755614298879
544,3.276948614970153,1.1869126890841712,-0.9232390136225865
545,3.2741343963127134,1.186053527682704,-0.9214058325409255
546,3.2736032020088683,1.1858912749054558,-0.9195760058638492
547,3.2712913184051997,1.1851848055520957,-0.9177495213378151
548,3.266579230751491,1.1837433305537157,-0.9159263667762999
549,3.262289469506099,1.1824292401470482,-0.914106530059314
550,3.2587716387081826,1.1813503264301592,-0.912289999132916
551,3.251276045189541,1.179047548572026,-0.9104767620087353
552,3.2491124504600384,1.178381866879048,-0.9086668067634958
553,3.24724208579321,1.1778060470994869,-0.9068601215385468
554,3.2440421699279645,1.176820135529947,-0.9050566945393961
555,3.2399500842664697,1.1755579235949671,-0.9032565140352481
556,3.238632961851107,1.175151315414094,-0.9014595683585466
557,3.237998070026972,1.174955259216653,-0.8996658459045196
558,3.232318695790861,1.173199742168495,-0.8978753351307314
559,3.228998551847776,1.1721720432928466,-0.8960880245566356
560,3.228407016132359,1.171988831719454,-0.8943039027631343
561,3.2279667417308415,1.1718524472972653,-0.8925229583921395
562,3.2269648217023,1.1715420117715774,-0.8907451801461401
563,3.2256175414271078,1.1711244176305184,-0.8889705567877716
564,3.2238238268580894,1.170568178876543,-0.8871990771393895
565,3.220890970171987,1.169658020093437,-0.8854307300826476
566,3.2197086536959967,1.1692908752441005,-0.8836655045580785
567,3.2192287951595557,1.1691418262616742,-0.8819033895646792
568,3.2154783225244263,1.167976125013355,-0.8801443741594996
569,3.2149683950567196,1.1678175271767905,-0.8783884474572348
570,3.2064256368362054,1.1651568079566637,-0.8766355986298203
571,3.2012229133965793,1.1635328972374115,-0.8748858169060326
572,3.200278486219832,1.1632378329627535,-0.8731390915710909
573,3.193716408733704,1.1611852571012433,-0.871395411966264
574,3.192577221566881,1.160828497063308,-0.8696547674884801
575,3.190650225469558,1.160224728461343,-0.8679171475899392
576,3.1855632335959276,1.1586291128234494,-0.866182541777731
577,3.18410162763092,1.1581701856985525,-0.8644509396134531
578,3.1781374503056297,1.1562953177474107,-0.8627223307128353
579,3.1766072788309736,1.1558137338067644,-0.8609967047453655
580,3.1738318512559767,1.1549396437809085,-0.8592740514339192
581,3.16870012136675,1.1533214474419105,-0.8575543605543927
582,3.167240627954782,1.1528607444475087,-0.8558376219353381
583,3.1615035016690047,1.151047706113262,-0.8541238254576035
584,3.1581377874692658,1.1499825461258613,-0.852412961053974
585,3.1556041307519793,1.149179961260624,-0.850705018708818
586,3.154868351056287,1.1489467680405767,-0.8489999884577341
587,3.1528143917088363,1.1482955116271487,-0.8472978603872037
588,3.1504350523645357,1.147540555162734,-0.8455986246342438
589,3.1483960155640434,1.146893121742238,-0.8439022713860653
590,3.148134034262095,1.1468099072415443,-0.8422087908797323
591,3.1473221985907056,1.1465519956158061,-0.8405181734018248
592,3.1447527015655745,1.1457352548081268,-0.8388304092881051
593,3.1411677574726893,1.1445946280678034,-0.8371454889231856
594,3.1379233322192186,1.1435612219598619,-0.8354634027402008
595,3.1371343410429255,1.1433097529785288,-0.8337841412204807
596,3.132543370057811,1.141845252882286,-0.8321076948932286
597,3.1257323872475085,1.1396686196486343,-0.8304340543351988
598,3.1236135373621927,1.1389905166944794,-0.8287632101703811
599,3.1170565699667017,1.1368891494709132,-0.8270951530696842
600,3.112179989784619,1.1353234419780203,-0.8254298737506229
601,3.1115518623532226,1.135121592846839,-0.8237673629770095
602,3.109255473061204,1.1343832998014158,-0.8221076115586451
603,3.1091286280631683,1.1343425030297816,-0.8204506103510156
604,3.1055843457138317,1.1332018927558885,-0.8187963502549891
605,3.1031855457110566,1.1324291792670393,-0.8171448222165162
606,3.0993132987975427,1.1311805704357714,-0.8154960172263322
607,3.09898113590991,1.1310733916331348,-0.8138499263196635
608,3.0980251452194847,1.1307648585593761,-0.8122065405759336
609,3.097875245447933,1.130716471799703,-0.8105658511184736
610,3.0939660474966955,1.1294537784309011,-0.8089278491142352
611,3.091895633539489,1.1287843764490022,-0.8072925257735044
612,3.089031508094451,1.1278576139797465,-0.8056598723496192
613,3.0839730773306013,1.1262187258739385,-0.804029880138688
614,3.0833862795553255,1.1260284344564646,-0.8024025404793127
615,3.0805269056828806,1.1251006556277818,-0.8007778447523107
616,3.0798026366598465,1.1248655159257925,-0.7991557843804427
617,3.079668343999968,1.1248219106680288,-0.7975363508281398
618,3.0787135704316992,1.1245118377985042,-0.7959195356012344
619,3.0767069777978593,1.1238598619703062,-0.7943053302466934
620,3.0727507997362142,1.1225731863801762,-0.7926937263523517
621,3.072491200788062,1.1224886985932725,-0.7910847155466512
622,3.0704488769650435,1.1218237649060097,-0.7894782894983774
623,3.0668595555279508,1.1206540919505776,-0.7878744399164029
624,3.0612393229154717,1.1188198414596107,-0.786273158549429
625,3.0564325772890926,1.117248411447039,-0.7846744371857319
626,3.056062565662405,1.1171273441517737,-0.7830782676529099
627,3.0513267681281424,1.1155765019753179,-0.7814846418176318
628,3.047233357421242,1.1142340830313853,-0.7798935515853901
629,3.0456367214934716,1.1137099832414217,-0.7783049889002521
630,3.044435221267202,1.113315406542443,-0.7767189457446174
631,3.0342022686851227,1.1099485460361183,-0.7751354141389731
632,3.0228037700894235,1.1061848013812705,-0.7735543861416544
633,3.020780464459348,1.1055152299391782,-0.7719758538486046
634,3.020142877218822,1.105304140605038,-0.7703998093931388
635,3.0192151684386848,1.1049969196122036,-0.7688262449457084
636,3.0115976586549467,1.1024707215512868,-0.7672551527136672
637,3.0087542928280033,1.1015261368953493,-0.7656865249410407
638,3.006544160146988,1.100791299614125,-0.7641203539082957
639,3.005788849755093,1.1005400459345218,-0.7625566319321131
640,3.0009718370050558,1.0989361818773926,-0.7609953513651605
641,2.9967275159713926,1.0975208652726856,-0.7594365045958694
642,2.995916182354572,1.0972500887464576,-0.7578800840482112
643,2.994991515011057,1.0969413985119996,-0.7563260821814769
644,2.991140935792741,1.0956548984951535,-0.754774491490058
645,2.9875693328027038,1.0944601246210404,-0.7532253045032287
646,2.9820182421688095,1.0926003337513368,-0.75167851378493
647,2.971408372485193,1.0890360399075252,-0.7501341119335558
648,2.9706738870370057,1.0887888250694098,-0.7485920915817406
649,2.9691596821261435,1.0882789774697987,-0.7470524453961477
650,2.9647805090249753,1.0868030023992372,-0.7455151660772612
651,2.9569754788624163,1.0841669482632195,-0.7439802463591776
652,2.9547149377747344,1.083402178446621,-0.7424476790093995
653,2.9522147506029572,1.082555651586482,-0.7409174568286319
654,2.9488466993811238,1.081414144548772,-0.7393895726505786
655,2.947345298866397,1.080904866510464,-0.7378640193417415
656,2.9431474444680594,1.0794795680534746,-0.73634078980122
657,2.9423773728855704,1.0792178848184935,-0.7348198769605134
658,2.9362118550377567,1.0771202658594343,-0.7333012737833233
659,2.9354909557555726,1.0768747155279423,-0.7317849732653593
660,2.9350106729784646,1.0767110897226693,-0.7302709684341443
661,2.934072709266414,1.0763914610314589,-0.7287592523488223
662,2.9272244880989273,1.074054700395345,-0.727249818099968
663,2.9198916722655035,1.0715465170528113,-0.7257426588093967
664,2.918671646182967,1.0711285970838906,-0.7242377676299764
665,2.917093106578063,1.0705876089836917,-0.7227351377454414
666,2.9161847745723404,1.0702761779044352,-0.7212347623702069
667,2.913496425704693,1.0693538807956033,-0.7197366347491848
668,2.907144230894705,1.0671712353768121,-0.7182407481576021
669,2.905527468523124,1.0666149464629084,-0.7167470959008188
670,2.905391185099863,1.0665680404807705,-0.7152556713141487
671,2.8982623263963867,1.0641113596073368,-0.713766467762681
672,2.8981689166978404,1.0640791295351986,-0.7122794786411027
673,2.8950205807359026,1.0629922200621773,-0.7107946973735235
674,2.8939710807024523,1.0626296353129405,-0.7093121174133007
675,2.893625475084669,1.0625102055583393,-0.7078317322428664
676,2.8925819673148316,1.0621495175631237,-0.7063535353735555
677,2.8923064767218927,1.0620542726518993,-0.7048775203454349
678,2.8907773589801993,1.0615254483011651,-0.7034036807271344
679,2.8907134729326955,1.0615033481026648,-0.7019320101156781
680,2.8898546939911194,1.0612062219645082,-0.7004625021363182
681,2.888611421863872,1.060775909794633,-0.6989951504423684
682,2.883610683801422,1.059043218563417,-0.6975299487150405
683,2.88103534263586,1.058149723516164,-0.6960668906632801
684,2.876433251350412,1.0565510722372393,-0.6946059700236052
685,2.8756621110801714,1.0562829472406,-0.6931471805599453
686,2.8743329151553905,1.0558206178151335,-0.6916905160634812
687,2.870657318853346,1.0545410345072974,-0.6902359703524867
688,2.8683952220519693,1.053752717306017,-0.688783537272172
689,2.8658930730076593,1.0528800199199198,-0.6873332106945255
690,2.865465059946633,1.052730661582195,-0.6858849845181606
691,2.8627930671276087,1.0517977451690226,-0.6844388526681608
692,2.861037180801917,1.0511842097199562,-0.6829948090959274
693,2.857186932751687,1.0498375508427815,-0.681552847779026
694,2.8512780877471533,1.0477673455971912,-0.6801129627210384
695,2.849540275854758,1.0471576745516025,-0.6786751479514108
696,2.848597205816049,1.046826664620602,-0.6772393975253066
697,2.8372534533208977,1.0428364903349985,-0.6758057055234581
698,2.8347604178740005,1.0419574249222356,-0.6743740660520203
699,2.832960305837168,1.0413222093972963,-0.6729444732424258
700,2.8278470110504923,1.0395156486397543,-0.6715169212512404
701,2.827023157168468,1.0392242701064387,-0.6700914042600196
702,2.822754986426019,1.0377133535904473,-0.6686679164751657
703,2.822182871034621,1.037510653256873,-0.6672464521277881
704,2.8221644883076618,1.0375041395801663,-0.6658270054735619
705,2.821051404841077,1.0371096540591105,-0.6644095707925883
706,2.8201525074362643,1.0367909641388742,-0.6629941423892578
707,2.8196409386995933,1.0366095501410177,-0.6615807145921108
708,2.8189782326540067,1.036374490446969,-0.660169281753703
709,2.816907305642439,1.0356395830075957,-0.6587598382504694
710,2.8163084546249544,1.0354269687406386,-0.6573523784825898
711,2.816134654062229,1.0353652546462655,-0.6559468968738548
712,2.808254467426292,1.0325631043604224,-0.6545433878715347
713,2.8021231515945875,1.0303773982675382,-0.6531418459462461
714,2.80187514273902,1.0302888868716726,-0.6517422655918228
715,2.7988493690167884,1.0292083930854652,-0.650344641325185
716,2.7972549184793527,1.0286385500308444,-0.6489489676862102
717,2.7957540344648235,1.0281018499957886,-0.6475552392376064
718,2.793695137537258,1.0273651416163658,-0.6461634505647837
719,2.7928595313578324,1.0270659925933339,-0.6447735962757296
720,2.79265655684349,1.026993313717747,-0.6433856710008815
721,2.791053601694069,1.0264191595629133,-0.6419996693930043
722,2.7832648819229804,1.0236246565711489,-0.6406155861270658
723,2.7806297962207163,1.0226774474481461,-0.6392334159001141
724,2.7786988559993344,1.0219827807285378,-0.6378531534311558
725,2.7729689945896827,1.0199185853917885,-0.6364747934610345
726,2.7728159309293616,1.0198633853930812,-0.6350983307523111
727,2.770327122317581,1.0189654079261048,-0.6337237600891445
728,2.7659626192158897,1.0173887187679815,-0.6323510762771725
729,2.7597689935299528,1.015146978229792,-0.6309802741433937
730,2.7548266992452817,1.0133545365411356,-0.629611348536052
731,2.754588570762075,1.0132680923463582,-0.6282442943245189
732,2.7516828586489854,1.0122126731139194,-0.626879106399179
733,2.7505797634945424,1.01181171254734,-0.625515779671315
734,2.7505184656363952,1.0117894268670644,-0.6241543090729939
735,2.7478930304573375,1.0108344472768853,-0.6227946895569543
736,2.7436849382443182,1.0093018848474167,-0.6214369160964939
737,2.743483400484748,1.0092284270100698,-0.6200809836853581
738,2.740351043077929,1.0080860301052332,-0.6187268873376288
739,2.738557678612329,1.007431387138634,-0.6173746220876151
740,2.7385378654152768,1.0074241522102332,-0.6160241829897436
741,2.7372708412444067,1.0069613806777138,-0.61467556511845
742,2.735557546810359,1.0063352713358764,-0.6133287635680714
743,2.727980099966339,1.003561445220862,-0.6119837734527387
744,2.725130971742559,1.0025164899850094,-0.610640589906271
745,2.7226079180716347,1.0015902143677853,-0.6092992080820696
746,2.722470539154566,1.0015397545192533,-0.6079596231530133
747,2.7207821468794195,1.000919392971965,-0.6066218303113533
748,2.7190146211347868,1.0002695430300597,-0.605285824768611
749,2.714394529926472,0.9985689192804564,-0.6039516017554744
750,2.713760210874474,0.9983352048470349,-0.6026191565216957
751,2.7127438503041876,0.9979606135555837,-0.6012884843359908
752,2.710261569941636,0.9970451505074941,-0.599959580485937
753,2.710163667692927,0.9970090270505962,-0.5986324402778744
754,2.708384512984083,0.9963523364709588,-0.5973070590368058
755,2.7020340203714377,0.9940048302697864,-0.5959834321062977
756,2.6986417672672425,0.9927485972783243,-0.5946615548483818
757,2.6985981352373534,0.9927324290031769,-0.5933414226434589
758,2.6981694276571933,0.9925735533146965,-0.5920230308902006
759,2.6940917966645674,0.9910611518933842,-0.5907063750054536
760,2.6915167496526458,0.9901048821660152,-0.5893914504241448
761,2.691131901571951,0.9899618863636557,-0.5880782525991843
762,2.6902377425668833,0.9896295698448414,-0.5867667770013735
763,2.6861795111774462,0.9881199280262706,-0.58545701911931
764,2.683838742370091,0.9872481362203259,-0.5841489744592948
765,2.683657464132633,0.9871805895540395,-0.5828426385452393
766,2.683089960737336,0.9869691007872002,-0.5815380069185744
767,2.6792544887007,0.9855385799667369,-0.5802350751381583
768,2.6779167702531166,0.9850391677169786,-0.5789338387801864
769,2.6773398693545603,0.984823715521272,-0.5776342934381011
770,2.6730025597460867,0.9832023947867337,-0.5763364347225011
771,2.672713058409311,0.9830940832498927,-0.5750402582610543
772,2.6723516873674873,0.98295886653707,-0.5737457596984085
773,2.671627199000376,0.9826877246081983,-0.5724529346961034
774,2.671382990061991,0.982596312116021,-0.5711617789324835
775,2.671045361899999,0.9824699170985502,-0.5698722881026118
776,2.6707254747651,0.9823501488999276,-0.568584457918183
777,2.669551264710313,0.9819103926359758,-0.5672982841074389
778,2.6694935426957045,0.9818887700361689,-0.5660137624150824
779,2.668005666600078,0.9813312519641946,-0.5647308886021931
780,2.6663886619306965,0.9807249958011433,-0.5634496584461446
781,2.6663740522520305,0.9807195165854162,-0.5621700677405194
782,2.6651706861470776,0.9802681029016033,-0.5608921122950273
783,2.664595257297052,0.980052172649368,-0.5596157879354228
784,2.6641974691637333,0.9799028749924775,-0.5583410905034221
785,2.6616227093633134,0.9789359779081959,-0.5570680158566239
786,2.660362528178097,0.9784624022958928,-0.5557965598684272
787,2.6590068185197877,0.9779526765749276,-0.5545267184279515
788,2.6588136704223437,0.9778800347481,-0.5532584874399563
789,2.6584472202103884,0.9777422005435829,-0.5519918628247633
790,2.658298702542666,0.9776863326612658,-0.5507268405181767
791,2.656071294109034,0.9768480739154635,-0.5494634164714046
792,2.65514012990021,0.9764974329245381,-0.5482015866509826
793,2.654132282072231,0.9761177771970181,-0.5469413470386948
794,2.653118845823796,0.9757358709196136,-0.5456826936314986
795,2.647139878278193,0.9734797659281731,-0.5444256224414474
796,2.645779108375801,0.9729655808685476,-0.5431701294956156
797,2.6456252005133534,0.9729074080835904,-0.5419162108360218
798,2.644588968383901,0.9725156537577269,-0.5406638625195559
799,2.6435251339901664,0.9721133044938907,-0.5394130806179032
800,2.64305704687626,0.9719362195270387,-0.5381638612174712
801,2.6405496687603596,0.9709871033497482,-0.5369162004193161
802,2.6397100579838275,0.9706690846055733,-0.5356700943390689
803,2.636960729117118,0.969627015002814,-0.5344255391068642
804,2.6365762154368753,0.9694811873789756,-0.5331825308672671
805,2.6357097277987194,0.9691524921392689,-0.5319410657792023
806,2.634891546499424,0.96884202232253,-0.5307011400158818
807,2.632916710923548,0.9680922472464883,-0.5294627497647352
808,2.6317729995393626,0.9676577633680161,-0.5282258912273388
809,2.6294296216495425,0.9667669487716164,-0.526990560619346
810,2.6278982724107367,0.9661843907448119,-0.5257567541704177
811,2.627452087964519,0.9660145887652316,-0.5245244681241525
812,2.625608167757583,0.9653125521645056,-0.5232936987380199
813,2.620705634082392,0.9634436074969187,-0.5220644422832902
814,2.6180390305270733,0.962425575904871,-0.5208366950449679
815,2.616981312591382,0.9620214827473441,-0.5196104533217235
816,2.6133297036378376,0.9606251567791495,-0.5183857134258276
817,2.6131640569294596,0.9605617694621367,-0.5171624716830834
818,2.611982587390837,0.960109545002545,-0.5159407244327611
819,2.611809716641881,0.9600433590828308,-0.5147204680275318
820,2.6113090376118064,0.959851642579659,-0.5135016988334024
821,2.6108658778901512,0.959681920297319,-0.5122844132296506
822,2.6099172187667428,0.9593185038840009,-0.5110686076087606
823,2.609427912845679,0.9591310068282751,-0.5098542783763589
824,2.609374594498607,0.9591105736553398,-0.5086414219511496
825,2.608357868930423,0.9587208543325578,-0.5074300347648525
826,2.6082297032369586,0.9586717165804479,-0.5062201132621392
827,2.6070520654864175,0.9582201061698202,-0.5050116539005708
828,2.604477018086925,0.9572318942390198,-0.5038046531505356
829,2.603005286827845,0.9566666570621695,-0.502599107495187
830,2.601783758636297,0.9561972708091223,-0.5013950134303823
831,2.600731143232945,0.9557926144313627,-0.5001923674646219
832,2.600687840117936,0.9557759639307402,-0.4989911661189879
833,2.595045638393555,0.9536041035127412,-0.4977914059270838
834,2.5930058928469117,0.9528177791520598,-0.49659308343497505
835,2.5927973588517608,0.952737354197567,-0.4953961952011289
836,2.5923721132890174,0.9525733304116593,-0.49420073779635515
837,2.590304940922977,0.9517756065889938,-0.49300670780374756
838,2.5887808532477705,0.9511870518595408,-0.4918141018186244
839,2.5866457672330228,0.9503619658164218,-0.4906229164484712
840,2.584876083170005,0.9496775699332424,-0.4894331483128824
841,2.5842943614792993,0.9494524964134619,-0.4882447940435039
842,2.5821204487355387,0.9486109407304909,-0.48705785028397514
843,2.5800424809286535,0.9478058642741939,-0.48587231368987344
844,2.5787307764556595,0.9472973307776366,-0.4846881809286566
845,2.5776456899480076,0.9468764590547363,-0.48350544867960715
846,2.5775756691456415,0.9468492940515316,-0.4823241136337762
847,2.575955408147571,0.9462204975905594,-0.4811441724939275
848,2.573938663838135,0.9454372797673033,-0.47996562197448317
849,2.573636130814026,0.9453197358610848,-0.4787884588014683
850,2.572515209474081,0.9448841010405941,-0.47761267971245647
851,2.570610211949688,0.9441433072798292,-0.47643828145651484
852,2.56257525900225,0.9410127133999869,-0.47526526079415143
853,2.5624790379121287,0.9409751641040933,-0.4740936144972606
854,2.56237351614395,0.9409339836927232,-0.4729233393490702
855,2.5610898133671167,0.9404328762499115,-0.47175443214408846
856,2.560085125639331,0.9400405101414925,-0.4705868896880508
857,2.55934199545192,0.9397501924262275,-0.46942070879786824
858,2.559108745395087,0.939659051544424,-0.4682558863015751
859,2.5589698986689196,0.9396047941811212,-0.4670924190382772
860,2.5575561760715066,0.9390521838307629,-0.46593030385809975
861,2.5549780258656196,0.9380436231746992,-0.46476953762213746
862,2.5538102095182795,0.9375864437756424,-0.4636101172024025
863,2.5533263327800464,0.9373969533495794,-0.4624520394817748
864,2.5513439176610433,0.9366202468743694,-0.46129530135395125
865,2.5509081302578864,0.9364494252841682,-0.4601398997233954
866,2.5473700650478723,0.9350614799259699,-0.45898583150528866
867,2.541448753208231,0.9327342937071235,-0.4578330936254803
868,2.536195315862065,0.9306650509050669,-0.4566816830204386
869,2.5354553213855406,0.9303732348732838,-0.45553159663720116
870,2.535351964823483,0.9303324695449097,-0.45438283143332775
871,2.5330980141949984,0.9294430651761597,-0.45323538437685085
872,2.5324342429499715,0.9291809915321158,-0.4520892524462283
873,2.528954925449868,0.9278061444565825,-0.45094443263029516
874,2.5282639417405606,0.9275328781686272,-0.44980092192821614
875,2.5241985630264034,0.9259236115634114,-0.4486587173494391
876,2.523927881894637,0.9258163713288494,-0.4475178159136474
877,2.5222944699904355,0.925168991230492,-0.446378214650714
878,2.5216697730906246,0.9249212904646265,-0.4452399106006536
879,2.5215058531072514,0.9248562838118423,-0.4441029008135784
880,2.519467582244645,0.9240476023141807,-0.442967182349651
881,2.5179517111945415,0.9234457579936834,-0.4418327522790392
882,2.5179321027890365,0.9234379705203305,-0.44069960768187055
883,2.5166256898952115,0.9229189922994248,-0.4395677456481871
884,2.5161514035544776,0.9227305133211862,-0.438437163277901
885,2.5135192226316834,0.9216838518760464,-0.43730785768074953
886,2.5128676569993633,0.9214245938238618,-0.4361798259762511
887,2.5109185445329993,0.9206486401960714,-0.4350530652936605
888,2.5089234057499388,0.9198537391183578,-0.43392757277192595
889,2.5061945544054725,0.9187654888975418,-0.432803345559645
890,2.50550943195847,0.9184920799120413,-0.43168038081502114
891,2.5042024365525886,0.9179702952386551,-0.43055867570582124
892,2.500625919227561,0.9165410682284195,-0.4294382274093315
893,2.4997087071746664,0.9161742079553735,-0.4283190331123164
894,2.49803556154239,0.9155046476078156,-0.4272010900109751
895,2.4964287246822208,0.9148612004537173,-0.42608439531090014
896,2.4955109543843434,0.914493499573009,-0.42496894622703446
897,2.495045603981374,0.9143070071852859,-0.42385473998363093
898,2.493613427259581,0.9137328341451282,-0.42274177381421024
899,2.490174842730946,0.9123529259756857,-0.42163004496151973
900,2.4896605206871136,0.9121463641084243,-0.4205195506774927
901,2.4867437411077935,0.9109741201507852,-0.4194102882232069
902,2.4839060740653753,0.9098323509832892,-0.4183022548688451
903,2.4810713071900827,0.9086904456066294,-0.417195447893654
904,2.4810061012424813,0.9086641638934525,-0.41608986458590447
905,2.4801844585051542,0.9083329358404503,-0.41498550224285125
906,2.477985317507556,0.9074458580512034,-0.4138823581706939
907,2.477027226133188,0.9070591420225879,-0.4127804296845372
908,2.476773780265458,0.9069568182241052,-0.41167971410835164
909,2.476645669560219,0.906905092055318,-0.4105802087749349
910,2.475391759235259,0.9063986700543585,-0.4094819110258722
911,2.4734354701869767,0.9056080628824001,-0.40838481821149913
912,2.4716550877091286,0.9048880022348026,-0.407288927690862
913,2.467472372070986,0.903194295533732,-0.4061942368316806
914,2.46488413652328,0.9021448029511255,-0.40510074301030924
915,2.4608521222711293,0.9005076811318273,-0.4040084436117003
916,2.460147672842706,0.9002213777534226,-0.40291733602936564
917,2.456869231914328,0.8988878694585746,-0.40182741766534
918,2.4554778025614503,0.8983213665709225,-0.40073868593014356
919,2.4544683415568826,0.8979101763097015,-0.39965113824274456
920,2.4496156660460313,0.8959311412494733,-0.39856477203052365
921,2.448802256519519,0.8955990301283533,-0.39747958472923667
922,2.445796305198367,0.8943707570999687,-0.39639557378297846
923,2.443421861569263,0.8933994591399317,-0.3953127366441464
924,2.4420833786194294,0.8928515186844341,-0.39423107077340536
925,2.441968631311068,0.8928045301150458,-0.3931505736396511
926,2.4412797969242335,0.8925224087355884,-0.3920712427199753
927,2.440867700633528,0.8923535911028191,-0.39099307549963
928,2.440663688299538,0.8922700057203421,-0.38991606947199203
929,2.440241475506942,0.8920969997800587,-0.3888402221385289
930,2.4402073469351233,0.892083013946763,-0.38776553100876343
931,2.4387758998981917,0.8914962330518162,-0.3866919936002394
932,2.4377693064498254,0.8910834024842448,-0.3856196074384868
933,2.4371148612784808,0.8908149057763195,-0.38454837005698794
934,2.436596983227273,0.8906023868299068,-0.3834782789971435
935,2.434335374686623,0.8896737725372054,-0.38240933180823844
936,2.4332524440278682,0.8892288167533741,-0.3813415260474084
937,2.432371537672225,0.8888667228601422,-0.38027485927960586
938,2.4315503204434985,0.8885290458741687,-0.3792093290775676
939,2.4313504832324018,0.888446857394791,-0.3781449330217809
940,2.430741874593503,0.8881965089450757,-0.37708166870045096
941,2.4296920936567012,0.8877645388946714,-0.3760195337094675
942,2.4281301871682586,0.8871214908571052,-0.37495852565237303
943,2.427345621076377,0.8867983233119688,-0.3738986421403298
944,2.4272642722915365,0.8867648092761823,-0.37283988079208774
945,2.426883967970179,0.8866081167718284,-0.3717822392339523
946,2.4252528018243247,0.8859357671309623,-0.37072571509975233
947,2.4242122952072065,0.885506644903143,-0.36967030603080875
948,2.422832004215413,0.884937105635978,-0.36861600967590263
949,2.421288605565905,0.8842998800893569,-0.36756282369124393
950,2.420121405292542,0.8838177063865064,-0.3665107457404403
951,2.419961728225477,0.8837517252606794,-0.36545977349446523
952,2.4190702163060522,0.8833832582037429,-0.3644099046316284
953,2.4173847222576814,0.8826862625166059,-0.36336113683754395
954,2.4173222569858726,0.8826604221618211,-0.3623134678051004
955,2.4170369479107654,0.8825423882866595,-0.3612668952344293
956,2.4167682819326917,0.8824312270107804,-0.3602214168328763
957,2.415317470599097,0.8818307362697251,-0.35917703031496995
958,2.414866945765335,0.8816441906655688,-0.35813373340239224
959,2.414262382750417,0.8813938088774869,-0.35709152382394865
960,2.4134254458945503,0.8810470851894782,-0.35605039931553806
961,2.412491100812449,0.8806598654417959,-0.355010357620124
962,2.4116990584910516,0.8803315026275785,-0.3539713964877049
963,2.4077211796872,0.8786807315760463,-0.35293351367528497
964,2.4061257550043544,0.8780178834369571,-0.35189670694684466
965,2.398673601532816,0.8749159185497454,-0.3508609740733125
966,2.3980515025415654,0.8746565336647495,-0.3498263128325362
967,2.394607611467716,0.8732193808922788,-0.34879272100925346
968,2.389794211283003,0.8712072581705622,-0.34776019639506434
969,2.3887751541820053,0.8707807467867115,-0.34672873678840205
970,2.3873286845135877,0.8701750356206674,-0.3456983399945056
971,2.3864099629273445,0.8697901290870522,-0.3446690038253914
972,2.384188921157065,0.8688589915151373,-0.34364072609982554
973,2.3837871604299914,0.8686904668744304,-0.3426135046432955
974,2.3835817467552887,0.8686042920141127,-0.34158733728798335
975,2.382240103236387,0.8680412648609489,-0.340562221872738
976,2.37989247409909,0.8670553077128217,-0.33953815624304773
977,2.3795284086778445,0.8669023204352001,-0.33851513825101326
978,2.379049388566198,0.8667009913265148,-0.3374931657553202
979,2.3787671133554267,0.866582333866317,-0.3364722366212129
980,2.3763780670126913,0.8655775079553807,-0.3354523487204674
981,2.376333045031464,0.8655585621452243,-0.33443349993136473
982,2.374590729837397,0.8648250983580793,-0.333415688138664
983,2.3733678890684007,0.8643099966505096,-0.3323989112335771
984,2.3725641469875054,0.8639712888550868,-0.3313831671137416
985,2.371881310687101,0.863683442230561,-0.33036845368319506
986,2.371772789298304,0.8636376878873782,-0.329354768852349
987,2.368512729456305,0.8622622178474064,-0.32834211053796275
988,2.367718808005784,0.8619269633516422,-0.3273304766631184
989,2.3674940365340826,0.8618320271875247,-0.32631986515719485
990,2.3672892372547354,0.8617455187804309,-0.3253102739558426
991,2.367161248791313,0.8616914519087504,-0.3243017010009578
992,2.3665193422186825,0.8614202436748091,-0.32329414424065794
993,2.365809387022619,0.8611201989222106,-0.32228760162925646
994,2.362282318124917,0.8596282356643408,-0.32128207112723767
995,2.3605986421742426,0.8589152488090072,-0.32027755070123237
996,2.3587020145567843,0.8581114739035608,-0.3192740383239922
997,2.3571336650873813,0.8574463321837191,-0.31827153197436653
998,2.355871701676087,0.8569108083116891,-0.31727002963727696
999,2.352152765545169,0.8553309792643654,-0.31626952930369356
1000,2.349818001637508,0.8543378790452638,-0.31527002897060996
1001,2.349594644227836,0.854242821459701,-0.3142715266410204
1002,2.3492538535769465,0.8540977686231831,-0.31327402032389495
1003,2.3481262898710433,0.8536176866655274,-0.31227750803415594
1004,2.3477841031610094,0.8534719484882626,-0.3112819877926545
1005,2.347553030663415,0.8533735221170798,-0.310287457626146
1006,2.3473456718491645,0.8532851884479107,-0.3092939155672682
1007,2.3451029410578172,0.8523292990404281,-0.30830135965451655
1008,2.344446996793776,0.8520495518250185,-0.30730978793222163
1009,2.344349367397443,0.8520079081327938,-0.3063191984505254
1010,2.3426892461279745,0.8512995199688472,-0.30532958926535914
1011,2.3414984126005707,0.8507910716999828,-0.30434095843841963
1012,2.340143361802211,0.8502121932203827,-0.3033533040371471
1013,2.3389800538378056,0.8497149599204508,-0.3023666241347021
1014,2.3365871103329883,0.8486913648656784,-0.30138091680994283
1015,2.333237142920633,0.8472566350748663,-0.3003961801474033
1016,2.3327303920098053,0.8470394235709171,-0.29941241223727055
1017,2.3309346625615674,0.8462693298716608,-0.29842961117536254
1018,2.330690068865345,0.8461643906238497,-0.29744777506310577
1019,2.3298950396758107,0.8458232192135094,-0.29646690200751374
1020,2.3276881550209065,0.8448755668677289,-0.29548699012116497
1021,2.327489501944296,0.8447902197160756,-0.29450803752218074
1022,2.324672878047674,0.8435793315265783,-0.2935300423342041
1023,2.3237272241762916,0.8431724586827472,-0.29255300268637746
1024,2.323156499718742,0.8429268211784194,-0.291576916713322
1025,2.322626261376938,0.842698554653111,-0.29060178255511565
1026,2.3221196058302986,0.8424803917812839,-0.28962759835727236
1027,2.3204083892245224,0.8417432000249407,-0.28865436227072017
1028,2.3173127532035886,0.8404082183019731,-0.2876820724517809
1029,2.317227115871068,0.8403712621704263,-0.28671072706214906
1030,2.3165610484199135,0.8400837792591983,-0.2857403242688705
1031,2.3151970236851183,0.8394947913401434,-0.2847708622443225
1032,2.312227002224769,0.8382111303436366,-0.283802339166192
1033,2.310182071117431,0.8373263400932288,-0.2828347532174561
1034,2.3101674357264144,0.8373200049053844,-0.281868102586361
1035,2.3092565322705934,0.8369256252277717,-0.2809023854664022
1036,2.307220325440549,0.8360434776399683,-0.27993760005630325
1037,2.30642300098617,0.8356978399710356,-0.2789737445599966
1038,2.30516230531923,0.8351510884248279,-0.2780108171866031
1039,2.3016019661740215,0.8336053875188358,-0.2770488161504121
1040,2.300392903066564,0.833079935766007,-0.2760877396708617
1041,2.299910594044023,0.8328702500247896,-0.27512758597251835
1042,2.299511628672941,0.8326967650291691,-0.27416835328505806
1043,2.2991834157892246,0.8325540232813035,-0.27321003984324643
1044,2.298303711160881,0.8321713339491581,-0.2722526438869192
1045,2.296856199722372,0.8315413182306802,-0.2712961636609624
1046,2.2957924563462138,0.8310780807941414,-0.2703405974152937
1047,2.295687837461413,0.8310325099202077,-0.269385943404843
1048,2.2954278946356483,0.8309192725978614,-0.2684321998895333
1049,2.295205152303951,0.8308222304994864,-0.2674793651342615
1050,2.2946777120079522,0.8305924031535986,-0.2665274374088794
1051,2.2944278728763474,0.8304835195695405,-0.26557641498817536
1052,2.294342592306961,0.8304463503234241,-0.264626296151855
1053,2.2918890978404303,0.8293764110502474,-0.263677079184523
1054,2.2885872717832587,0.8279347153126737,-0.26272876237566367
1055,2.288056526552099,0.827702778873254,-0.2617813440196238
1056,2.287608267225452,0.8275068469821372,-0.26083482241559286
1057,2.2872018083833634,0.827329152679449,-0.2598891958675858
1058,2.2842526335325495,0.8260388958050011,-0.2589444626844241
1059,2.28389372867528,0.8258817621102591,-0.2580006211797177
1060,2.28309885518273,0.8255336671720778,-0.2570576696718474
1061,2.2817450501909047,0.8249405231086311,-0.2561156064839463
1062,2.277539517848048,0.8230957014166115,-0.2551744299438827
1063,2.2772254429619387,0.8229577909473297,-0.25423413838424086
1064,2.2767186280412783,0.8227352080983307,-0.253294730142305
1065,2.2752669450060306,0.8220973839834839,-0.2523562035600407
1066,2.2752297991572594,0.8220810579202603,-0.2514185569840771
1067,2.2714327204170965,0.820410786767926,-0.25048178876569044
1068,2.2700201142436223,0.8197886923543279,-0.24954589726078533
1069,2.2694195159150694,0.8195240789302095,-0.24861088082987867
1070,2.2686540853187362,0.8191867416938176,-0.24767673783808172
1071,2.2676471726852587,0.8187428061645193,-0.24674346665508332
1072,2.2663884620929737,0.8181875786691877,-0.2458110656551321
1073,2.266204110029776,0.8181062335845078,-0.24487953321702055
1074,2.264186129195627,0.8172153695039088,-0.24394886772406735
1075,2.263749911469556,0.8170226911076139,-0.24301906756410074
1076,2.262796694939089,0.8166015238790659,-0.24209013112944203
1077,2.2614999670489735,0.8160282953653311,-0.2411620568168881
1078,2.2613943865643216,0.8159816082325279,-0.24023484302769588
1079,2.26054421496789,0.8156055873789229,-0.23930848816756511
1080,2.259479306430063,0.8151343913541725,-0.23838299064662233
1081,2.251720640536092,0.8116946530871502,-0.23745834887940373
1082,2.2494675000154274,0.8106935215465454,-0.23653456128483993
1083,2.247579466293126,0.8098538443773374,-0.235611626286239
1084,2.245993239969593,0.8091478465029922,-0.23468954231127054
1085,2.243215365568558,0.8079102676780038,-0.23376830779194985
1086,2.2402423456240657,0.806584050025575,-0.2328479211646211
1087,2.2389808073726147,0.8060207656158831,-0.23192838086994258
1088,2.2376036225400426,0.8054054818442571,-0.23100968535287003
1089,2.2372151240310068,0.8052318441923144,-0.23009183306264122
1090,2.2359288546797025,0.8046567366648667,-0.22917482245275975
1091,2.2336630834167455,0.803642876120807,-0.2282586519809802
1092,2.23324578372708,0.8034560356441861,-0.22734332010929195
1093,2.230690838799502,0.8023113306796604,-0.22642882530390396
1094,2.228578104796287,0.8013637609376144,-0.2255151660352294
1095,2.22750925548119,0.8008840354523722,-0.22460234077786972
1096,2.227212305184333,0.800750716099747,-0.22369034801060028
1097,2.2252743458757682,0.7998802095343954,-0.22277918621635456
1098,2.224354715634121,0.7994668581102525,-0.22186885388220923
1099,2.2240296675874562,0.7993207160419237,-0.22095934949936866
1100,2.22298738482706,0.798851960124329,-0.22005067156315058
1101,2.2229249602079593,0.7988238783205236,-0.21914281857297072
1102,2.2219053420487973,0.7983650899719431,-0.21823578903232801
1103,2.2202290440867607,0.7976103635742733,-0.21732958144878997
1104,2.217833986566294,0.7965310378700491,-0.21642419433397736
1105,2.2168445875556158,0.7960848278412691,-0.21551962620355042
1106,2.2165208529376508,0.7959387832063813,-0.2146158755771936
1107,2.216312695791805,0.7958448671395087,-0.2137129409786015
1108,2.2144723528059678,0.7950141596818086,-0.21281082093546352
1109,2.214050223849539,0.7948235186947072,-0.2119095139794507
1110,2.214014182569837,0.7948072401240294,-0.2110090186462005
1111,2.211616763150796,0.7937238151014939,-0.2101093334753028
1112,2.211058159339581,0.7934712060700931,-0.20921045701028576
1113,2.2105191113028693,0.7932273799391052,-0.20831238779860123
1114,2.2065504390113997,0.7914304087507635,-0.2074151243916114
1115,2.2057228673044396,0.7910552861510461,-0.20651866534457425
1116,2.205578894494529,0.7909900116276806,-0.20562300921662977
1117,2.2053957295164874,0.7909069619646197,-0.2047281545707861
1118,2.2049751222969656,0.7907162264301583,-0.2038340999739053
1119,2.2034344605533747,0.7900172615189536,-0.2029408439966903
1120,2.2032840713538926,0.7899490070123626,-0.20204838521367058
1121,2.2021297882764355,0.7894249776518301,-0.20115672220318898
1122,2.2020145202297945,0.7893726323885539,-0.20026585354738738
1123,2.2009038691966527,0.7888681256235107,-0.19937577783219415
1124,2.2004024947560508,0.7886402957924056,-0.19848649364731
1125,2.1996976542454885,0.7883199210315034,-0.19759799958619478
1126,2.1996952216281365,0.78831881514375,-0.19671029424605427
1127,2.1988195986403754,0.7879206702993615,-0.19582337622782633
1128,2.1978555183641846,0.7874821205926008,-0.1949372441361685
1129,2.196134261862957,0.786698661060211,-0.19405189657944424
1130,2.1950431580724867,0.7862017083258616,-0.19316733216971013
1131,2.1918817201473004,0.7847604078430719,-0.19228354952270232
1132,2.189880796926511,0.7838471117198452,-0.1914005472578242
1133,2.1892762801631043,0.7835710235336464,-0.19051832399813312
1134,2.189253361822218,0.7835605550235479,-0.18963687837032742
1135,2.189236972798443,0.7835530688707772,-0.18875620900473392
1136,2.1883277672300885,0.7831376755480404,-0.1878763145352945
1137,2.1861133509314294,0.7821252415351021,-0.18699719359955427
1138,2.1847821370884697,0.7815161151500082,-0.18611884483864835
1139,2.1846114732328257,0.7814379972824269,-0.18524126689728945
1140,2.1832726765708435,0.7808249788698538,-0.18436445842375493
1141,2.1829149041436344,0.7806610956553122,-0.183488418069875
1142,2.1811844521919523,0.779868055946048,-0.18261314449101984
1143,2.180966894908455,0.7797683082452618,-0.18173863634608725
1144,2.180285657861587,0.7794559039328924,-0.18086489229749056
1145,2.1801244976199907,0.7793819841703366,-0.17999191101114567
1146,2.1765831827961466,0.777756299885989,-0.17911969115645981
1147,2.174581452445775,0.7768362103654156,-0.17824823140631876
1148,2.174517066506441,0.7768066014986319,-0.1773775304370749
1149,2.1723990911707514,0.7758321288258379,-0.1765075869285348
1150,2.1699677329825375,0.774712297848514,-0.1756383995639479
1151,2.168967201280544,0.7742511101446715,-0.17476996702999395
1152,2.1680743422408306,0.7738393736909772,-0.17390228801677143
1153,2.166633989608674,0.773174806400678,-0.1730353612177857
1154,2.1649924054823253,0.7724168535879428,-0.17216918532993664
1155,2.164978312962138,0.7724103442967242,-0.17130375905350773
1156,2.1637515091217447,0.771843524964651,-0.17043908109215392
1157,2.1629829499660866,0.7714882643536712,-0.16957515015289004
1158,2.1618359093569652,0.7709578187219222,-0.16871196494607885
1159,2.159700884569281,0.7699697327408472,-0.1678495241854202
1160,2.1594305593892034,0.7698445570271937,-0.166987826587939
1161,2.158650193459187,0.7694831159226024,-0.16612687087397393
1162,2.155987669154521,0.7682489337143104,-0.16526665576716615
1163,2.154366339352987,0.7674966382532882,-0.1644071799944474
1164,2.15403957591939,0.7673449517870408,-0.16354844228602958
1165,2.1527983969738043,0.766768575806445,-0.1626904413753928
1166,2.1526540879588643,0.7667015403366545,-0.1618331759992746
1167,2.1525391661624442,0.7666481528162048,-0.1609766448976582
1168,2.1510821776465523,0.7659710539475264,-0.16012084681376212
1169,2.1495726260537724,0.7652690438008504,-0.1592657804940287
1170,2.1493492709708346,0.7651651316626497,-0.15841144468811313
1171,2.1476938382964033,0.7643946331062078,-0.15755783814887264
1172,2.1465753336972355,0.7638737041286969,-0.1567049596323551
1173,2.14577385052067,0.7635002567918273,-0.15585280789778877
1174,2.145579720346629,0.7634097817605965,-0.15500138170757116
1175,2.1448052773088624,0.7630487684498558,-0.15415067982725836
1176,2.144508349319574,0.7629103183314409,-0.15330070102555385
1177,2.1430324487691665,0.7622218581262993,-0.1524514440742985
1178,2.141397404410103,0.7614586086417852,-0.15160290774845958
1179,2.1403415287691434,0.7609654091829481,-0.15075509082612004
1180,2.1394792801442746,0.7605624723895481,-0.14990799208846828
1181,2.1383339400969357,0.7600269931548367,-0.14906161031978704
1182,2.136932631459951,0.7593714510202291,-0.14821594430744375
1183,2.136441548876002,0.7591416173733792,-0.1473709928418795
1184,2.13617258328674,0.7590157152528986,-0.14652675471659904
1185,2.1352792177573283,0.7585974192804521,-0.1456832287281598
1186,2.1345920251410586,0.7582755394938681,-0.1448404136761625
1187,2.134097304589902,0.7580437491174047,-0.14399830836324026
1188,2.133093792156294,0.757573410466355,-0.14315691159504865
1189,2.1330041313548023,0.7575313763625381,-0.1423162221802555
1190,2.1314600217567903,0.7568072011273603,-0.14147623893053043
1191,2.13058121117416,0.7563948115951828,-0.14063696066053544
1192,2.1276241669053646,0.7550059425850819,-0.13979838618791438
1193,2.1255865111390158,0.7540477695358303,-0.13896051433328319
1194,2.125086629368478,0.7538125683070749,-0.13812334392021952
1195,2.1234920571553086,0.7530619303146094,-0.13728687377525348
1196,2.1231006989883587,0.7528776139977261,-0.13645110272785735
1197,2.1220284980475945,0.7523724699072648,-0.1356160296104358
1198,2.1216732001436562,0.7522050227443693,-0.13478165325831634
1199,2.121219632472472,0.7519912215993462,-0.13394797250973886
1200,2.120664921309775,0.7517296816357634,-0.13311498620584697
1201,2.119973529256672,0.7514036024062849,-0.1322826931906776
1202,2.1188872105018786,0.7508910501686581,-0.1314510923111517
1203,2.1183661646118344,0.7506451144897909,-0.13062018241706422
1204,2.11827516571177,0.7506021564515795,-0.12978996236107515
1205,2.1172457600784678,0.7501160742569181,-0.12896043099869975
1206,2.117143753159259,0.750067894032161,-0.12813158718829898
1207,2.1166918519661015,0.7498544227323654,-0.12730342979107032
1208,2.116035876182468,0.7495444685699358,-0.12647595767103786
1209,2.115308428523061,0.749200630955131,-0.12564916969504375
1210,2.1150787432252325,0.7490920426445442,-0.12482306473273824
1211,2.1121103631002436,0.7476876197345539,-0.12399764165657083
1212,2.11112152292157,0.7472193337282765,-0.12317289934178043
1213,2.1095738730277906,0.7464859711811344,-0.12234883666638696
1214,2.1088425989772164,0.7461392656992302,-0.12152545251118167
1215,2.1077878776725347,0.7456389983257815,-0.12070274575971816
1216,2.107531993669843,0.7455175916421534,-0.11988071529830341
1217,2.1072539385383946,0.745385648935537,-0.11905936001598821
1218,2.105859111643967,0.7447235129193541,-0.118238678804559
1219,2.1058151791521618,0.7447026506737133,-0.11741867055852825
1220,2.105747037671196,0.7446702914314827,-0.11659933417512591
1221,2.105568294667634,0.7445854044118398,-0.11578066855428994
1222,2.105544638022473,0.744574169070713,-0.11496267259865818
1223,2.1047246992307813,0.7441846743679382,-0.11414534521355912
1224,2.1041725167390437,0.7439222861619205,-0.11332868530700312
1225,2.1041175728451504,0.7438961739440235,-0.11251269178967387
1226,2.1015500166606373,0.7426751756369278,-0.1116973635749191
1227,2.1015362436365237,0.742668621869881,-0.11088269957874275
1228,2.1007596997379507,0.7422990410893383,-0.11006869871979567
1229,2.100504607280087,0.7421776050455497,-0.10925535991936741
1230,2.0998149382156734,0.7418492161869683,-0.10844268210137706
1231,2.0998149020654515,0.7418491989710596,-0.10763066419236544
1232,2.09796836727637,0.7409694322991272,-0.10681930512148621
1233,2.0957270873074734,0.7399005515439275,-0.10600860382049736
1234,2.093074386298993,0.738633983347838,-0.10519855922375301
1235,2.0925050872446094,0.7383619545587575,-0.10438917026819447
1236,2.0919556221166964,0.7380993328403402,-0.10358043589334262
1237,2.0910146529934304,0.7376494280706424,-0.10277235504128908
1238,2.0890019037972674,0.7366863939178465,-0.10196492665668815
1239,2.088358410312586,0.736378307738353,-0.10115814968674802
1240,2.0880347389052147,0.7362233072887042,-0.10035202308122333
1241,2.0880157862374755,0.7362142304503733,-0.09954654579240643
1242,2.087488425327906,0.7359616329744023,-0.09874171677511936
1243,2.0866791208604663,0.7355738648895684,-0.09793753498670582
1244,2.086442906061146,0.7354606571769502,-0.09713399938702257
1245,2.0862700352820545,0.735377799438294,-0.09633110893843207
1246,2.086017242972078,0.7352566225904756,-0.09552886260579405
1247,2.0854404755051297,0.7349800921737492,-0.09472725935645762
1248,2.084633346848172,0.7345929869562299,-0.09392629816025289
1249,2.0841237554369565,0.7343485057349688,-0.09312597798948373
1250,2.084078958434966,0.734327011098039,-0.09232629781891936
1251,2.0829474210962555,0.7337839200477492,-0.09152725662578665
1252,2.082888598857899,0.7337556797434843,-0.09072885338976228
1253,2.08253657977734,0.7335866602238432,-0.08993108709296455
1254,2.079405469623579,0.7320820209437591,-0.08913395671994627
1255,2.078982580190901,0.7318786299042168,-0.08833746125768652
1256,2.078280424819196,0.731540832955823,-0.08754159969558317
1257,2.077172530243711,0.731007608484885,-0.08674637102544473
1258,2.0764332005980632,0.730651614343233,-0.08595177424148337
1259,2.07587449162669,0.7303825066488339,-0.08515780834030683
1260,2.0739981046595917,0.7294781959494405,-0.08436447232091093
1261,2.073416190353721,0.7291975804775843,-0.08357176518467212
1262,2.0731927651232307,0.7290898176125032,-0.08277968593533944
1263,2.0731279408818075,0.7290585492924552,-0.08198823357902779
1264,2.071622155465565,0.728331950367315,-0.08119740712420989
1265,2.0711494267584762,0.7281037317944307,-0.08040720558170909
1266,2.070639768681258,0.7278576265216893,-0.07961762796469152
1267,2.069220627863044,0.7271720281015168,-0.0788286732886593
1268,2.067791491937625,0.7264811256139809,-0.07804034057144285
1269,2.0673415694517447,0.726263515935658,-0.07725262883319353
1270,2.0671733805244425,0.7261821574549512,-0.07646553709637653
1271,2.066817506827004,0.7260099878938586,-0.07567906438576309
1272,2.06642652769278,0.7258208003539386,-0.074893209728424
1273,2.0659673685516164,0.7255985760672023,-0.07410797215372185
1274,2.0615636764226326,0.7234647610810057,-0.07332335069330408
1275,2.0607405719846863,0.7230654191599415,-0.07253934438109538
1276,2.06009594296356,0.7227525559710982,-0.07175595225329125
1277,2.057919512818179,0.7216955272292702,-0.0709731733483504
1278,2.0574345444818722,0.7214598399315071,-0.0701910067069878
1279,2.057117710287228,0.7213058332859951,-0.06940945137216772
1280,2.0566162858662063,0.7210620526118077,-0.0686285063890963
1281,2.055905453503737,0.7207163608856129,-0.06784817080521517
1282,2.0558542151343033,0.7206914380430512,-0.06706844367019407
1283,2.055849396118794,0.720689093994956,-0.06628932403592411
1284,2.0558285950236814,0.7206789759384556,-0.06551081095651039
1285,2.055413741846503,0.7204771619150564,-0.06473290348826584
1286,2.0553313879940354,0.7204370943117984,-0.06395560068970385
1287,2.055149021296141,0.7203483617648183,-0.06317890162153156
1288,2.0549944012309553,0.7202731234826644,-0.06240280534664319
1289,2.053404227018326,0.7194990144265937,-0.061627310930112755
1290,2.0514858544724515,0.718564337664268,-0.060852417439188025
1291,2.0514839505172304,0.7185634095778762,-0.060078123943283344
1292,2.051361048664414,0.7185034990265988,-0.059304429513972995
1293,2.0506622380552257,0.718162783936945,-0.058531333224984695
1294,2.05053712325572,0.7181017701755927,-0.05775883415219242
1295,2.0490669943026627,0.7173845648192129,-0.056986931373610515
1296,2.049065537982281,0.7173838540953063,-0.056215623969386605
1297,2.0475113971497265,0.716625103103088,-0.05544491102179527
1298,2.0473368782747428,0.7165398648410812,-0.05467479161523102
1299,2.0467209162434896,0.7162389594475493,-0.05390526483620242
1300,2.046648015056218,0.7162033402847019,-0.053136329773325226
1301,2.046608805926661,0.7161841823714445,-0.052367985517315925
1302,2.046143845661181,0.7159569708553516,-0.05160023116098545
1303,2.0457958065658914,0.7157868612615118,-0.05083306579923228
1304,2.0456497872720982,0.715715483412042,-0.05006648852903673
1305,2.044698957523079,0.7152505696232824,-0.04930049844945412
1306,2.0446538519783024,0.715228509631455,-0.04853509466160863
1307,2.0433156486204544,0.7145738064075429,-0.047770276268686546
1308,2.0415779061397004,0.7137229922738154,-0.0470060423759306
1309,2.041257566492825,0.7135660720894582,-0.04624239209063328
1310,2.0410382067803985,0.7134586032901253,-0.04547932452213064
1311,2.040747490891393,0.7133161578453961,-0.04471683878179622
1312,2.0398256118854765,0.7128643198322636,-0.04395493398303436
1313,2.0390553420153146,0.7124866329676437,-0.043193609241274696
1314,2.0383583650770274,0.7121447608913012,-0.042432863673965565
1315,2.036997095956282,0.7114767115962701,-0.041672696400568074
1316,2.033668298621947,0.709841205970689,-0.04091310654254952
1317,2.03364977955125,0.7098320996896745,-0.040154093223378
1318,2.0335298262380306,0.7097731136969816,-0.0393956555685159
1319,2.0331483339196215,0.7095854950537037,-0.03863779270541394
1320,2.0322932741744526,0.7091648471437327,-0.03788050376350525
1321,2.032162242561495,0.7091003703091537,-0.03712378787419895
1322,2.0318747514709252,0.7089588897608854,-0.03636764417087483
1323,2.031794747825478,0.7089195146859826,-0.03561207178887697
1324,2.031084332563107,0.7085698044162184,-0.034857069865507996
1325,2.0307370971366745,0.7083988291858749,-0.03410263754002274
1326,2.0307094529238405,0.7083852161972544,-0.03334877395362302
1327,2.030628587296793,0.7083453940370416,-0.032595478249451346
1328,2.02969862392422,0.707887320911179,-0.03184274957258515
1329,2.0296294344499133,0.7078532317844475,-0.03109058707003112
1330,2.027591607530813,0.7068486884926819,-0.030338989890718912
1331,2.0275795500446185,0.7068427417714581,-0.02958795718549607
1332,2.0271961867409645,0.7066536495356935,-0.028837488107121823
1333,2.026867790404637,0.7064916410726318,-0.028087581810261556
1334,2.0256657061610603,0.7058983903173445,-0.027338237451480653
1335,2.0254085549060536,0.7057714357177591,-0.026589454189239498
1336,2.025028475696168,0.7055837625318142,-0.025841231183887328
1337,2.024658678108395,0.7054011323311313,-0.02509356759765672
1338,2.0243634665400756,0.7052553136330377,-0.02434646259465806
1339,2.0233834147552994,0.7047710680353417,-0.02359991534087349
1340,2.022259593167518,0.7042154967135582,-0.022853925004151995
1341,2.02126915064539,0.7037256065187864,-0.022108490754203392
1342,2.0209312196341744,0.7035584050042412,-0.021363611762593007
1343,2.0207350632488277,0.7034613379176627,-0.020619287202735703
1344,2.0195409146779157,0.7028702156219543,-0.01987551624989105
1345,2.0188260634496378,0.7025161857679978,-0.019132298081157392
1346,2.017118735462266,0.7016701245980449,-0.018389631875466498
1347,2.017110847625525,0.7016662141429859,-0.017647516813578228
1348,2.017041227753907,0.7016316988989773,-0.016905952078074663
1349,2.016999217372125,0.7016108709561962,-0.016164936853355388
1350,2.01643093592782,0.7013290852668616,-0.015424470325631639
1351,2.0160853549196207,0.7011576880626744,-0.014684551682921182
1352,2.0150042326557522,0.7006212959700144,-0.013945180115042519
1353,2.0148987982639475,0.700568969950743,-0.01320635481361023
1354,2.0147567630558134,0.700498474988565,-0.012468074972029234
1355,2.0142172959497264,0.7002306812021518,-0.011730339785489605
1356,2.0142067019264416,0.7002254215654847,-0.010993148450961429
1357,2.0138351928335845,0.7000409601802177,-0.01025650016718911
1358,2.013830360175057,0.7000385604484306,-0.009520394134686808
1359,2.0133980543673573,0.6998238689708879,-0.008784829555732803
1360,2.0112327201073072,0.6987478276690554,-0.00804980563436451
1361,2.010665279530139,0.6984656521484507,-0.007315321576372882
1362,2.0095941460454423,0.6979327842925964,-0.006581376589297919
1363,2.0089348016198048,0.697604632155264,-0.0058479698824231
1364,2.0080829817305395,0.6971805265386228,-0.005115100666770377
1365,2.0068485591351743,0.6965656106319891,-0.004382768155095198
1366,2.006545087778918,0.6964143813315351,-0.0036509715618809856
1367,2.006115438713477,0.6962002346005838,-0.0029197101033347503
1368,2.004576380304211,0.6954327567916365,-0.002188982997381608
1369,2.0027151178118285,0.6945038188158983,-0.0014587894636599842
1370,2.002552946130222,0.6944228396259382,-0.0007291287235161682
1371,2.0006288122776725,0.6934615372835289,0.0
