,ID,N,S
0,129101,88,192
1,819201,76,171
2,239101,73,490
3,19301,72,127
4,599401,72,145
5,67401,66,122
6,227401,66,86
7,291101,65,196
8,748202,62,150
9,317301,62,79
10,220101,60,157
11,305101,60,160
12,555401,59,125
13,792301,59,265
14,690101,58,88
15,397301,58,131
16,223401,58,2301
17,183401,58,106
18,770401,57,71
19,771301,57,73
20,746302,57,155
21,336301,57,120
22,270101,57,104
23,86113,57,193
24,583301,56,98
25,867301,56,178
26,130401,56,89
27,54401,56,77
28,399101,56,286
29,134303,55,139
30,248405,55,161
31,46401,55,95
32,667103,55,301
33,402401,55,141
34,787301,55,84
35,558101,54,142
36,357101,54,84
37,172101,54,164
38,691201,54,78
39,362201,54,81
40,271401,53,68
41,830101,53,88
42,790201,53,150
43,244205,53,83
44,565301,53,770
45,745203,52,115
46,276302,52,136
47,447301,52,73
48,471401,52,161
49,403401,52,86
50,325201,52,80
51,349201,52,105
52,761301,51,86
53,160101,51,209
54,33401,51,133
55,317302,51,113
56,145322,51,254
57,670201,51,85
58,710201,50,242
59,47301,50,90
60,613202,50,83
61,543401,50,101
62,785201,50,93
63,749307,50,127
64,765101,50,242
65,130301,50,88
66,130405,50,67
67,792304,50,90
68,86202,49,165
69,662401,49,159
70,588401,49,105
71,413201,49,191
72,383301,49,137
73,245201,49,69
74,641104,48,71
75,51101,48,88
76,402306,48,206
77,738201,48,97
78,78201,48,79
79,781201,48,67
80,28301,48,121
81,748101,48,67
82,750101,47,91
83,403301,47,112
84,336401,47,64
85,42201,47,90
86,279101,47,179
87,344201,47,176
88,348101,47,160
89,611103,47,100
90,393402,46,245
91,597302,46,167
92,17201,46,171
93,23401,46,60
94,221205,46,143
95,838201,46,125
96,843404,46,194
97,869101,46,56
98,247306,46,501
99,483101,45,126
100,738203,45,269
101,265201,45,80
102,301101,45,48
103,746403,45,102
104,588301,45,136
105,307401,45,58
106,387302,45,571
107,483201,45,185
108,238102,44,251
109,484201,44,131
110,241301,44,124
111,393302,44,96
112,637401,43,57
113,349101,43,60
114,600302,43,102
115,103101,43,103
116,308305,43,76
117,220201,43,90
118,736301,43,180
119,611105,43,204
120,280401,43,58
121,536401,42,55
122,276401,42,158
123,568301,42,53
124,29301,42,185
125,291104,42,171
126,292201,42,74
127,485201,42,69
128,869201,42,62
129,351201,42,51
130,289201,42,59
131,662403,42,69
132,765201,42,61
133,233301,42,1687
134,843301,41,88
135,785101,41,87
136,400401,41,57
137,626101,41,55
138,541401,41,183
139,130307,41,111
140,356201,41,75
141,612203,41,51
142,148301,41,140
143,158101,41,148
144,242101,41,63
145,584401,41,184
146,243201,41,72
147,679406,41,70
148,150101,40,58
149,275202,40,127
150,720101,40,98
151,247401,40,49
152,136301,40,90
153,397401,40,76
154,316401,40,98
155,397303,40,107
156,476301,40,151
157,244201,40,56
158,272301,40,52
159,749406,40,48
160,820401,40,53
161,145409,40,68
162,41202,39,46
163,852101,39,173
164,610104,39,121
165,46301,39,70
166,249403,39,229
167,382301,39,60
168,247304,39,209
169,253401,39,75
170,566103,39,81
171,91301,39,174
172,770402,39,59
173,843405,39,93
174,93301,38,63
175,237404,38,186
176,551101,38,493
177,604401,38,207
178,84203,38,166
179,63301,38,149
180,307402,38,75
181,830201,38,93
182,415109,38,242
183,792402,38,75
184,415208,38,136
185,2003203,37,90
186,265101,37,53
187,694104,37,74
188,473301,37,194
189,504101,37,91
190,311405,37,55
191,277301,37,63
192,484101,37,57
193,558103,37,76
194,422301,37,242
195,595301,37,66
196,155102,37,69
197,583401,37,50
198,144306,36,121
199,310201,36,49
200,410303,36,61
201,407302,36,112
202,819105,36,40
203,786406,36,724
204,492101,36,141
205,318201,36,53
206,722201,36,45
207,700201,36,46
208,694201,36,48
209,130408,36,47
210,552101,36,162
211,338302,36,46
212,289203,36,45
213,684301,36,111
214,663101,36,108
215,308304,35,90
216,305203,35,69
217,132105,35,199
218,372102,35,57
219,247301,35,828
220,395302,35,94
221,349203,35,121
222,701101,35,159
223,397407,35,76
224,819102,35,84
225,328202,35,61
226,397404,35,125
227,843312,35,89
228,262303,35,66
229,266401,35,46
230,271302,35,84
231,163301,34,51
232,672201,34,43
233,145325,34,57
234,696301,34,95
235,684401,34,37
236,290203,34,45
237,674301,34,87
238,228202,34,48
239,753205,34,541
240,315301,34,51
241,854201,34,47
242,270201,34,79
243,471301,34,37
244,39202,34,203
245,524201,34,226
246,565401,34,48
247,130406,34,66
248,821201,34,41
249,145423,34,73
250,241403,34,54
251,704302,34,46
252,189103,34,91
253,794301,34,52
254,415201,33,47
255,792404,33,43
256,620301,33,35
257,233401,33,47
258,591201,33,43
259,140102,33,89
260,316301,33,87
261,696401,33,62
262,806103,33,158
263,150201,33,52
264,417402,33,111
265,694203,33,62
266,364201,33,40
267,280404,33,51
268,759201,33,53
269,601401,33,460
270,600401,33,44
271,303304,33,72
272,254103,33,90
273,792401,32,73
274,544401,32,54
275,277303,32,82
276,349103,32,37
277,277304,32,226
278,234201,32,54
279,511101,32,72
280,381201,32,61
281,328104,32,120
282,350201,32,41
283,23301,32,55
284,527201,32,37
285,287201,32,74
286,414302,32,337
287,280301,32,207
288,169401,32,72
289,564301,32,44
290,238104,32,112
291,17105,32,131
292,324101,32,36
293,254204,32,67
294,658401,32,45
295,492201,32,60
296,130306,32,79
297,89104,32,162
298,417314,32,93
299,612102,32,67
300,51204,32,88
301,869205,31,89
302,628201,31,34
303,158201,31,112
304,359101,31,57
305,272401,31,114
306,536301,31,42
307,607303,31,43
308,550304,31,54
309,188301,31,58
310,781101,31,152
311,664101,31,147
312,92302,31,53
313,745103,31,107
314,276301,31,73
315,31401,31,76
316,759101,31,47
317,456102,31,69
318,776201,31,184
319,829201,31,98
320,463402,31,33
321,147404,31,53
322,609402,31,44
323,400402,31,65
324,399205,31,37
325,40301,30,160
326,723302,30,93
327,613103,30,407
328,26106,30,50
329,417309,30,77
330,86119,30,71
331,410401,30,42
332,422401,30,104
333,133314,30,188
334,587401,30,64
335,723402,30,37
336,608301,30,40
337,372110,30,33
338,249402,30,68
339,277306,30,38
340,140101,30,113
341,641201,30,37
342,242102,30,209
343,255401,30,55
344,67301,29,91
345,749401,29,64
346,591101,29,49
347,172102,29,80
348,677203,29,71
349,555301,29,252
350,138201,29,45
351,82102,29,252
352,637301,29,59
353,616301,29,33
354,786302,29,76
355,315402,29,45
356,63401,29,60
357,27103,29,37
358,563402,29,58
359,256301,29,107
360,756201,29,52
361,738103,29,93
362,248302,29,136
363,17101,29,69
364,749403,29,814
365,281101,29,44
366,161403,29,74
367,220202,29,64
368,396201,29,48
369,770306,29,81
370,610106,29,64
371,327101,29,44
372,351101,29,37
373,648301,29,40
374,689102,28,114
375,648401,28,41
376,603401,28,121
377,781202,28,88
378,396101,28,67
379,791301,28,82
380,237401,28,270
381,158202,28,106
382,547301,28,28
383,552201,28,48
384,770404,28,155
385,161302,28,100
386,146301,28,40
387,820402,28,38
388,479301,28,38
389,51201,28,37
390,881305,28,90
391,250101,28,32
392,39207,28,69
393,476401,28,32
394,745104,28,126
395,819205,28,30
396,819206,28,51
397,430402,28,55
398,869105,28,57
399,146302,28,46
400,381101,28,81
401,865101,28,552
402,590101,28,40
403,463301,28,30
404,41101,28,35
405,743404,27,32
406,509201,27,32
407,819101,27,38
408,217201,27,56
409,867401,27,81
410,293202,27,52
411,144301,27,40
412,705401,27,28
413,302401,27,35
414,412301,27,47
415,481203,27,58
416,256401,27,50
417,255307,27,29
418,746408,27,92
419,242202,27,109
420,612202,27,46
421,33402,27,89
422,305102,27,52
423,59301,27,33
424,685401,27,55
425,13301,27,201
426,663201,27,64
427,770302,27,81
428,756101,27,45
429,694204,27,70
430,666301,27,68
431,222101,27,62
432,267301,27,33
433,741103,27,72
434,348201,27,210
435,435101,27,156
436,218201,27,53
437,246101,27,106
438,770407,27,73
439,884301,27,251
440,765104,26,37
441,694105,26,37
442,736302,26,168
443,360302,26,40
444,237301,26,77
445,749304,26,30
446,357201,26,103
447,155101,26,41
448,751101,26,103
449,126301,26,33
450,389301,26,67
451,492202,26,37
452,478201,26,89
453,612101,26,54
454,524101,26,132
455,33301,26,146
456,509101,26,89
457,567205,26,85
458,820302,26,52
459,615304,26,48
460,17205,26,145
461,51206,26,31
462,589301,26,49
463,597401,26,31
464,615404,26,40
465,794302,26,41
466,598102,26,75
467,843307,26,69
468,568302,26,30
469,255404,25,64
470,773101,25,27
471,247407,25,117
472,383401,25,39
473,754203,25,81
474,328201,25,48
475,90402,25,33
476,414401,25,78
477,221203,25,41
478,145330,25,34
479,369201,25,43
480,86206,25,40
481,684402,25,85
482,407403,25,243
483,133403,25,48
484,318101,25,88
485,464401,25,34
486,407401,25,296
487,411101,25,32
488,173301,25,29
489,516301,25,34
490,255303,25,88
491,412401,25,43
492,843408,25,64
493,677101,25,41
494,813301,25,95
495,254202,25,47
496,768301,25,47
497,554301,25,27
498,580404,25,36
499,26202,25,509
500,86211,25,27
501,564401,25,153
502,615412,25,53
503,188403,25,63
504,743301,25,26
505,53301,25,45
506,165103,24,35
507,762402,24,59
508,805301,24,25
509,133304,24,252
510,672103,24,30
511,136402,24,40
512,66401,24,56
513,765204,24,143
514,676204,24,34
515,177301,24,28
516,685301,24,29
517,262301,24,160
518,262402,24,62
519,160201,24,55
520,843315,24,24
521,547401,24,27
522,156101,24,37
523,148415,24,147
524,566201,24,215
525,567102,24,122
526,416401,24,169
527,443401,24,31
528,37304,24,124
529,821101,24,43
530,721101,24,34
531,465201,24,29
532,324102,24,52
533,144303,24,185
534,753104,24,78
535,655403,24,39
536,184101,24,35
537,88301,24,252
538,414307,24,42
539,400301,24,42
540,413103,24,83
541,606201,24,32
542,244105,24,50
543,311301,23,23
544,577401,23,34
545,184201,23,60
546,321101,23,119
547,291201,23,302
548,244203,23,43
549,397405,23,105
550,372101,23,30
551,401101,23,26
552,42206,23,64
553,275105,23,74
554,303405,23,36
555,558202,23,83
556,245202,23,121
557,414403,23,30
558,821102,23,41
559,409301,23,175
560,607301,23,40
561,504201,23,124
562,42205,23,41
563,36302,23,70
564,305201,23,24
565,478101,23,89
566,527101,23,31
567,619401,23,40
568,397307,23,37
569,412302,23,87
570,869102,23,63
571,53401,23,35
572,47402,23,189
573,249401,23,24
574,768401,23,27
575,768305,23,33
576,679409,23,76
577,24304,23,60
578,316303,23,50
579,24401,22,187
580,770403,22,44
581,893402,22,55
582,188405,22,35
583,285101,22,220
584,427301,22,33
585,414407,22,71
586,691101,22,4051
587,25304,22,29
588,159301,22,30
589,611201,22,33
590,484102,22,65
591,325202,22,83
592,593201,22,24
593,881402,22,79
594,245101,22,73
595,558102,22,72
596,638301,22,32
597,177401,22,40
598,473401,22,50
599,400304,22,36
600,472401,22,50
601,388201,22,33
602,472302,22,62
603,616401,22,39
604,468401,22,28
605,566102,22,53
606,317401,22,31
607,794405,22,43
608,253303,22,91
609,227403,22,32
610,245106,22,40
611,21401,22,94
612,248401,22,26
613,321201,22,194
614,563401,21,22
615,741206,21,98
616,165101,21,24
617,786407,21,43
618,399207,21,155
619,154202,21,30
620,287102,21,85
621,559401,21,39
622,316302,21,97
623,585401,21,51
624,827301,21,30
625,325104,21,113
626,92401,21,60
627,324201,21,24
628,776101,21,56
629,399206,21,48
630,758401,21,37
631,189101,21,25
632,694103,21,38
633,392202,21,85
634,79301,21,244
635,558205,21,48
636,263201,21,30
637,378102,21,47
638,745206,21,443
639,58402,21,114
640,827405,21,33
641,305103,21,45
642,672104,21,63
643,417306,21,81
644,133318,21,89
645,221202,21,99
646,258401,21,28
647,612201,21,23
648,292202,21,35
649,81102,21,30
650,132202,21,117
651,406201,21,600
652,542201,20,72
653,838108,20,51
654,670202,20,28
655,118201,20,58
656,753201,20,299
657,385102,20,264
658,172202,20,59
659,172201,20,43
660,397402,20,44
661,612205,20,33
662,145420,20,36
663,188303,20,88
664,243205,20,27
665,536402,20,20
666,279203,20,397
667,600301,20,21
668,315302,20,27
669,612105,20,29
670,293101,20,447
671,292102,20,46
672,745201,20,34
673,675301,20,20
674,397304,20,98
675,768303,20,24
676,144408,20,26
677,36301,20,23
678,400303,20,42
679,790105,20,46
680,378202,20,42
681,516402,20,22
682,536302,20,27
683,360402,20,26
684,485101,20,36
685,805303,20,53
686,587301,20,80
687,759103,20,38
688,456101,20,20
689,22401,20,70
690,606101,20,28
691,51102,20,35
692,603301,20,34
693,584301,20,75
694,427401,20,23
695,747406,20,26
696,246103,20,50
697,505401,20,40
698,82103,20,348
699,54301,20,31
700,805403,20,29
701,426301,20,22
702,24306,20,74
703,282401,20,43
704,568306,20,29
705,190102,20,25
706,288201,20,30
707,86213,20,243
708,28303,19,33
709,30401,19,29
710,308301,19,148
711,680401,19,21
712,243203,19,68
713,827403,19,35
714,308303,19,31
715,216401,19,58
716,516401,19,22
717,607401,19,26
718,302303,19,47
719,216301,19,34
720,304201,19,24
721,746304,19,50
722,609301,19,32
723,220102,19,48
724,492103,19,33
725,481201,19,23
726,749301,19,29
727,292101,19,59
728,125103,19,116
729,103202,19,180
730,786303,19,51
731,188407,19,37
732,750102,19,61
733,554401,19,22
734,360301,19,24
735,689101,19,23
736,592101,19,27
737,133407,19,192
738,781103,19,63
739,262305,19,40
740,255403,19,35
741,258301,19,36
742,372106,19,38
743,237303,19,174
744,172103,19,88
745,403402,19,25
746,690202,19,30
747,672105,19,32
748,672204,19,38
749,415106,19,127
750,130303,19,123
751,387301,19,34
752,417303,19,138
753,674403,19,47
754,768404,19,24
755,558105,19,65
756,620404,19,39
757,678406,19,108
758,415110,19,68
759,266301,19,27
760,452401,19,27
761,669402,19,69
762,550401,19,30
763,82106,19,278
764,457102,19,24
765,412403,19,68
766,42104,19,38
767,775102,19,23
768,543303,19,53
769,463401,19,19
770,254201,19,41
771,843304,19,61
772,343201,19,43
773,229201,19,22
774,84204,19,77
775,316403,19,144
776,316402,19,62
777,348102,19,99
778,843407,19,22
779,102201,19,40
780,217102,18,391
781,543402,18,33
782,280402,18,19
783,252207,18,130
784,674401,18,56
785,400403,18,40
786,255407,18,63
787,674304,18,51
788,413101,18,281
789,26107,18,63
790,745101,18,58
791,158104,18,80
792,669404,18,405
793,32401,18,19
794,741201,18,25
795,741203,18,203
796,786405,18,28
797,743401,18,20
798,552202,18,146
799,832201,18,584
800,318202,18,45
801,479401,18,22
802,661401,18,36
803,120101,18,35
804,91401,18,30
805,820303,18,39
806,794401,18,23
807,820301,18,45
808,819202,18,25
809,240301,18,80
810,248303,18,73
811,327201,18,18
812,593204,18,84
813,133302,18,58
814,620401,18,18
815,331401,18,27
816,455101,18,24
817,337201,18,19
818,243204,18,49
819,433404,18,21
820,433304,18,20
821,47403,18,138
822,57301,18,20
823,13404,18,251
824,356203,18,28
825,400302,18,375
826,51205,18,59
827,91302,18,105
828,792302,18,64
829,393404,18,35
830,829101,18,23
831,396102,18,24
832,308401,18,25
833,503401,18,24
834,307302,18,34
835,250201,18,20
836,156201,17,64
837,666401,17,50
838,592201,17,32
839,102101,17,257
840,242205,17,38
841,557101,17,39
842,746303,17,31
843,549401,17,161
844,343102,17,32
845,558203,17,24
846,843414,17,44
847,366101,17,22
848,745207,17,56
849,25302,17,85
850,745205,17,204
851,107201,17,20
852,82101,17,304
853,555402,17,51
854,17204,17,22
855,503301,17,17
856,589401,17,46
857,357202,17,58
858,761303,17,53
859,295202,17,83
860,308405,17,51
861,308404,17,33
862,2004101,17,22
863,248307,17,19
864,638401,17,23
865,748102,17,18
866,308402,17,50
867,386205,17,19
868,770303,17,29
869,188302,17,40
870,66301,17,27
871,577302,17,24
872,287202,17,28
873,417413,17,168
874,28401,17,46
875,280305,17,23
876,310101,17,26
877,612103,17,31
878,399103,17,46
879,307301,17,37
880,86115,17,63
881,315401,17,19
882,607404,17,24
883,143401,17,19
884,710101,17,37
885,289103,17,29
886,133405,16,53
887,389401,16,95
888,68301,16,84
889,237304,16,82
890,425401,16,18
891,79402,16,203
892,107102,16,25
893,770305,16,94
894,430301,16,19
895,678308,16,28
896,393303,16,118
897,595401,16,55
898,410302,16,29
899,597402,16,59
900,671204,16,18
901,133315,16,93
902,420401,16,18
903,293102,16,28
904,357103,16,33
905,141307,16,26
906,666403,16,30
907,190201,16,35
908,240406,16,115
909,143402,16,20
910,244107,16,36
911,701102,16,45
912,829206,16,74
913,577301,16,16
914,738102,16,121
915,519201,16,23
916,519102,16,18
917,748201,16,18
918,78202,16,37
919,696402,16,68
920,827401,16,45
921,31301,16,47
922,32302,16,102
923,669401,16,19
924,343101,16,29
925,141303,16,30
926,843308,16,27
927,49401,16,27
928,254102,16,38
929,267404,16,17
930,613204,16,20
931,51106,16,31
932,136401,16,16
933,430401,16,21
934,247307,16,97
935,893317,16,70
936,333404,16,76
937,246202,16,82
938,189102,15,30
939,569301,15,29
940,252204,15,25
941,222201,15,25
942,568305,15,23
943,248406,15,47
944,234101,15,25
945,232402,15,17
946,684302,15,37
947,189201,15,54
948,607403,15,22
949,695201,15,18
950,227301,15,21
951,232302,15,20
952,578401,15,18
953,244202,15,29
954,593101,15,23
955,188305,15,99
956,409401,15,24
957,518101,15,25
958,161301,15,24
959,82203,15,26
960,97401,15,34
961,158203,15,109
962,546101,15,20
963,770307,15,33
964,759202,15,89
965,827302,15,33
966,308302,15,52
967,397302,15,21
968,151101,15,15
969,827305,15,39
970,620403,15,27
971,350202,15,26
972,490201,15,15
973,805402,15,33
974,615305,15,57
975,145425,15,47
976,761405,15,39
977,359203,15,100
978,361301,15,16
979,764304,15,52
980,91402,15,191
981,811301,15,25
982,169402,15,19
983,262404,15,19
984,557204,15,70
985,612204,15,21
986,786304,15,28
987,457202,15,18
988,141304,15,26
989,557103,15,25
990,776102,15,34
991,311402,15,22
992,843412,15,19
993,430302,15,31
994,265102,15,38
995,90401,15,16
996,165203,15,26
997,611102,15,81
998,267402,15,166
999,161401,15,69
1000,582401,14,15
1001,133311,14,23
1002,694202,14,21
1003,51105,14,21
1004,247402,14,28
1005,133416,14,108
1006,447401,14,19
1007,140107,14,21
1008,446203,14,16
1009,20201,14,74
1010,2003105,14,15
1011,372203,14,47
1012,781203,14,29
1013,411103,14,183
1014,406101,14,22
1015,402402,14,80
1016,243107,14,27
1017,84201,14,46
1018,244101,14,2411
1019,414303,14,18
1020,240306,14,429
1021,689203,14,55
1022,399102,14,123
1023,626202,14,15
1024,2025101,14,27
1025,78102,14,30
1026,468302,14,44
1027,130304,14,26
1028,73303,14,36
1029,245104,14,29
1030,420301,14,17
1031,132107,14,21
1032,801202,14,23
1033,593202,14,31
1034,764401,14,20
1035,813303,14,62
1036,607302,14,15
1037,843303,14,46
1038,568402,14,19
1039,262405,14,101
1040,155204,14,30
1041,279202,14,20
1042,188406,14,48
1043,296201,14,30
1044,296101,14,29
1045,295201,14,61
1046,163402,14,21
1047,267303,14,20
1048,295102,14,67
1049,280405,14,22
1050,36305,14,30
1051,679403,14,19
1052,189203,14,33
1053,148303,14,28
1054,668102,14,24
1055,282301,14,22
1056,258102,14,114
1057,609302,14,24
1058,158204,14,75
1059,490103,14,16
1060,838101,14,42
1061,480302,14,18
1062,819204,14,16
1063,678301,14,53
1064,675302,14,29
1065,481103,14,23
1066,311305,14,19
1067,311304,14,58
1068,674404,14,307
1069,145402,14,23
1070,15212,14,269
1071,38104,14,73
1072,172203,14,41
1073,249301,14,55
1074,872301,14,53
1075,22301,14,2137
1076,277406,14,32
1077,271303,14,21
1078,318102,13,54
1079,414305,13,40
1080,267403,13,16
1081,633301,13,35
1082,413102,13,62
1083,557104,13,192
1084,557201,13,483
1085,413203,13,321
1086,252201,13,33
1087,285201,13,97
1088,303401,13,22
1089,326301,13,15
1090,333303,13,21
1091,341301,13,47
1092,569401,13,14
1093,343202,13,38
1094,666302,13,23
1095,568406,13,16
1096,568401,13,14
1097,492203,13,34
1098,287101,13,95
1099,612106,13,16
1100,362104,13,40
1101,424401,13,13
1102,251102,13,703
1103,372205,13,21
1104,317403,13,106
1105,291202,13,29
1106,615401,13,14
1107,311403,13,15
1108,361401,13,45
1109,36406,13,29
1110,723401,13,14
1111,827303,13,17
1112,159401,13,86
1113,708301,13,21
1114,843410,13,22
1115,32402,13,88
1116,843406,13,35
1117,149302,13,16
1118,150102,13,25
1119,84102,13,62
1120,820403,13,17
1121,2003102,13,18
1122,832101,13,115
1123,2003202,13,22
1124,2003201,13,13
1125,2003103,13,16
1126,158103,13,124
1127,838202,13,64
1128,159305,13,18
1129,183301,13,34
1130,2003104,13,39
1131,39209,13,18
1132,145309,13,46
1133,770304,13,44
1134,81201,13,16
1135,125102,13,174
1136,139201,13,20
1137,59401,13,108
1138,41201,13,16
1139,881303,13,169
1140,145328,13,26
1141,223301,13,17
1142,145304,13,16
1143,679401,12,14
1144,26101,12,19
1145,126401,12,14
1146,396202,12,15
1147,254101,12,14
1148,385101,12,14
1149,333401,12,17
1150,881404,12,429
1151,720201,12,18
1152,169403,12,28
1153,843310,12,21
1154,255405,12,25
1155,553105,12,22
1156,24301,12,24
1157,394301,12,183
1158,658301,12,25
1159,707401,12,14
1160,128201,12,29
1161,187201,12,18
1162,565302,12,72
1163,187101,12,19
1164,566104,12,16
1165,566105,12,112
1166,163401,12,17
1167,417310,12,23
1168,843305,12,26
1169,792403,12,22
1170,38205,12,44
1171,425301,12,15
1172,746405,12,23
1173,145421,12,23
1174,134404,12,96
1175,814101,12,13
1176,356101,12,23
1177,145314,12,18
1178,750202,12,57
1179,433302,12,12
1180,349102,12,51
1181,47401,12,20
1182,325204,12,56
1183,443301,12,32
1184,666402,12,19
1185,781102,12,15
1186,420403,12,13
1187,147403,12,47
1188,149401,12,12
1189,158102,12,63
1190,27204,12,14
1191,155104,12,19
1192,417406,12,6230
1193,362204,12,34
1194,527102,12,16
1195,418102,12,19
1196,829102,12,37
1197,361304,12,13
1198,32301,12,74
1199,360401,12,40
1200,743302,12,15
1201,289202,12,28
1202,762401,12,15
1203,580401,12,15
1204,754204,12,34
1205,783401,12,25
1206,85101,12,27
1207,694101,12,42
1208,242104,12,32
1209,894301,12,12
1210,244206,12,51
1211,242201,12,29
1212,89201,12,217
1213,369101,11,20
1214,745202,11,30
1215,297201,11,23
1216,736401,11,11
1217,229101,11,16
1218,227302,11,19
1219,183402,11,17
1220,302402,11,21
1221,581301,11,11
1222,303302,11,21
1223,736402,11,63
1224,669303,11,19
1225,679301,11,22
1226,39117,11,17
1227,480301,11,12
1228,415206,11,23
1229,385201,11,13
1230,248407,11,46
1231,303403,11,38
1232,563302,11,36
1233,827306,11,27
1234,640201,11,15
1235,29402,11,18
1236,610203,11,14
1237,287104,11,36
1238,516302,11,16
1239,174101,11,42
1240,148314,11,47
1241,22402,11,18
1242,130302,11,33
1243,791401,11,181
1244,227404,11,20
1245,693402,11,13
1246,691102,11,13
1247,399202,11,13
1248,829103,11,33
1249,599301,11,25
1250,801101,11,11
1251,359201,11,11
1252,609401,11,21
1253,27205,11,15
1254,253402,11,875
1255,42101,11,18
1256,246203,11,77
1257,433403,11,11
1258,144402,11,26
1259,764406,11,23
1260,253301,11,47
1261,806104,11,16
1262,697301,11,44
1263,120202,11,17
1264,271402,11,12
1265,613105,11,13
1266,14108,11,4605
1267,270102,11,27
1268,337101,11,12
1269,660301,11,20
1270,378101,11,132
1271,336302,11,39
1272,141401,11,11
1273,242103,11,40
1274,165104,11,18
1275,333302,11,16
1276,240405,11,11
1277,281201,11,33
1278,243105,11,15
1279,773201,11,14
1280,249302,11,41
1281,311404,11,26
1282,399105,11,14
1283,262302,11,57
1284,585301,11,209
1285,350104,11,17
1286,411203,11,136
1287,169304,11,59
1288,145306,11,234
1289,575101,11,13
1290,145403,11,187
1291,751201,11,26
1292,155202,10,14
1293,276402,10,38
1294,154101,10,11
1295,74201,10,366
1296,411204,10,263
1297,620302,10,25
1298,417316,10,154
1299,532201,10,11
1300,86116,10,17
1301,770405,10,26
1302,543302,10,10
1303,148404,10,17
1304,302301,10,22
1305,689201,10,12
1306,144401,10,21
1307,311306,10,26
1308,350102,10,12
1309,145318,10,21
1310,243104,10,55
1311,240407,10,13
1312,240408,10,24
1313,144404,10,25
1314,457201,10,10
1315,472303,10,14
1316,140104,10,12
1317,325103,10,41
1318,759102,10,31
1319,42103,10,36
1320,806202,10,15
1321,141402,10,4918
1322,754105,10,18
1323,472301,10,18
1324,58301,10,10
1325,30301,10,28
1326,821202,10,16
1327,664201,10,26
1328,775201,10,10
1329,775202,10,11
1330,668101,10,29
1331,291204,10,85
1332,147406,10,20
1333,745107,10,20
1334,424301,10,10
1335,308403,10,58
1336,601301,10,24
1337,303301,10,37
1338,303402,10,55
1339,304101,10,23
1340,305202,10,15
1341,11404,10,16
1342,640202,10,32
1343,267302,10,11
1344,147306,10,1115
1345,843411,10,23
1346,582402,10,13
1347,627301,10,12
1348,551201,10,24
1349,386101,10,16
1350,896401,10,10
1351,386102,10,12
1352,15111,10,60
1353,568405,10,11
1354,223302,10,28
1355,397403,10,20
1356,387402,10,17
1357,248301,10,15
1358,257407,10,113
1359,413202,10,16
1360,189204,10,17
1361,633401,10,12
1362,222202,10,443
1363,397406,10,47
1364,393401,10,10
1365,227303,10,12
1366,608401,10,10
1367,399106,10,12
1368,683201,10,10
1369,217203,10,1047
1370,665401,9,10
1371,760102,9,31
1372,86209,9,16
1373,679305,9,10
1374,805401,9,11
1375,689202,9,9
1376,350101,9,9
1377,768405,9,9
1378,768403,9,14
1379,465101,9,34
1380,393301,9,15
1381,257408,9,16
1382,287103,9,60
1383,134402,9,10
1384,15202,9,31
1385,852201,9,23
1386,843413,9,24
1387,189205,9,25
1388,145313,9,9
1389,869103,9,14
1390,359102,9,37
1391,746308,9,102
1392,480401,9,19
1393,26102,9,15
1394,802301,9,9
1395,356103,9,19
1396,393403,9,35
1397,420303,9,9
1398,391201,9,204
1399,747301,9,9
1400,391101,9,183
1401,257322,9,14
1402,747306,9,13
1403,472402,9,40
1404,481102,9,44
1405,188401,9,17
1406,291103,9,28
1407,395401,9,25
1408,359204,9,41
1409,350204,9,10
1410,302302,9,17
1411,759203,9,388
1412,721201,9,13
1413,770301,9,11
1414,92301,9,11
1415,611106,9,35
1416,133309,9,13
1417,792405,9,12
1418,277302,9,21
1419,217202,9,70
1420,619301,9,12
1421,338402,9,12
1422,455201,9,32
1423,634301,9,11
1424,169305,9,23
1425,262401,9,12
1426,247406,9,32
1427,437401,9,22
1428,73405,9,31
1429,159302,9,9
1430,792305,9,17
1431,582302,9,10
1432,263101,9,11
1433,328105,9,11
1434,722101,9,16
1435,660402,9,15
1436,580304,9,12
1437,277405,9,15
1438,399107,9,10
1439,610205,9,15
1440,86106,9,13
1441,881401,9,29
1442,84101,9,25
1443,253403,9,27
1444,242106,9,29
1445,362202,9,24
1446,683101,8,10
1447,610102,8,13
1448,811402,8,15
1449,397305,8,18
1450,2025201,8,10
1451,433301,8,15
1452,252202,8,10
1453,317303,8,17
1454,811401,8,20
1455,252103,8,54
1456,134403,8,54
1457,118102,8,8
1458,40401,8,13
1459,11304,8,148
1460,140207,8,8
1461,82204,8,28
1462,752301,8,8
1463,145417,8,8
1464,456202,8,13
1465,119201,8,13
1466,189105,8,44
1467,873301,8,34
1468,395402,8,31
1469,324202,8,14
1470,612206,8,21
1471,456103,8,15
1472,242206,8,20
1473,11303,8,426
1474,217101,8,18
1475,666404,8,10
1476,813408,8,24
1477,680402,8,8
1478,414402,8,9
1479,141406,8,14
1480,189202,8,8
1481,341401,8,22
1482,484202,8,15
1483,240402,8,16
1484,786301,8,46
1485,366201,8,8
1486,615403,8,9
1487,279103,8,23
1488,829207,8,45
1489,279201,8,13
1490,723403,8,27
1491,527103,8,19
1492,671103,8,13
1493,372108,8,16
1494,610204,8,9
1495,84106,8,28
1496,362103,8,17
1497,407404,8,32
1498,133406,8,21
1499,11302,8,52
1500,854101,8,17
1501,2003206,8,10
1502,169404,8,56
1503,288102,8,13
1504,132203,8,15
1505,90301,8,21
1506,228201,8,37
1507,159406,8,10
1508,25405,8,24
1509,270202,8,25
1510,545301,8,17
1511,232301,8,8
1512,716303,8,246
1513,410402,8,18
1514,843302,8,22
1515,130407,8,9
1516,275103,8,12
1517,233402,8,97
1518,245204,8,14
1519,169306,8,15
1520,410403,8,11
1521,768302,8,9
1522,415202,8,92
1523,532102,8,15
1524,407405,8,39
1525,893409,8,9
1526,147309,8,13
1527,492102,8,15
1528,641103,8,15
1529,893405,8,21
1530,291102,8,36
1531,38102,8,70
1532,300201,8,9
1533,768304,8,34
1534,37401,8,38
1535,565402,8,67
1536,19401,8,16
1537,38201,8,30
1538,409302,8,12
1539,399201,8,9
1540,496101,8,8
1541,239203,8,26
1542,239202,8,29
1543,225101,8,51
1544,610105,8,13
1545,290102,8,15
1546,481202,8,25
1547,829104,8,20
1548,426401,7,12
1549,338401,7,12
1550,79401,7,178
1551,392102,7,14
1552,764403,7,19
1553,641204,7,8
1554,776204,7,14
1555,417302,7,22
1556,783302,7,15
1557,615312,7,7
1558,783402,7,40
1559,118202,7,11
1560,386204,7,9
1561,765203,7,7
1562,62404,7,11
1563,82202,7,12
1564,133402,7,11
1565,415105,7,40
1566,640101,7,18
1567,125104,7,19
1568,88401,7,20
1569,418206,7,7
1570,662404,7,20
1571,344101,7,188
1572,395301,7,8
1573,140103,7,13
1574,417411,7,10
1575,615310,7,8
1576,359202,7,8
1577,768402,7,9
1578,415207,7,20
1579,133313,7,30
1580,640102,7,12
1581,829208,7,13
1582,668202,7,11
1583,716304,7,311
1584,545401,7,11
1585,2003207,7,7
1586,155203,7,17
1587,689103,7,7
1588,612104,7,15
1589,277402,7,10
1590,239103,7,21
1591,277403,7,107
1592,277404,7,45
1593,527202,7,12
1594,150204,7,27
1595,280302,7,14
1596,2003205,7,13
1597,28405,7,17
1598,829202,7,41
1599,244106,7,14
1600,29302,7,9
1601,519101,7,10
1602,29401,7,18
1603,741106,7,12
1604,668201,7,8
1605,287203,7,19
1606,288101,7,24
1607,240303,7,22
1608,691202,7,11
1609,716301,7,19
1610,843309,7,41
1611,291203,7,13
1612,568304,7,10
1613,247408,7,59
1614,225202,7,26
1615,248404,7,7
1616,222102,7,195
1617,247404,7,22
1618,580403,7,7
1619,577402,7,9
1620,252205,7,62
1621,680302,7,9
1622,590201,7,12
1623,253304,7,866
1624,190101,7,18
1625,255406,7,28
1626,25402,7,12
1627,610103,7,10
1628,232403,7,8
1629,678307,7,13
1630,15213,7,402
1631,676105,7,14
1632,865201,7,15
1633,20101,7,24
1634,257330,7,59
1635,859201,7,12
1636,672205,7,11
1637,2003204,7,11
1638,173303,7,15
1639,743304,7,24
1640,894401,7,8
1641,325203,7,46
1642,146403,7,17
1643,145405,7,38
1644,311406,7,10
1645,604301,7,15
1646,145419,7,8
1647,480403,7,10
1648,468301,7,11
1649,481101,7,68
1650,326302,7,13
1651,750201,7,10
1652,328203,7,11
1653,311303,7,12
1654,144403,7,12
1655,667201,7,11
1656,745106,7,15
1657,256402,6,10
1658,813302,6,10
1659,15201,6,54
1660,678402,6,10
1661,627401,6,14
1662,2003106,6,14
1663,567203,6,20
1664,325102,6,14
1665,411202,6,12
1666,36407,6,17
1667,456203,6,13
1668,246201,6,8
1669,15216,6,27
1670,41203,6,80
1671,390301,6,13
1672,676103,6,16
1673,563301,6,54
1674,752401,6,7
1675,675401,6,8
1676,139101,6,39
1677,864402,6,12
1678,138203,6,14
1679,674303,6,31
1680,127201,6,14
1681,125202,6,106
1682,687403,6,6
1683,328101,6,26
1684,242203,6,13
1685,43103,6,6
1686,223402,6,9
1687,640103,6,8
1688,328204,6,26
1689,696302,6,19
1690,243106,6,16
1691,580302,6,11
1692,683102,6,7
1693,91403,6,28
1694,42202,6,64
1695,252203,6,18
1696,806201,6,7
1697,769111,6,23
1698,680301,6,9
1699,437301,6,8
1700,701202,6,17
1701,786403,6,7
1702,753203,6,12
1703,703301,6,7
1704,569302,6,9
1705,568404,6,28
1706,2003101,6,11
1707,461101,6,8
1708,435201,6,33
1709,679304,6,9
1710,626102,6,6
1711,243109,6,12
1712,138202,6,17
1713,773202,6,13
1714,276303,6,12
1715,399204,6,8
1716,73305,6,44
1717,154201,6,16
1718,136403,6,1234
1719,615413,6,7
1720,350203,6,18
1721,640203,6,8
1722,136302,6,153
1723,598201,6,7
1724,532101,6,39
1725,278201,6,18
1726,28305,6,41
1727,747405,6,7
1728,240401,6,6
1729,615402,6,6
1730,746407,6,26
1731,133401,6,6
1732,362102,6,23
1733,145432,6,7
1734,303305,6,16
1735,146404,6,6
1736,62303,6,9
1737,745204,6,9
1738,505301,6,9
1739,2004201,6,10
1740,827406,6,7
1741,401204,6,6
1742,619302,6,9
1743,275102,6,6
1744,716401,6,7
1745,792303,6,17
1746,2014301,6,6
1747,751202,6,11
1748,611204,6,7
1749,169405,6,11
1750,611205,6,10
1751,86205,6,7
1752,446102,6,8
1753,138101,6,28
1754,12112,6,37
1755,416301,6,7
1756,141301,6,8
1757,132205,6,22
1758,813402,6,10
1759,267304,6,13
1760,267401,6,6
1761,238101,6,12
1762,641202,6,12
1763,620303,6,8
1764,75101,6,66
1765,661301,6,9
1766,723301,6,10
1767,593103,5,193
1768,597301,5,46
1769,786402,5,6
1770,900301,5,5
1771,634401,5,6
1772,86121,5,34
1773,2030401,5,6
1774,12106,5,20
1775,620402,5,5
1776,84105,5,39
1777,581401,5,5
1778,794303,5,17
1779,615411,5,25
1780,615405,5,5
1781,417416,5,10
1782,829108,5,31
1783,36306,5,19
1784,36402,5,15
1785,36405,5,21
1786,801203,5,5
1787,814202,5,7
1788,802401,5,5
1789,813406,5,48
1790,813405,5,8
1791,40302,5,89
1792,613102,5,5
1793,457103,5,5
1794,42203,5,6
1795,446103,5,6
1796,446101,5,8
1797,541301,5,7
1798,26207,5,8
1799,838203,5,8
1800,15206,5,6
1801,787401,5,11
1802,578301,5,5
1803,82206,5,121
1804,15101,5,14
1805,82201,5,114
1806,15116,5,7
1807,414404,5,19
1808,566203,5,5
1809,15214,5,25
1810,843306,5,6
1811,17104,5,15
1812,78101,5,17
1813,20204,5,10
1814,610202,5,11
1815,555302,5,15
1816,843311,5,6
1817,75102,5,343
1818,620304,5,6
1819,690201,5,5
1820,659102,5,15
1821,245203,5,24
1822,188306,5,7
1823,151201,5,10
1824,152101,5,7
1825,152201,5,20
1826,155103,5,9
1827,275204,5,6
1828,275201,5,6
1829,275101,5,5
1830,273201,5,6
1831,159303,5,10
1832,271301,5,14
1833,163302,5,8
1834,670101,5,6
1835,670102,5,6
1836,708401,5,7
1837,708302,5,34
1838,372105,5,5
1839,764306,5,6
1840,144405,5,7
1841,372201,5,5
1842,662301,5,5
1843,764308,5,9
1844,372207,5,5
1845,660403,5,21
1846,378201,5,8
1847,707301,5,25
1848,385202,5,149
1849,183302,5,14
1850,279102,5,91
1851,669302,5,128
1852,148402,5,7
1853,758301,5,5
1854,325101,5,13
1855,753202,5,5
1856,328102,5,8
1857,749302,5,7
1858,145414,5,21
1859,746409,5,8
1860,746402,5,6
1861,746310,5,6
1862,333402,5,9
1863,666304,5,6
1864,746307,5,5
1865,302403,5,15
1866,301201,5,5
1867,761304,5,11
1868,147303,5,17
1869,140108,5,9
1870,139103,5,13
1871,300101,5,7
1872,147308,5,25
1873,147410,5,9
1874,743403,5,5
1875,760101,5,14
1876,290101,5,8
1877,743303,5,7
1878,761302,5,8
1879,288202,5,18
1880,678304,5,8
1881,672206,5,41
1882,221102,5,11
1883,125105,5,10
1884,239201,5,29
1885,238201,5,15
1886,679402,5,18
1887,394401,5,15
1888,245105,5,49
1889,237302,5,99
1890,401102,5,41
1891,402305,5,6
1892,232401,5,9
1893,190202,5,12
1894,194101,5,6
1895,118101,5,39
1896,249303,5,6
1897,770406,5,6
1898,693301,5,8
1899,704301,5,8
1900,243108,5,16
1901,125207,5,46
1902,242105,5,7
1903,86214,5,55
1904,240404,5,58
1905,655401,5,13
1906,776103,5,107
1907,221103,5,7
1908,11403,4,4
1909,38203,4,11
1910,228203,4,6
1911,289101,4,6
1912,468402,4,5
1913,829106,4,2700
1914,240403,4,4
1915,687303,4,4
1916,813401,4,7
1917,34301,4,5478
1918,511201,4,20
1919,741202,4,9
1920,227304,4,16
1921,145308,4,4
1922,819203,4,4
1923,148403,4,30
1924,519202,4,16
1925,28404,4,6
1926,893316,4,8
1927,829105,4,5
1928,311401,4,9
1929,233302,4,18
1930,240308,4,6
1931,667104,4,138
1932,746406,4,6
1933,819106,4,11
1934,39105,4,13
1935,2014401,4,4
1936,893312,4,5
1937,598101,4,7
1938,472403,4,5
1939,242204,4,9
1940,245205,4,1331
1941,490102,4,7
1942,827402,4,54
1943,37303,4,18
1944,233303,4,18
1945,243202,4,11
1946,246102,4,36
1947,480303,4,14
1948,610101,4,4
1949,531401,4,7
1950,278101,4,11
1951,255304,4,30
1952,15108,4,5
1953,15110,4,12
1954,859101,4,5
1955,674402,4,6
1956,176401,4,5
1957,15112,4,13
1958,558104,4,5
1959,182301,4,5
1960,188404,4,24
1961,18401,4,13
1962,558204,4,10
1963,864404,4,12
1964,559301,4,7
1965,676106,4,11
1966,676206,4,6
1967,566101,4,4
1968,568303,4,6
1969,15208,4,16
1970,869202,4,14
1971,188307,4,4
1972,678401,4,19
1973,15203,4,10
1974,567101,4,8
1975,256403,4,23
1976,557203,4,5
1977,174201,4,21
1978,881301,4,14
1979,265202,4,18
1980,250102,4,465
1981,277401,4,4
1982,250103,4,19
1983,567105,4,4
1984,250202,4,122
1985,543301,4,7
1986,275104,4,9
1987,252101,4,43
1988,580301,4,10
1989,723303,4,7
1990,159402,4,14
1991,549301,4,7
1992,672203,4,13
1993,262403,4,180
1994,550402,4,5
1995,257430,4,26
1996,169406,4,4
1997,254104,4,9
1998,257424,4,48
1999,843409,4,15
2000,24302,4,7
2001,671102,4,30
2002,569402,4,4
2003,173404,4,11
2004,813304,4,34
2005,147402,4,10
2006,655301,4,5
2007,764301,4,5
2008,75202,4,14
2009,348202,4,9
2010,433401,4,10
2011,84205,4,175
2012,93401,4,7
2013,85201,4,63
2014,130404,4,23
2015,338301,4,4
2016,86101,4,5
2017,140208,4,35
2018,660302,4,11
2019,333301,4,4
2020,446201,4,5
2021,446202,4,8
2022,362101,4,10
2023,386103,4,5
2024,399104,4,9
2025,103201,4,4
2026,125201,4,110
2027,420402,4,5
2028,415101,4,5
2029,62304,4,15
2030,626201,4,5
2031,62301,4,6
2032,418207,4,5
2033,134401,4,4
2034,125101,4,10
2035,762306,4,6
2036,59302,4,11
2037,357102,4,46
2038,414306,4,4
2039,414304,4,14
2040,794305,4,8
2041,372208,4,14
2042,761404,4,18
2043,410301,4,5
2044,141405,4,8
2045,662302,4,14
2046,401104,4,4
2047,615410,4,4
2048,133312,4,6
2049,133316,4,5
2050,142401,4,4
2051,143301,4,4
2052,794404,4,16
2053,409402,4,9
2054,133301,4,13
2055,773102,4,8
2056,641102,4,4
2057,417401,4,4
2058,403302,4,8
2059,401206,4,8
2060,641101,4,7
2061,64102,4,12
2062,641203,4,5
2063,771401,4,5
2064,786401,4,5
2065,67402,3,3
2066,180201,3,20
2067,173403,3,15
2068,173401,3,3
2069,678405,3,5
2070,679303,3,5
2071,387401,3,9
2072,256302,3,24
2073,23302,3,13
2074,188304,3,5
2075,129203,3,6
2076,566202,3,8
2077,386202,3,19
2078,77101,3,43
2079,764402,3,7
2080,864401,3,7
2081,74204,3,27
2082,764404,3,3
2083,415211,3,2445
2084,415107,3,3
2085,17102,3,16
2086,765202,3,7
2087,75201,3,114
2088,15211,3,17
2089,764307,3,4
2090,415205,3,41
2091,677102,3,66
2092,662303,3,5
2093,704402,3,6
2094,74203,3,5
2095,566204,3,5
2096,372104,3,16
2097,843416,3,5
2098,659202,3,23
2099,671201,3,3
2100,79302,3,13
2101,593203,3,42
2102,13403,3,44
2103,896301,3,3
2104,228103,3,32
2105,687301,3,8
2106,228104,3,4
2107,411205,3,4
2108,247302,3,16
2109,89103,3,14
2110,593102,3,20
2111,593104,3,7
2112,12208,3,7
2113,401103,3,4
2114,228101,3,7
2115,233403,3,72
2116,237403,3,42
2117,86105,3,19
2118,410404,3,12
2119,598202,3,5
2120,402302,3,3
2121,240305,3,3
2122,244102,3,19
2123,86111,3,3
2124,12107,3,61
2125,86216,3,5
2126,228102,3,12
2127,90302,3,4
2128,657401,3,7
2129,682301,3,4
2130,392101,3,5
2131,655303,3,3
2132,189104,3,8
2133,790203,3,3
2134,769106,3,8
2135,15107,3,32
2136,82105,3,4
2137,769208,3,13
2138,701201,3,6
2139,217103,3,9
2140,252107,3,17
2141,251202,3,578
2142,248305,3,3
2143,683202,3,3
2144,218101,3,84
2145,580402,3,3
2146,99301,3,3
2147,884401,3,30
2148,582301,3,3
2149,91303,3,8
2150,412303,3,3
2151,221204,3,3
2152,893318,3,1916
2153,893401,3,7
2154,133308,3,9
2155,407304,3,104
2156,356102,3,5
2157,326402,3,3
2158,145411,3,44
2159,742401,3,13
2160,289102,3,5
2161,350103,3,9
2162,356202,3,23
2163,741204,3,8
2164,134304,3,4
2165,357203,3,13
2166,747401,3,3
2167,39212,3,3
2168,518201,3,3
2169,145404,3,3
2170,145331,3,9
2171,311302,3,7
2172,149301,3,9
2173,133418,3,7
2174,328103,3,5
2175,280403,3,3
2176,829203,3,3
2177,280304,3,3
2178,280303,3,5
2179,527203,3,11
2180,359104,3,12
2181,36401,3,9
2182,51202,3,6
2183,806101,3,3
2184,450301,3,12
2185,613107,3,9
2186,146303,3,3
2187,754101,3,8
2188,39112,3,3
2189,819104,3,4
2190,754207,3,4
2191,147302,3,21
2192,819103,3,5
2193,140201,3,4
2194,47302,3,23
2195,138204,3,15
2196,145412,3,7
2197,667203,3,9
2198,37405,3,17
2199,433402,3,4
2200,406202,3,446
2201,814201,3,3
2202,147409,3,3
2203,49301,3,8
2204,138104,3,3
2205,450401,3,30
2206,290202,3,4
2207,754103,3,4
2208,801102,3,3
2209,418101,3,12
2210,669403,3,7
2211,317402,3,3
2212,762403,3,3
2213,161402,3,27
2214,546201,3,3
2215,362203,3,7
2216,143302,3,5
2217,550302,3,3
2218,169303,3,35
2219,550404,3,3
2220,145307,3,4
2221,662402,3,5
2222,461201,3,4
2223,843402,3,4
2224,257426,3,4
2225,24305,3,3
2226,611104,3,4
2227,322101,3,3
2228,764302,3,4
2229,40402,3,14
2230,43101,3,3
2231,763201,3,18
2232,615311,3,5
2233,838106,3,5
2234,159306,3,4
2235,27106,3,3
2236,615313,3,9
2237,26208,3,3
2238,418202,3,3
2239,275203,3,4
2240,615316,3,3
2241,276403,3,14
2242,613101,3,4
2243,763202,3,4
2244,838102,3,3
2245,3517302,2,2
2246,607304,2,2
2247,752402,2,2
2248,749303,2,3
2249,776202,2,189
2250,667102,2,4
2251,613104,2,2
2252,2003107,2,2
2253,2030301,2,2
2254,687402,2,2
2255,2029201,2,2
2256,813306,2,3
2257,635401,2,2
2258,2014402,2,2
2259,749402,2,3
2260,690102,2,2
2261,813305,2,3
2262,749407,2,12
2263,775101,2,3
2264,613106,2,4
2265,813308,2,3
2266,610206,2,3
2267,746301,2,10
2268,613201,2,9
2269,676205,2,24
2270,676203,2,6
2271,676104,2,3
2272,676102,2,23
2273,675405,2,3
2274,763203,2,4
2275,675403,2,3
2276,716403,2,3
2277,611206,2,13
2278,619402,2,2
2279,615407,2,2
2280,615408,2,2
2281,843313,2,3
2282,610201,2,2
2283,708303,2,9
2284,672101,2,2
2285,708402,2,10
2286,671205,2,15
2287,753102,2,2
2288,615315,2,5
2289,615314,2,4
2290,676207,2,4
2291,742301,2,76
2292,666303,2,4
2293,786404,2,564
2294,745105,2,4
2295,745102,2,2
2296,743402,2,4
2297,667204,2,3
2298,881403,2,3
2299,611101,2,2
2300,741104,2,2
2301,659101,2,20
2302,679307,2,6132
2303,628101,2,11
2304,741102,2,10
2305,738101,2,2
2306,869204,2,9
2307,869203,2,4
2308,762302,2,3
2309,615308,2,2
2310,753103,2,2
2311,3517403,2,2
2312,250203,2,23
2313,165102,2,2
2314,24402,2,5
2315,411102,2,7
2316,407402,2,2
2317,407305,2,4
2318,407303,2,2
2319,166202,2,2
2320,166102,2,2
2321,62403,2,3
2322,37305,2,6
2323,257329,2,9
2324,402404,2,2
2325,166101,2,2
2326,62302,2,3
2327,59402,2,9
2328,21402,2,349
2329,400404,2,4
2330,397306,2,3
2331,58401,2,3
2332,393304,2,5
2333,68401,2,2
2334,412402,2,2
2335,141305,2,12
2336,416302,2,105
2337,194201,2,4
2338,136304,2,5
2339,189206,2,3
2340,138103,2,8
2341,139202,2,2
2342,139203,2,5
2343,24404,2,5
2344,140202,2,3
2345,140203,2,6
2346,414405,2,23
2347,140204,2,2
2348,415204,2,5
2349,180101,2,11
2350,140206,2,3
2351,24403,2,13
2352,14107,2,2
2353,73301,2,3
2354,415102,2,1343
2355,58302,2,5
2356,159405,2,4
2357,196101,2,2
2358,386203,2,2
2359,39201,2,16
2360,336402,2,4
2361,147405,2,2
2362,333304,2,6
2363,42105,2,2
2364,328205,2,6
2365,326401,2,3
2366,257423,2,15
2367,42102,2,2
2368,303404,2,2
2369,39219,2,6
2370,293201,2,3
2371,15115,2,8
2372,145427,2,46
2373,287204,2,2
2374,147307,2,4
2375,146405,2,2
2376,262304,2,9
2377,279104,2,2
2378,147411,2,31
2379,148304,2,2
2380,148305,2,5
2381,372202,2,2
2382,154102,2,3
2383,386104,2,2
2384,150202,2,5
2385,57401,2,2
2386,38101,2,2
2387,149402,2,2
2388,20102,2,8
2389,145320,2,309
2390,148408,2,7297
2391,257420,2,11
2392,148401,2,2
2393,257418,2,6
2394,47303,2,2
2395,366102,2,2
2396,145329,2,8
2397,39110,2,9
2398,39116,2,5
2399,361402,2,2
2400,76102,2,106
2401,146401,2,2
2402,237402,2,4
2403,26203,2,7
2404,257316,2,2
2405,466301,2,9
2406,130402,2,6
2407,463302,2,3
2408,457203,2,3
2409,247305,2,8
2410,27201,2,2
2411,27202,2,3
2412,12109,2,1067
2413,26201,2,2
2414,556101,2,155
2415,27203,2,2
2416,253302,2,3
2417,238103,2,2
2418,132106,2,2
2419,466401,2,7
2420,247303,2,4
2421,557102,2,5
2422,553203,2,8
2423,86109,2,53
2424,255305,2,7
2425,550303,2,4
2426,244104,2,2
2427,544301,2,5
2428,12104,2,3
2429,255302,2,16
2430,245103,2,760
2431,254203,2,4
2432,243206,2,3
2433,241402,2,2
2434,240307,2,2
2435,496201,2,2
2436,240302,2,4
2437,253404,2,4
2438,257306,2,3
2439,244204,2,6
2440,12212,2,4963
2441,13305,2,12
2442,417410,2,4
2443,257312,2,7
2444,28406,2,2
2445,133410,2,5
2446,580303,2,5
2447,28403,2,18
2448,197202,2,3
2449,221104,2,9
2450,600402,2,9
2451,12211,2,6
2452,133409,2,3
2453,25306,2,10
2454,418204,2,2
2455,247405,2,7
2456,133404,2,4
2457,133317,2,2
2458,25401,2,8
2459,602301,2,3
2460,420302,2,2
2461,251201,2,2
2462,27102,2,85
2463,86218,2,2
2464,133415,2,3
2465,252108,2,2
2466,247308,2,2
2467,558201,2,2
2468,85102,2,33
2469,252104,2,10
2470,248306,1,1
2471,687401,1,1
2472,245206,1,52
2473,687404,1,1
2474,245102,1,52
2475,39205,1,1
2476,247403,1,29
2477,147312,1,1
2478,687302,1,1
2479,33302,1,2
2480,165202,1,2
2481,148313,1,1
2482,169302,1,1
2483,197101,1,1
2484,189106,1,1
2485,188402,1,2
2486,197102,1,1
2487,705301,1,20
2488,700101,1,2
2489,146305,1,2
2490,173402,1,2
2491,695101,1,1
2492,173305,1,1
2493,173304,1,1
2494,694205,1,15
2495,708403,1,1
2496,169301,1,2
2497,738202,1,31
2498,28306,1,15
2499,228204,1,3
2500,232303,1,3
2501,27206,1,1
2502,716404,1,1
2503,165204,1,1
2504,37402,1,1
2505,693302,1,1
2506,159403,1,1
2507,240304,1,1
2508,37406,1,2
2509,148414,1,3
2510,148412,1,4
2511,182401,1,1
2512,244207,1,18
2513,813407,1,4
2514,786305,1,18
2515,130308,1,1
2516,130403,1,1
2517,132101,1,1
2518,132102,1,10
2519,786306,1,1
2520,765103,1,1
2521,765102,1,5
2522,132201,1,1
2523,132204,1,1
2524,132207,1,1
2525,133303,1,1
2526,133306,1,4
2527,764305,1,2
2528,84206,1,2
2529,133310,1,1
2530,84104,1,42
2531,84103,1,1
2532,763101,1,1
2533,82104,1,2
2534,133412,1,4
2535,762305,1,1
2536,81101,1,1
2537,762303,1,2
2538,762301,1,5
2539,761403,1,2
2540,130305,1,2
2541,129201,1,6
2542,761401,1,5
2543,86107,1,1
2544,99401,1,2
2545,87402,1,8
2546,87302,1,1
2547,87301,1,1
2548,86221,1,2
2549,125106,1,1
2550,776104,1,4
2551,769210,1,1
2552,125107,1,1
2553,86215,1,3
2554,86208,1,1
2555,86207,1,1
2556,769201,1,1
2557,86204,1,1
2558,125203,1,1
2559,86201,1,6
2560,769108,1,13
2561,769107,1,8
2562,86117,1,1
2563,86114,1,1
2564,86110,1,1
2565,86108,1,1
2566,127101,1,1
2567,128101,1,21
2568,129102,1,2
2569,761402,1,15
2570,136303,1,1
2571,145431,1,17
2572,145303,1,11
2573,145310,1,1
2574,145312,1,2
2575,145315,1,1
2576,248402,1,1
2577,749404,1,2
2578,145316,1,1
2579,145319,1,1
2580,749306,1,4
2581,51103,1,1
2582,806102,1,1
2583,145327,1,2
2584,806204,1,2
2585,145406,1,1
2586,145407,1,9
2587,806205,1,1
2588,747403,1,1
2589,811302,1,13
2590,145410,1,6
2591,42106,1,1
2592,747302,1,1
2593,41102,1,11
2594,746404,1,1
2595,746401,1,1
2596,746306,1,3
2597,39213,1,3
2598,145305,1,21
2599,805302,1,2
2600,73404,1,12
2601,57402,1,2
2602,73403,1,2
2603,73402,1,2
2604,139102,1,2
2605,140105,1,1
2606,73401,1,1
2607,73304,1,1
2608,754206,1,1
2609,141302,1,2
2610,754201,1,1
2611,754107,1,14
2612,67302,1,4
2613,794402,1,3
2614,141403,1,1
2615,754102,1,48
2616,141404,1,3
2617,794403,1,1
2618,142302,1,1
2619,62401,1,1
2620,801201,1,1
2621,144305,1,2
2622,144308,1,2
2623,752302,1,1
2624,144407,1,1
2625,145301,1,1
2626,751103,1,1
2627,749405,1,2
2628,97301,1,2
2629,248403,1,2
2630,12210,1,39
2631,15210,1,1
2632,418104,1,1
2633,418103,1,1
2634,257429,1,2
2635,15207,1,5
2636,869104,1,1
2637,669304,1,1
2638,277305,1,7
2639,669301,1,1
2640,279204,1,1
2641,900401,1,1
2642,13401,1,5
2643,667202,1,1
2644,295101,1,5
2645,303303,1,1
2646,417404,1,1
2647,322201,1,4
2648,331301,1,1
2649,333403,1,2
2650,257425,1,1
2651,257422,1,2
2652,480402,1,2
2653,12209,1,1
2654,457101,1,1
2655,456201,1,1
2656,864303,1,2
2657,672106,1,3
2658,445401,1,1
2659,12111,1,46
2660,20103,1,7
2661,12201,1,2
2662,864403,1,2
2663,257417,1,2
2664,613206,1,1
2665,635301,1,1
2666,12204,1,1
2667,615303,1,2
2668,615306,1,1
2669,615307,1,1
2670,671104,1,1
2671,418205,1,1
2672,615309,1,1
2673,349202,1,2
2674,15113,1,2
2675,615414,1,2
2676,665301,1,1
2677,390401,1,2
2678,415203,1,4
2679,392201,1,87
2680,399203,1,5
2681,401203,1,2
2682,401205,1,1
2683,402303,1,1
2684,14205,1,17
2685,881405,1,1
2686,415111,1,1
2687,402405,1,1
2688,415108,1,18
2689,406102,1,138
2690,414406,1,1
2691,414301,1,1
2692,407301,1,1
2693,893315,1,1
2694,408201,1,7
2695,410304,1,1
2696,657301,1,12
2697,415209,1,1
2698,386201,1,1
2699,372103,1,523
2700,361303,1,8
2701,15106,1,1
2702,361404,1,2
2703,615415,1,1
2704,893407,1,1
2705,27101,1,1
2706,364101,1,8
2707,872401,1,3
2708,417313,1,6
2709,659201,1,2
2710,14104,1,1
2711,372204,1,1
2712,372206,1,1
2713,372209,1,873
2714,372210,1,10
2715,416402,1,2
2716,374201,1,1
2717,382401,1,1
2718,464301,1,554
2719,257419,1,15
2720,2014302,1,2
2721,257311,1,3
2722,26103,1,2
2723,678306,1,4
2724,25406,1,1
2725,678303,1,1
2726,566205,1,1
2727,557202,1,9
2728,677202,1,1
2729,843314,1,1
2730,257313,1,4
2731,676101,1,1
2732,25303,1,1
2733,556201,1,1
2734,676202,1,2
2735,676201,1,2
2736,12101,1,641
2737,257319,1,1
2738,2029202,1,1
2739,24406,1,1
2740,567103,1,6
2741,257303,1,1
2742,257302,1,2
2743,26204,1,1
2744,682401,1,1
2745,252105,1,24
2746,252106,1,6
2747,679408,1,1
2748,679405,1,1
2749,838205,1,4
2750,602302,1,1
2751,679309,1,1
2752,679308,1,1
2753,838207,1,3
2754,255306,1,1
2755,838208,1,3
2756,568403,1,2
2757,567204,1,1
2758,256303,1,3
2759,679302,1,1
2760,257301,1,9
2761,553103,1,1
2762,553205,1,1
2763,22303,1,2
2764,531301,1,1
2765,22302,1,2160
2766,611202,1,6
2767,843415,1,8
2768,552102,1,20
2769,675303,1,3837
2770,550403,1,1
2771,675304,1,2
2772,553101,1,1
2773,257326,1,4
2774,532202,1,1
2775,23402,1,2
2776,20203,1,1
2777,674302,1,2
2778,257406,1,6
2779,675404,1,3837
2780,490203,1,2
2781,2029101,0,0
2782,14106,0,0
2783,86102,0,0
2784,12203,0,0
2785,89101,0,0
2786,86220,0,0
2787,893319,0,0
2788,893314,0,0
2789,85202,0,0
2790,893320,0,0
2791,14105,0,0
2792,3517303,0,0
2793,86219,0,0
2794,3517402,0,0
2795,86103,0,0
2796,12202,0,0
2797,89203,0,0
2798,89202,0,0
2799,86104,0,0
2800,893403,0,0
2801,14201,0,0
2802,3517401,0,0
2803,73302,0,0
2804,786307,0,0
2805,12103,0,0
2806,87401,0,0
2807,12105,0,0
2808,89102,0,0
2809,12110,0,0
2810,11401,0,0
2811,82205,0,0
2812,893404,0,0
2813,81202,0,0
2814,14101,0,0
2815,13302,0,0
2816,13405,0,0
2817,77201,0,0
2818,13402,0,0
2819,11402,0,0
2820,790103,0,0
2821,13304,0,0
2822,14102,0,0
2823,86203,0,0
2824,86120,0,0
2825,12102,0,0
2826,2029102,0,0
2827,783301,0,0
2828,790202,0,0
2829,790104,0,0
2830,76202,0,0
2831,86118,0,0
2832,14103,0,0
2833,12207,0,0
2834,3517301,0,0
2835,13303,0,0
2836,893406,0,0
2837,74202,0,0
2838,12205,0,0
2839,12206,0,0
2840,86217,0,0
2841,86112,0,0
2842,12108,0,0
2843,84202,0,0
2844,776203,0,0
2845,76101,0,0
2846,86212,0,0
2847,86210,0,0
2848,76201,0,0
2849,893408,0,0
2850,794304,0,0
2851,43202,0,0
2852,893313,0,0
2853,37403,0,0
2854,36307,0,0
2855,36403,0,0
2856,24303,0,0
2857,36404,0,0
2858,37301,0,0
2859,22403,0,0
2860,37302,0,0
2861,21403,0,0
2862,21303,0,0
2863,21302,0,0
2864,827404,0,0
2865,21301,0,0
2866,37306,0,0
2867,37404,0,0
2868,64202,0,0
2869,20202,0,0
2870,20104,0,0
2871,864301,0,0
2872,827304,0,0
2873,864302,0,0
2874,38103,0,0
2875,864304,0,0
2876,38105,0,0
2877,38202,0,0
2878,38204,0,0
2879,39101,0,0
2880,39102,0,0
2881,39103,0,0
2882,24405,0,0
2883,36304,0,0
2884,36303,0,0
2885,829107,0,0
2886,838107,0,0
2887,26206,0,0
2888,27104,0,0
2889,26205,0,0
2890,838204,0,0
2891,838206,0,0
2892,89204,0,0
2893,838105,0,0
2894,838104,0,0
2895,838103,0,0
2896,27105,0,0
2897,26108,0,0
2898,26105,0,0
2899,28302,0,0
2900,28304,0,0
2901,26104,0,0
2902,25404,0,0
2903,25403,0,0
2904,28402,0,0
2905,829205,0,0
2906,829204,0,0
2907,25305,0,0
2908,843316,0,0
2909,843401,0,0
2910,25301,0,0
2911,34401,0,0
2912,843403,0,0
2913,39104,0,0
2914,39106,0,0
2915,39107,0,0
2916,39218,0,0
2917,15114,0,0
2918,42204,0,0
2919,43102,0,0
2920,15109,0,0
2921,806203,0,0
2922,43201,0,0
2923,806105,0,0
2924,43203,0,0
2925,15105,0,0
2926,873401,0,0
2927,51104,0,0
2928,51203,0,0
2929,15104,0,0
2930,57302,0,0
2931,881302,0,0
2932,15103,0,0
2933,881304,0,0
2934,15102,0,0
2935,14208,0,0
2936,14207,0,0
2937,14206,0,0
2938,801103,0,0
2939,62402,0,0
2940,14204,0,0
2941,64201,0,0
2942,14203,0,0
2943,14202,0,0
2944,41103,0,0
2945,813307,0,0
2946,39108,0,0
2947,39217,0,0
2948,39109,0,0
2949,18301,0,0
2950,39111,0,0
2951,39113,0,0
2952,39114,0,0
2953,39115,0,0
2954,17203,0,0
2955,17202,0,0
2956,39118,0,0
2957,39119,0,0
2958,17103,0,0
2959,39203,0,0
2960,15215,0,0
2961,39204,0,0
2962,39206,0,0
2963,15209,0,0
2964,39208,0,0
2965,814102,0,0
2966,39210,0,0
2967,39211,0,0
2968,39214,0,0
2969,813404,0,0
2970,813403,0,0
2971,39215,0,0
2972,15205,0,0
2973,15204,0,0
2974,39216,0,0
2975,602402,0,0
2976,145326,0,0
2977,92402,0,0
2978,677201,0,0
2979,257402,0,0
2980,257401,0,0
2981,674405,0,0
2982,257328,0,0
2983,257327,0,0
2984,675305,0,0
2985,675402,0,0
2986,257325,0,0
2987,257324,0,0
2988,257323,0,0
2989,257321,0,0
2990,257320,0,0
2991,257318,0,0
2992,676107,0,0
2993,257317,0,0
2994,257315,0,0
2995,257314,0,0
2996,257403,0,0
2997,674305,0,0
2998,257404,0,0
2999,257416,0,0
3000,257427,0,0
3001,671101,0,0
3002,257421,0,0
3003,671105,0,0
3004,671202,0,0
3005,671203,0,0
3006,672102,0,0
3007,257415,0,0
3008,257405,0,0
3009,257414,0,0
3010,257413,0,0
3011,672202,0,0
3012,257412,0,0
3013,257411,0,0
3014,257410,0,0
3015,257409,0,0
3016,677103,0,0
3017,257310,0,0
3018,273101,0,0
3019,257309,0,0
3020,687304,0,0
3021,244103,0,0
3022,241401,0,0
3023,241303,0,0
3024,241302,0,0
3025,693401,0,0
3026,239102,0,0
3027,238204,0,0
3028,694102,0,0
3029,238203,0,0
3030,238202,0,0
3031,227402,0,0
3032,225201,0,0
3033,225102,0,0
3034,221101,0,0
3035,197201,0,0
3036,697401,0,0
3037,248304,0,0
3038,251101,0,0
3039,252102,0,0
3040,678404,0,0
3041,678302,0,0
3042,257308,0,0
3043,678305,0,0
3044,257307,0,0
3045,257305,0,0
3046,257304,0,0
3047,678403,0,0
3048,678407,0,0
3049,252206,0,0
3050,678408,0,0
3051,255402,0,0
3052,679306,0,0
3053,255301,0,0
3054,679404,0,0
3055,679407,0,0
3056,252208,0,0
3057,257428,0,0
3058,275205,0,0
3059,100301,0,0
3060,417407,0,0
3061,437302,0,0
3062,613205,0,0
3063,613207,0,0
3064,615301,0,0
3065,615302,0,0
3066,433303,0,0
3067,418203,0,0
3068,418201,0,0
3069,418107,0,0
3070,418106,0,0
3071,418105,0,0
3072,417415,0,0
3073,417414,0,0
3074,417412,0,0
3075,615406,0,0
3076,417409,0,0
3077,417408,0,0
3078,613203,0,0
3079,437402,0,0
3080,445301,0,0
3081,553201,0,0
3082,607402,0,0
3083,575201,0,0
3084,567202,0,0
3085,567201,0,0
3086,567104,0,0
3087,553204,0,0
3088,553202,0,0
3089,553104,0,0
3090,452301,0,0
3091,553102,0,0
3092,611203,0,0
3093,550301,0,0
3094,543403,0,0
3095,542101,0,0
3096,490202,0,0
3097,490101,0,0
3098,615409,0,0
3099,417405,0,0
3100,285202,0,0
3101,417403,0,0
3102,655302,0,0
3103,655402,0,0
3104,388101,0,0
3105,386105,0,0
3106,374101,0,0
3107,660303,0,0
3108,660404,0,0
3109,372109,0,0
3110,372107,0,0
3111,662304,0,0
3112,366202,0,0
3113,361403,0,0
3114,361302,0,0
3115,359103,0,0
3116,667101,0,0
3117,290201,0,0
3118,290103,0,0
3119,402304,0,0
3120,402403,0,0
3121,406103,0,0
3122,417304,0,0
3123,615416,0,0
3124,417315,0,0
3125,417312,0,0
3126,417311,0,0
3127,417308,0,0
3128,417307,0,0
3129,417305,0,0
3130,417301,0,0
3131,406203,0,0
3132,415210,0,0
3133,415104,0,0
3134,415103,0,0
3135,411201,0,0
3136,411105,0,0
3137,411104,0,0
3138,408101,0,0
3139,196201,0,0
3140,703401,0,0
3141,704401,0,0
3142,133305,0,0
3143,760201,0,0
3144,760202,0,0
3145,134302,0,0
3146,134301,0,0
3147,761305,0,0
3148,133417,0,0
3149,133414,0,0
3150,762304,0,0
3151,133413,0,0
3152,133411,0,0
3153,762404,0,0
3154,762405,0,0
3155,762406,0,0
3156,763102,0,0
3157,763103,0,0
3158,133408,0,0
3159,764303,0,0
3160,136404,0,0
3161,138102,0,0
3162,140106,0,0
3163,753204,0,0
3164,144307,0,0
3165,753101,0,0
3166,144304,0,0
3167,144302,0,0
3168,753105,0,0
3169,142402,0,0
3170,142301,0,0
3171,141407,0,0
3172,140205,0,0
3173,754104,0,0
3174,141306,0,0
3175,754106,0,0
3176,754108,0,0
3177,754202,0,0
3178,754205,0,0
3179,754208,0,0
3180,133307,0,0
3181,132206,0,0
3182,186201,0,0
3183,764405,0,0
3184,769204,0,0
3185,769205,0,0
3186,769206,0,0
3187,769207,0,0
3188,769209,0,0
3189,769211,0,0
3190,769212,0,0
3191,769213,0,0
3192,120201,0,0
3193,120102,0,0
3194,119101,0,0
3195,107202,0,0
3196,107101,0,0
3197,103102,0,0
3198,100402,0,0
3199,100401,0,0
3200,100302,0,0
3201,769203,0,0
3202,769202,0,0
3203,769113,0,0
3204,125205,0,0
3205,764407,0,0
3206,764408,0,0
3207,132104,0,0
3208,132103,0,0
3209,129202,0,0
3210,129103,0,0
3211,125206,0,0
3212,769101,0,0
3213,769112,0,0
3214,769102,0,0
3215,769103,0,0
3216,769104,0,0
3217,769105,0,0
3218,125204,0,0
3219,769109,0,0
3220,769110,0,0
3221,144406,0,0
3222,751203,0,0
3223,751102,0,0
3224,145302,0,0
3225,148407,0,0
3226,741105,0,0
3227,148406,0,0
3228,148405,0,0
3229,148315,0,0
3230,741205,0,0
3231,148312,0,0
3232,148311,0,0
3233,148310,0,0
3234,148309,0,0
3235,148308,0,0
3236,148307,0,0
3237,148306,0,0
3238,148302,0,0
3239,147412,0,0
3240,147408,0,0
3241,147407,0,0
3242,148409,0,0
3243,741101,0,0
3244,148410,0,0
3245,165201,0,0
3246,186101,0,0
3247,176301,0,0
3248,173405,0,0
3249,173302,0,0
3250,716302,0,0
3251,166201,0,0
3252,716402,0,0
3253,161303,0,0
3254,148411,0,0
3255,159404,0,0
3256,159304,0,0
3257,155201,0,0
3258,150203,0,0
3259,150104,0,0
3260,150103,0,0
3261,148413,0,0
3262,147401,0,0
3263,147311,0,0
3264,147310,0,0
3265,748203,0,0
3266,145408,0,0
3267,747402,0,0
3268,747404,0,0
3269,145401,0,0
3270,145332,0,0
3271,748103,0,0
3272,748104,0,0
3273,748204,0,0
3274,747304,0,0
3275,602401,0,0
3276,145324,0,0
3277,145323,0,0
3278,145321,0,0
3279,749305,0,0
3280,145317,0,0
3281,145311,0,0
3282,747305,0,0
3283,747303,0,0
3284,147305,0,0
3285,746309,0,0
3286,147304,0,0
3287,147301,0,0
3288,146402,0,0
3289,146304,0,0
3290,746305,0,0
3291,145430,0,0
3292,145429,0,0
3293,145428,0,0
3294,145413,0,0
3295,145426,0,0
3296,145424,0,0
3297,145422,0,0
3298,145418,0,0
3299,145416,0,0
3300,145415,0,0
3301,746410,0,0
3302,11301,0,0
