,ID,S,T,N
0,129203,17230,525,16
1,763101,9905,758,20
2,764403,9617,676,23
3,148301,8789,614,175
4,144303,8227,849,111
5,794305,7906,835,11
6,189105,7559,431,31
7,129201,7417,996,20
8,173404,7031,59,16
9,838106,6620,1106,9
10,676202,6620,267,4
11,813406,6565,1070,22
12,659101,6543,74,22
13,657301,6537,919,11
14,675303,6507,811,9
15,671202,6504,914,9
16,415211,6399,1216,9
17,22301,6390,996,54
18,813402,6383,640,22
19,14108,5532,1097,54
20,250202,5205,984,15
21,415101,3930,343,10
22,252104,3704,1130,20
23,140206,3694,126,23
24,141405,3692,68,18
25,829204,3676,655,6
26,227303,3511,127,32
27,829106,3438,1009,12
28,277304,3419,576,102
29,34301,3323,1193,45
30,244101,3308,1101,66
31,372102,3103,736,123
32,415110,2826,992,55
33,399101,2739,548,205
34,223401,2632,389,221
35,37305,2525,509,12
36,881404,2465,671,94
37,613201,2388,47,29
38,251102,2323,1078,45
39,82101,2299,648,91
40,147306,2289,766,37
41,82103,2207,1020,74
42,22302,2192,639,18
43,253301,2113,456,52
44,478101,1988,658,92
45,829207,1952,712,38
46,829206,1906,393,64
47,557201,1895,1046,67
48,415102,1892,1167,6
49,247301,1872,726,111
50,239101,1814,732,286
51,245205,1779,1130,10
52,865101,1773,1186,75
53,125102,1764,461,65
54,22403,1761,666,8
55,893408,1738,13,3
56,245101,1666,916,71
57,145409,1623,352,148
58,751101,1610,372,103
59,753205,1586,728,102
60,255303,1571,864,104
61,248406,1511,313,63
62,82102,1455,514,96
63,75102,1452,576,23
64,88301,1437,802,89
65,613103,1432,1020,153
66,318202,1409,399,71
67,341301,1374,628,54
68,669404,1370,685,75
69,136403,1357,948,24
70,233301,1324,598,160
71,411204,1323,651,27
72,25402,1320,313,33
73,252205,1290,984,33
74,222101,1276,550,133
75,378101,1268,282,30
76,551101,1260,780,121
77,541301,1257,382,34
78,667104,1250,925,44
79,357103,1237,537,47
80,357202,1236,392,38
81,400302,1236,468,89
82,256302,1236,635,22
83,145322,1224,808,202
84,541401,1174,708,168
85,565301,1154,361,192
86,667103,1151,740,233
87,464301,1140,470,3
88,217203,1115,290,32
89,308301,1105,612,67
90,552101,1097,977,165
91,255302,1086,86,14
92,406102,1064,931,21
93,387302,1062,484,150
94,12109,1062,201,1
95,222202,1057,583,40
96,39207,1048,509,107
97,251202,1047,657,19
98,832201,1021,926,100
99,792301,1014,592,224
100,749403,1013,513,107
101,103101,1010,448,153
102,279203,1009,779,80
103,133314,1006,516,124
104,74201,964,332,29
105,786301,955,325,30
106,674404,952,779,71
107,245103,942,590,13
108,786406,934,465,131
109,285101,925,495,92
110,253304,925,419,27
111,24401,922,1046,81
112,341401,921,753,38
113,253402,919,511,24
114,217102,905,387,85
115,893319,897,77,3
116,407403,893,623,72
117,397303,889,565,171
118,415109,884,559,111
119,242203,884,267,24
120,397304,881,566,96
121,222102,873,702,52
122,238102,865,699,178
123,786404,864,371,7
124,17101,864,401,100
125,247306,860,475,173
126,746403,856,552,157
127,867301,855,645,208
128,258102,854,840,72
129,160101,846,840,171
130,24304,830,768,119
131,765101,829,840,205
132,237401,827,471,108
133,483201,826,613,142
134,406201,819,855,115
135,422301,817,580,130
136,79402,815,1040,64
137,348201,812,667,107
138,86113,812,726,198
139,321201,811,556,81
140,407401,811,676,104
141,669303,806,312,48
142,39202,781,806,114
143,413101,776,405,78
144,738203,776,502,158
145,145306,773,394,48
146,233303,770,576,24
147,15213,765,591,24
148,84203,763,629,142
149,11304,758,585,30
150,382301,757,181,125
151,893318,757,1201,10
152,669302,757,570,30
153,597302,749,654,182
154,447301,743,353,161
155,372103,739,322,10
156,89104,736,717,98
157,216401,733,550,68
158,391201,733,434,31
159,601401,731,721,100
160,716303,730,625,55
161,133304,729,456,83
162,407302,726,725,130
163,85201,713,461,24
164,132105,711,462,155
165,843404,708,492,149
166,129101,707,687,306
167,604401,699,792,110
168,566201,693,708,80
169,244207,692,274,6
170,63301,688,390,118
171,402306,687,525,180
172,806103,687,559,100
173,11303,682,382,23
174,91301,680,636,130
175,417303,679,1006,78
176,557104,677,815,37
177,250102,674,1014,21
178,145320,672,230,10
179,237303,672,499,58
180,247304,671,581,143
181,611105,671,447,133
182,26202,668,828,75
183,415103,662,1125,7
184,47403,658,384,50
185,12101,657,302,2
186,133416,657,537,60
187,246202,654,237,59
188,17201,648,621,177
189,563402,647,760,118
190,399104,645,86,34
191,710201,644,525,180
192,743304,635,105,23
193,248405,632,548,181
194,399207,631,658,116
195,237301,631,381,148
196,21402,630,371,13
197,378102,630,194,72
198,393402,630,786,158
199,411103,627,691,51
200,130307,627,711,138
201,362101,626,107,28
202,318102,623,279,50
203,240306,622,330,43
204,28301,621,613,174
205,33301,605,621,70
206,819201,605,556,299
207,21401,605,399,60
208,383301,604,527,167
209,220101,602,463,215
210,435101,601,423,113
211,84102,600,681,61
212,417402,598,605,144
213,791401,598,312,75
214,217202,597,305,30
215,743402,594,48,7
216,275202,594,380,145
217,524201,594,347,117
218,242102,588,678,116
219,247407,586,669,113
220,483101,585,757,169
221,29301,582,416,176
222,736302,582,817,92
223,738201,575,708,206
224,279101,574,721,159
225,249403,573,547,106
226,397404,572,522,110
227,393302,572,338,171
228,293101,570,228,77
229,555401,569,397,192
230,158101,568,613,176
231,843305,568,136,54
232,599401,565,555,313
233,790201,563,576,229
234,473301,561,474,124
235,781101,560,481,100
236,36302,556,622,108
237,770404,555,354,139
238,565302,555,591,76
239,588301,554,426,207
240,19301,553,480,263
241,555301,552,340,107
242,736301,552,445,148
243,276401,545,716,142
244,745101,544,481,84
245,593103,540,441,48
246,544401,539,546,155
247,243205,539,169,66
248,749307,539,549,180
249,385102,537,870,49
250,221205,535,442,153
251,13301,531,510,104
252,416401,530,543,90
253,13404,530,601,37
254,662401,526,594,175
255,552202,525,724,74
256,852101,525,479,172
257,410303,525,265,119
258,133403,524,427,125
259,471401,523,414,186
260,359101,519,505,153
261,544301,519,433,25
262,422401,519,701,92
263,89201,518,276,26
264,276302,517,439,163
265,610104,516,309,149
266,33401,514,409,166
267,747302,510,70,18
268,741203,509,595,49
269,84205,507,693,20
270,397301,506,400,197
271,832101,504,676,66
272,558101,504,329,204
273,753201,502,278,64
274,402401,502,583,180
275,277303,499,370,112
276,222201,498,712,72
277,414302,496,285,93
278,745206,496,301,48
279,32302,495,697,53
280,601301,494,393,42
281,316302,493,423,91
282,391101,493,325,32
283,359203,489,276,63
284,409301,487,201,85
285,228204,487,575,13
286,92401,486,389,83
287,145403,485,631,68
288,249301,484,169,55
289,664101,484,880,140
290,754203,483,595,96
291,17105,481,407,100
292,476301,481,263,150
293,243201,481,395,153
294,557204,479,828,81
295,246102,478,412,26
296,79301,478,666,58
297,830101,476,526,222
298,86108,476,132,10
299,133407,473,365,83
300,349201,472,466,193
301,23301,464,338,170
302,316401,464,467,125
303,566105,461,359,48
304,584401,460,364,108
305,305101,459,354,201
306,372208,459,211,36
307,745104,458,476,109
308,759203,458,114,35
309,172101,458,430,188
310,829104,458,270,39
311,15111,452,402,33
312,33402,451,756,75
313,246101,451,705,90
314,134404,449,332,30
315,401102,448,174,31
316,564401,447,270,78
317,318101,447,420,88
318,557101,446,364,77
319,148415,445,433,93
320,46401,444,494,202
321,280301,442,326,133
322,393303,441,437,64
323,563301,440,402,23
324,670201,439,364,205
325,588401,439,584,188
326,403301,438,386,208
327,47301,435,380,199
328,130303,433,483,79
329,134303,431,384,175
330,328202,430,474,133
331,67301,430,698,152
332,504101,429,353,140
333,509101,429,459,115
334,237404,427,655,134
335,524101,426,407,99
336,133318,425,208,91
337,133315,425,528,57
338,2014302,424,65,7
339,746302,423,425,166
340,749305,423,234,7
341,252207,421,541,79
342,413201,420,607,139
343,88401,420,757,29
344,248302,419,376,77
345,262405,418,268,53
346,255401,416,458,126
347,67401,415,447,229
348,397405,415,385,89
349,243106,414,292,42
350,587401,414,646,128
351,32402,414,679,67
352,813301,414,406,99
353,348101,413,400,173
354,140101,411,475,120
355,716304,411,416,25
356,161302,410,426,114
357,843405,410,587,177
358,133405,410,352,63
359,86213,409,297,57
360,321101,409,474,96
361,86202,408,536,132
362,291101,407,321,226
363,227301,406,133,56
364,344101,405,273,19
365,543401,404,441,208
366,838201,403,379,166
367,407404,403,241,34
368,748202,403,351,220
369,750102,402,223,61
370,881305,402,340,118
371,433401,400,97,33
372,765204,400,550,88
373,745203,397,447,183
374,244206,396,971,59
375,82106,396,278,73
376,253303,396,768,66
377,238104,395,734,132
378,237304,395,792,53
379,745205,395,264,63
380,220201,394,413,164
381,245102,393,1065,6
382,349203,392,395,138
383,881405,391,1110,19
384,776201,391,822,91
385,145423,391,632,136
386,399102,391,387,63
387,781202,390,372,80
388,242202,389,696,91
389,277302,388,131,31
390,32301,388,466,70
391,270101,388,300,207
392,241301,387,362,133
393,2003203,384,209,115
394,348102,383,619,78
395,295202,380,143,53
396,492101,379,198,129
397,130405,379,363,195
398,417314,379,578,105
399,291201,377,123,83
400,262301,377,147,102
401,188303,376,204,61
402,242201,375,339,51
403,792304,375,356,168
404,663101,375,415,140
405,239203,374,713,62
406,328104,374,355,99
407,272401,374,463,119
408,565402,373,383,47
409,336301,373,406,201
410,47402,373,414,76
411,254202,371,296,136
412,125103,371,715,61
413,316301,371,183,125
414,244201,371,177,121
415,183401,371,389,217
416,770302,371,293,114
417,678407,369,184,12
418,303403,369,118,45
419,745103,368,389,129
420,412302,367,335,87
421,720101,367,338,150
422,27102,367,74,11
423,615305,365,547,53
424,136402,364,789,93
425,308304,363,284,124
426,359102,362,613,31
427,415108,361,60,18
428,481101,361,140,28
429,593204,361,451,72
430,184201,359,331,128
431,402303,358,41,16
432,15212,357,391,34
433,144306,357,513,99
434,325104,357,338,80
435,15201,357,247,23
436,17205,356,724,78
437,240406,356,301,72
438,265101,356,330,171
439,82201,355,266,22
440,285201,354,947,56
441,843301,353,195,124
442,701101,353,693,102
443,130301,353,290,179
444,78201,352,548,159
445,456102,352,220,108
446,270201,351,225,143
447,317302,351,453,171
448,290102,351,102,34
449,567102,350,273,89
450,583301,350,307,205
451,567205,350,243,111
452,42203,350,405,45
453,316403,350,182,50
454,773202,350,319,29
455,865201,349,741,30
456,238103,349,76,12
457,158102,349,565,57
458,140102,347,755,96
459,252201,346,145,79
460,400403,346,367,59
461,745207,345,661,54
462,484201,343,362,169
463,611103,343,431,162
464,386203,343,45,12
465,307402,342,488,144
466,413103,342,483,91
467,558103,342,511,134
468,830201,340,290,147
469,24404,340,191,16
470,411101,339,473,99
471,349101,338,368,168
472,677203,338,302,107
473,407304,338,431,20
474,125202,337,365,17
475,271401,337,399,210
476,130401,335,455,199
477,90301,334,208,43
478,884301,333,160,90
479,568306,333,200,104
480,169304,333,815,70
481,736402,332,419,49
482,277301,332,312,166
483,585401,331,310,81
484,881402,330,260,93
485,412401,330,190,98
486,257407,330,257,38
487,91402,329,505,56
488,411203,329,590,31
489,684301,329,234,129
490,246203,328,730,35
491,344201,328,324,142
492,130406,325,409,128
493,42206,324,694,84
494,689102,324,253,89
495,336401,323,473,188
496,158104,322,425,64
497,242101,321,209,163
498,31401,319,831,124
499,75101,319,351,36
500,381101,319,233,108
501,307301,319,254,64
502,189103,319,739,105
503,169303,318,571,44
504,245204,318,729,38
505,787301,318,490,202
506,393403,317,127,28
507,738102,316,219,51
508,102101,316,321,53
509,92302,316,507,110
510,403401,316,323,206
511,305203,315,375,143
512,417413,315,523,50
513,40301,314,454,99
514,244205,314,378,182
515,751201,314,348,70
516,723302,313,236,103
517,696301,312,364,157
518,829103,312,660,41
519,386104,310,33,10
520,227401,310,326,233
521,37304,309,559,83
522,147404,309,394,122
523,134403,309,189,27
524,397401,309,268,139
525,641104,309,257,190
526,415106,308,358,41
527,317301,308,309,225
528,600302,308,253,128
529,51101,308,258,171
530,328201,308,205,111
531,504201,308,389,93
532,674303,307,183,27
533,565401,307,308,105
534,669402,307,656,82
535,415208,306,796,100
536,414304,306,172,9
537,838108,305,352,96
538,457101,305,76,28
539,394301,304,374,59
540,598102,304,259,116
541,254204,304,322,127
542,325202,303,293,94
543,161401,302,386,77
544,397407,302,356,158
545,472302,302,392,97
546,584301,301,375,98
547,615304,301,250,89
548,308302,301,514,83
549,308405,300,508,66
550,25302,300,203,56
551,672206,299,1091,38
552,378202,299,217,84
553,348202,299,291,34
554,324102,299,192,120
555,511101,299,215,107
556,27201,299,39,10
557,357201,299,681,89
558,42201,298,328,163
559,829201,298,232,111
560,691201,297,337,214
561,23401,297,368,192
562,38104,297,215,52
563,843312,296,292,136
564,232402,296,65,45
565,558205,296,320,81
566,245201,295,310,192
567,147302,295,138,24
568,750101,295,344,170
569,362201,294,298,195
570,690101,293,303,209
571,415111,293,141,8
572,275205,293,39,11
573,254103,293,510,107
574,247307,293,664,62
575,51204,293,334,108
576,325201,292,369,175
577,881303,291,524,39
578,595301,291,192,129
579,233402,291,597,32
580,244105,290,138,82
581,93301,290,509,176
582,79401,290,144,38
583,11403,289,234,17
584,86107,288,20,12
585,103202,288,488,66
586,406103,288,233,6
587,785101,288,225,147
588,158202,287,511,77
589,287202,287,272,74
590,291104,287,184,127
591,188403,287,245,98
592,597301,287,195,36
593,138201,287,533,90
594,46301,286,242,143
595,218201,285,254,90
596,130306,285,256,117
597,843409,285,141,16
598,253302,284,605,16
599,316303,284,407,90
600,771301,283,310,201
601,400401,283,312,178
602,785201,282,377,163
603,685401,282,229,123
604,76102,281,281,6
605,359204,280,535,28
606,36402,280,232,27
607,136301,279,765,129
608,543303,278,287,86
609,221202,278,159,93
610,827306,276,657,46
611,792402,276,422,144
612,710101,274,269,96
613,741103,274,357,95
614,792401,274,233,113
615,308305,273,340,129
616,414407,273,141,68
617,746308,273,286,26
618,674301,272,311,99
619,237403,272,136,25
620,93401,271,332,38
621,91302,271,607,58
622,417406,271,1083,63
623,791301,271,308,101
624,158103,270,331,54
625,604301,270,231,27
626,587301,270,440,73
627,748101,269,250,203
628,678406,269,221,84
629,26107,269,528,58
630,819102,268,239,130
631,42202,268,261,39
632,245202,267,237,84
633,557103,267,181,70
634,63401,266,336,122
635,86120,266,52,11
636,770401,265,276,206
637,411205,265,421,36
638,893402,265,549,91
639,239103,264,292,52
640,776101,264,313,87
641,54401,264,324,193
642,666301,264,184,101
643,256301,264,689,125
644,220202,262,307,104
645,389301,261,235,112
646,401101,258,137,78
647,741206,258,257,85
648,417309,258,298,119
649,672103,257,393,91
650,145325,257,213,106
651,24306,257,716,62
652,869201,257,283,155
653,556101,257,165,15
654,26106,256,591,116
655,694104,256,213,128
656,158204,256,435,48
657,411201,256,11,2
658,417316,256,214,33
659,241403,256,418,116
660,145330,255,237,96
661,395302,255,275,108
662,248303,255,311,53
663,145408,255,29,10
664,20201,255,493,54
665,478201,254,614,101
666,679409,253,418,75
667,585301,253,182,28
668,287103,253,254,43
669,51201,253,227,146
670,97401,253,428,60
671,145414,253,363,15
672,227404,252,215,69
673,781201,252,291,174
674,430402,251,206,103
675,150201,251,597,152
676,684402,251,265,95
677,555402,251,349,79
678,287104,250,141,51
679,669301,250,83,22
680,188301,249,164,116
681,163301,249,198,140
682,336302,248,256,43
683,273101,248,87,19
684,869205,248,248,111
685,843309,247,500,42
686,443301,247,188,50
687,414401,247,190,89
688,813303,246,863,47
689,566103,246,238,135
690,679406,245,216,131
691,172102,244,394,88
692,145309,244,172,49
693,221203,243,199,92
694,158203,243,468,62
695,550404,242,77,18
696,613202,242,248,156
697,172103,242,318,67
698,843408,241,603,110
699,37401,241,374,37
700,305102,241,195,94
701,86101,241,65,22
702,402405,241,21,5
703,389401,241,205,51
704,597402,240,157,46
705,406202,240,857,19
706,658301,240,199,57
707,402402,239,166,46
708,148314,239,227,25
709,292201,239,252,157
710,357101,239,284,177
711,749406,239,204,144
712,81102,238,379,64
713,184101,238,303,86
714,276402,238,244,42
715,271302,238,461,92
716,233401,238,420,120
717,615312,237,115,20
718,31301,236,571,78
719,68301,235,511,52
720,610106,235,221,114
721,51205,235,328,71
722,754102,235,109,12
723,738103,235,323,98
724,262302,234,188,46
725,770305,234,176,69
726,484101,234,221,147
727,473401,234,298,89
728,303304,234,328,116
729,248407,233,316,46
730,144405,233,565,32
731,169401,233,274,108
732,240301,232,104,75
733,161403,232,221,97
734,542201,230,191,129
735,786302,230,372,87
736,265201,230,406,141
737,694203,230,245,136
738,396101,229,169,87
739,558102,229,202,78
740,262402,228,182,100
741,381201,228,228,107
742,472401,228,212,111
743,564301,227,236,118
744,603401,226,158,68
745,120101,226,196,68
746,249302,225,240,44
747,595401,225,208,84
748,172203,225,352,60
749,276301,224,145,97
750,762402,224,815,99
751,420303,223,50,31
752,484102,223,223,74
753,843303,223,142,51
754,536401,223,246,165
755,41202,222,252,159
756,155102,222,268,117
757,356201,221,234,156
758,770407,221,199,92
759,277403,221,364,20
760,485201,221,255,167
761,827302,220,159,74
762,188305,220,164,41
763,612102,219,213,111
764,150101,219,350,151
765,22401,219,530,77
766,677101,218,182,88
767,549401,218,84,56
768,133402,218,83,26
769,765201,217,256,150
770,132202,217,146,61
771,41101,217,441,126
772,425301,217,103,58
773,761301,216,261,156
774,854201,216,155,123
775,289201,216,214,167
776,148403,216,317,18
777,662403,216,273,114
778,593203,215,134,16
779,158201,215,603,77
780,396102,215,170,102
781,481203,215,283,88
782,262403,214,121,18
783,15106,214,17,2
784,29401,214,103,40
785,267402,213,57,36
786,136304,213,40,12
787,58402,213,257,66
788,315301,212,282,128
789,463301,212,168,109
790,40302,211,642,32
791,400402,211,209,98
792,255407,211,337,71
793,869102,211,276,101
794,239202,210,218,32
795,145425,210,227,54
796,130408,210,242,145
797,869101,208,262,152
798,781203,207,471,46
799,550403,207,68,11
800,689203,206,156,58
801,410401,206,287,114
802,838202,206,368,52
803,257425,206,155,18
804,243204,205,367,71
805,680402,205,180,31
806,190101,204,167,39
807,543402,204,232,79
808,392202,203,208,92
809,275105,203,175,77
810,413102,203,321,50
811,637401,203,267,153
812,869105,203,203,93
813,280404,203,184,114
814,295102,202,179,47
815,160201,202,523,92
816,292101,202,181,70
817,786303,202,196,58
818,78102,202,311,48
819,827401,202,586,51
820,722201,201,248,170
821,770306,201,176,118
822,66301,201,304,76
823,318201,201,336,141
824,254102,201,148,66
825,591101,200,138,95
826,364201,200,199,153
827,28401,200,197,56
828,770402,200,194,132
829,218101,200,87,21
830,372106,199,122,68
831,257408,198,319,42
832,301101,198,246,162
833,302303,198,212,77
834,603301,198,127,102
835,558201,198,61,18
836,611102,198,211,48
837,519102,198,130,46
838,279102,197,62,15
839,360401,197,157,41
840,583401,196,244,150
841,759202,196,120,54
842,590201,196,194,38
843,307401,196,212,151
844,820401,196,208,144
845,776202,195,243,6
846,663201,195,294,88
847,619302,195,94,36
848,136302,195,1107,31
849,172202,195,419,76
850,867401,195,420,109
851,536301,194,146,121
852,696401,194,224,132
853,694103,194,164,99
854,399206,194,274,86
855,242103,194,310,61
856,658401,194,249,148
857,41203,193,433,22
858,794302,193,299,120
859,288201,193,125,84
860,247401,193,175,144
861,558202,193,176,75
862,287201,192,178,98
863,297201,192,146,50
864,169405,192,650,43
865,716301,192,77,11
866,188302,192,125,60
867,372203,192,206,59
868,463401,192,145,76
869,400304,191,187,89
870,794301,191,158,128
871,476401,191,230,109
872,412403,191,361,71
873,351201,190,170,134
874,843307,190,136,85
875,242205,190,243,65
876,343201,190,126,78
877,415201,189,272,115
878,401206,189,52,19
879,414307,189,217,95
880,316402,189,257,70
881,708401,189,142,42
882,694201,188,202,137
883,256401,188,428,116
884,233403,187,402,16
885,85101,187,100,30
886,255404,187,576,73
887,249402,187,264,95
888,308303,186,228,64
889,86119,186,182,87
890,165101,186,121,87
891,292102,186,166,90
892,287102,186,167,63
893,356202,185,61,16
894,243104,185,137,24
895,626101,185,168,129
896,38201,185,423,49
897,563302,185,332,37
898,172201,184,444,89
899,674403,184,139,68
900,59301,184,197,106
901,492202,184,196,121
902,84106,184,289,22
903,308402,184,292,68
904,597401,184,318,108
905,133302,183,176,72
906,220102,183,313,64
907,53301,183,201,114
908,239201,182,306,27
909,568301,182,185,138
910,217201,182,306,110
911,28303,182,355,107
912,277405,182,146,65
913,637301,182,133,107
914,792302,182,371,62
915,829203,182,814,14
916,416302,181,45,9
917,174101,181,106,42
918,559401,181,173,101
919,648301,181,181,135
920,819101,181,157,117
921,2014402,181,70,13
922,694204,181,138,95
923,73305,181,223,37
924,600401,180,214,113
925,280401,180,192,148
926,838101,179,671,49
927,279201,179,70,30
928,190201,178,105,59
929,769111,178,125,36
930,228202,178,208,122
931,227302,177,111,29
932,232302,177,104,65
933,27103,176,241,107
934,290203,176,166,114
935,189201,176,264,50
936,764401,176,412,79
937,852201,176,253,44
938,558105,176,125,69
939,327101,176,178,104
940,672201,175,569,128
941,759201,175,184,138
942,781103,175,201,65
943,188407,175,147,71
944,446101,175,89,57
945,765104,175,211,109
946,146301,175,213,114
947,30401,174,301,80
948,396201,174,166,99
949,770403,174,130,80
950,146302,174,480,91
951,325204,174,509,43
952,252203,173,208,35
953,118201,173,275,61
954,291204,173,135,36
955,277404,173,187,34
956,409302,173,224,34
957,756101,172,85,63
958,325103,172,211,48
959,254201,172,118,81
960,696402,172,342,52
961,253401,171,529,101
962,742401,171,207,24
963,723403,170,106,49
964,485101,170,190,94
965,293202,170,225,90
966,694105,170,170,100
967,759103,170,166,61
968,452401,169,192,75
969,481202,169,128,30
970,829202,169,389,44
971,317403,169,86,41
972,66401,169,345,89
973,691102,169,154,77
974,303402,169,158,42
975,282401,169,247,75
976,399205,169,211,116
977,246103,168,356,70
978,516301,168,132,113
979,325101,168,293,47
980,819206,168,176,90
981,612203,168,167,129
982,86121,167,163,14
983,304101,167,124,49
984,281101,167,156,114
985,566102,167,150,64
986,608301,167,245,119
987,893317,167,821,57
988,145412,167,100,16
989,589301,166,214,104
990,393301,166,167,52
991,315402,166,183,107
992,311405,166,223,117
993,289203,166,169,131
994,47401,166,131,56
995,790105,166,163,61
996,148404,165,427,34
997,746408,165,573,62
998,266401,165,170,130
999,272301,165,315,115
1000,144408,165,130,85
1001,881301,164,745,26
1002,696302,164,289,47
1003,369201,164,162,85
1004,615412,164,343,59
1005,133406,164,160,30
1006,619402,164,78,16
1007,148303,164,418,89
1008,655403,163,113,56
1009,262303,163,193,107
1010,820302,163,130,89
1011,255307,163,235,94
1012,607303,163,167,114
1013,612101,163,118,84
1014,607404,163,147,70
1015,234201,162,182,100
1016,590101,162,195,128
1017,567101,162,136,10
1018,310201,161,168,131
1019,267301,161,150,123
1020,552201,161,194,108
1021,183402,161,233,48
1022,311304,161,163,67
1023,613204,160,105,68
1024,287101,160,88,47
1025,843414,160,155,55
1026,156101,160,240,115
1027,145318,160,139,57
1028,843304,159,177,67
1029,233302,159,528,18
1030,819205,159,166,103
1031,704302,159,281,110
1032,245106,159,218,80
1033,252107,159,61,9
1034,349103,158,261,109
1035,232401,158,89,31
1036,73405,158,190,38
1037,356103,158,153,48
1038,250103,158,940,10
1039,691101,158,151,66
1040,57301,157,132,82
1041,783402,157,454,51
1042,821201,157,203,115
1043,244202,157,162,73
1044,145421,157,227,48
1045,821101,156,203,109
1046,247406,156,165,40
1047,84204,156,568,58
1048,678308,156,109,56
1049,36401,156,177,24
1050,598101,155,81,16
1051,395301,155,93,47
1052,356101,155,180,65
1053,243203,155,300,61
1054,666403,155,111,62
1055,417306,155,273,53
1056,792405,155,224,61
1057,397302,154,94,72
1058,827402,154,182,21
1059,761303,154,436,39
1060,606201,154,161,106
1061,794405,154,213,74
1062,620301,154,197,117
1063,36305,154,353,51
1064,350201,153,155,125
1065,749401,153,302,88
1066,42205,153,201,103
1067,397307,153,159,77
1068,786407,152,308,79
1069,90402,152,167,104
1070,471301,152,183,109
1071,413203,151,179,51
1072,591201,151,176,101
1073,279103,151,119,28
1074,128201,151,241,53
1075,107102,151,156,55
1076,237302,151,138,21
1077,672204,151,273,67
1078,770405,150,232,52
1079,257330,150,150,24
1080,674304,150,139,65
1081,136401,150,143,99
1082,296201,150,297,57
1083,749301,150,166,94
1084,759101,150,186,101
1085,349102,150,107,45
1086,674401,149,132,73
1087,133311,149,134,59
1088,700201,149,413,114
1089,619401,149,174,80
1090,410302,149,115,73
1091,457102,149,135,72
1092,51206,148,258,113
1093,821102,148,220,76
1094,247404,148,121,43
1095,250101,148,218,103
1096,308403,148,173,44
1097,464401,148,760,97
1098,126301,148,121,95
1099,180101,147,94,33
1100,881401,147,192,39
1101,394401,147,266,21
1102,255405,146,429,49
1103,723402,146,195,102
1104,2003202,146,95,45
1105,267303,146,61,49
1106,139101,146,1089,30
1107,708302,146,563,38
1108,302401,145,197,108
1109,239102,145,422,29
1110,758401,144,171,76
1111,156201,144,217,52
1112,144301,144,177,101
1113,53401,144,142,73
1114,759102,144,119,31
1115,336402,144,207,37
1116,768305,143,133,79
1117,761405,143,216,41
1118,827403,143,286,72
1119,188405,143,154,76
1120,86115,143,139,38
1121,415202,143,383,22
1122,351101,142,171,115
1123,253403,142,395,33
1124,11302,142,162,18
1125,86206,142,156,73
1126,430301,141,95,67
1127,492201,141,129,101
1128,414403,141,221,82
1129,609301,141,142,71
1130,609402,141,151,112
1131,705401,141,130,101
1132,385101,141,83,58
1133,59401,141,63,44
1134,291102,140,105,32
1135,249401,140,146,102
1136,472402,140,126,29
1137,412301,140,276,94
1138,308404,140,242,66
1139,361401,140,159,43
1140,244107,140,106,66
1141,606101,140,164,88
1142,173301,140,158,113
1143,607401,140,191,90
1144,820301,140,131,53
1145,399103,139,190,58
1146,768301,139,111,79
1147,362104,139,108,48
1148,265102,139,225,60
1149,277305,139,152,9
1150,163401,138,123,68
1151,360302,138,183,96
1152,468302,138,148,62
1153,333404,138,130,42
1154,527201,138,157,114
1155,240407,138,122,65
1156,292202,137,133,70
1157,552102,137,99,10
1158,547301,137,143,118
1159,527102,137,140,53
1160,317401,137,191,87
1161,133411,137,30,11
1162,338302,137,151,103
1163,387301,137,136,69
1164,675302,136,770,83
1165,819204,136,96,54
1166,577401,136,130,100
1167,463402,136,187,109
1168,383401,136,166,77
1169,612202,136,131,96
1170,2003104,136,150,43
1171,397402,135,113,49
1172,492203,135,135,48
1173,684401,135,146,113
1174,295201,135,121,44
1175,225101,135,135,36
1176,242106,135,186,43
1177,189101,134,185,102
1178,672104,134,170,53
1179,819202,134,129,82
1180,768401,134,147,105
1181,805303,134,177,73
1182,589401,134,219,33
1183,252204,134,717,58
1184,42104,133,261,72
1185,417302,133,111,32
1186,827405,133,166,74
1187,527103,133,97,35
1188,550304,133,125,80
1189,51105,132,124,51
1190,40401,132,548,48
1191,270102,132,164,47
1192,147403,132,115,52
1193,792404,131,222,97
1194,15202,131,219,38
1195,293102,131,173,66
1196,668102,131,130,58
1197,240402,131,135,24
1198,362204,130,104,28
1199,749304,130,120,90
1200,189102,130,485,46
1201,756201,130,137,93
1202,77101,130,169,13
1203,155204,130,128,61
1204,244203,130,179,63
1205,820402,129,154,90
1206,277306,129,167,90
1207,814102,129,85,12
1208,240408,129,236,35
1209,26101,128,78,59
1210,480301,128,77,49
1211,145404,128,47,26
1212,263201,128,148,95
1213,372101,128,118,95
1214,303301,128,83,45
1215,568305,127,122,66
1216,145420,127,139,70
1217,666401,127,124,71
1218,620404,127,132,64
1219,786402,127,191,54
1220,174201,126,113,27
1221,140208,126,361,9
1222,792403,126,133,52
1223,32401,126,351,59
1224,481201,126,150,92
1225,547401,126,116,103
1226,54301,126,160,72
1227,633301,126,87,68
1228,616401,125,175,82
1229,303401,125,264,59
1230,258301,125,102,83
1231,240401,125,93,38
1232,169404,125,380,26
1233,169403,125,536,68
1234,554301,125,107,87
1235,395401,125,59,48
1236,177401,125,170,75
1237,311404,125,110,49
1238,216301,125,210,72
1239,289103,124,115,74
1240,243108,124,268,31
1241,291103,124,104,44
1242,689201,124,114,67
1243,177301,124,140,84
1244,708301,124,161,62
1245,786405,124,178,60
1246,11404,124,210,28
1247,276303,124,253,31
1248,750202,124,106,36
1249,819105,124,135,102
1250,443401,124,196,71
1251,82206,124,15,6
1252,568302,124,113,88
1253,414305,123,229,46
1254,163402,123,155,66
1255,872301,123,142,41
1256,770304,123,160,37
1257,843407,123,140,89
1258,386205,123,121,78
1259,684302,123,105,42
1260,51102,123,133,45
1261,747406,123,138,63
1262,747301,123,88,58
1263,385201,122,806,26
1264,753104,122,108,49
1265,557102,122,166,11
1266,144404,121,208,29
1267,511201,121,129,28
1268,628201,121,157,102
1269,829101,121,279,53
1270,657401,121,1011,25
1271,641201,121,171,99
1272,86109,120,87,8
1273,746304,120,489,58
1274,357102,120,443,12
1275,773101,120,177,89
1276,125201,120,55,12
1277,827301,120,101,73
1278,685301,120,144,94
1279,492103,120,111,69
1280,820303,120,103,61
1281,620401,120,122,104
1282,893405,120,417,61
1283,433304,120,130,63
1284,302402,119,125,50
1285,296101,119,284,63
1286,25403,119,127,10
1287,271402,119,159,63
1288,255304,119,215,29
1289,743301,119,201,104
1290,75201,119,100,5
1291,417415,119,2,1
1292,183301,118,188,59
1293,550401,118,132,74
1294,806104,118,248,48
1295,745201,118,130,69
1296,12210,118,372,4
1297,843413,117,102,36
1298,293201,117,158,8
1299,805403,117,149,87
1300,527101,117,134,75
1301,22402,117,630,43
1302,271301,117,120,34
1303,154202,117,183,65
1304,39209,117,419,44
1305,155101,117,98,86
1306,140107,117,813,55
1307,843308,117,132,58
1308,333303,116,124,60
1309,701202,116,275,36
1310,768403,116,115,30
1311,248301,116,136,44
1312,247402,115,240,65
1313,410403,115,72,29
1314,670202,115,302,67
1315,450401,115,100,23
1316,24301,115,164,67
1317,768304,114,206,46
1318,509201,114,263,84
1319,479301,114,113,86
1320,262305,114,89,46
1321,84101,114,137,37
1322,247408,114,315,33
1323,671204,114,433,72
1324,42103,114,105,48
1325,607301,113,97,77
1326,770303,113,211,63
1327,468401,113,136,97
1328,672105,113,671,70
1329,145402,113,106,60
1330,580404,113,117,88
1331,413202,113,304,51
1332,12205,112,12,3
1333,40402,112,302,21
1334,159401,112,121,38
1335,814101,112,104,41
1336,679403,112,605,56
1337,223302,112,96,43
1338,227403,112,121,75
1339,659202,112,340,24
1340,189203,112,672,43
1341,84105,111,133,20
1342,592201,111,89,59
1343,600301,111,116,92
1344,149302,111,112,63
1345,2003107,111,82,30
1346,257430,111,144,15
1347,676206,111,342,44
1348,593201,111,128,89
1349,615404,110,151,70
1350,427301,110,113,89
1351,49401,110,146,49
1352,613105,110,54,36
1353,764304,109,160,51
1354,315401,109,120,95
1355,592101,109,120,79
1356,324101,109,113,93
1357,350202,109,116,62
1358,372110,109,108,91
1359,896401,109,82,33
1360,616301,109,123,94
1361,27204,108,186,78
1362,245203,108,328,27
1363,615313,108,109,23
1364,161301,108,93,72
1365,14205,108,94,7
1366,551201,108,349,35
1367,145313,108,181,41
1368,532101,108,87,42
1369,343102,108,146,61
1370,393404,107,194,42
1371,694101,107,247,36
1372,690202,107,108,72
1373,536402,107,131,83
1374,188306,106,51,21
1375,143401,106,105,71
1376,303405,106,115,63
1377,289202,106,83,56
1378,612105,106,93,66
1379,331401,106,121,79
1380,141303,106,205,64
1381,221104,106,56,18
1382,234101,106,79,56
1383,827303,106,228,63
1384,411102,106,339,16
1385,362102,105,85,24
1386,397305,105,251,40
1387,638301,105,90,74
1388,255403,105,96,62
1389,679402,105,664,26
1390,2003205,105,66,32
1391,252103,105,182,18
1392,648401,105,148,81
1393,159301,105,96,84
1394,466301,105,78,18
1395,360301,105,77,68
1396,694202,105,120,70
1397,97301,105,131,6
1398,188406,105,128,38
1399,669401,104,116,69
1400,806202,104,343,45
1401,28403,104,125,13
1402,536302,104,103,68
1403,26203,104,93,8
1404,328203,104,204,32
1405,361304,104,105,57
1406,666404,104,90,32
1407,242206,104,109,29
1408,118101,104,146,25
1409,505401,104,95,74
1410,558203,103,157,62
1411,829105,103,918,25
1412,49301,102,134,41
1413,668101,102,191,37
1414,691202,102,105,53
1415,417310,102,565,52
1416,676204,102,423,55
1417,864404,102,140,17
1418,568402,101,115,71
1419,743404,101,154,79
1420,82203,101,300,54
1421,271303,101,118,49
1422,327201,101,114,82
1423,343202,101,110,44
1424,400301,101,127,67
1425,819104,101,51,27
1426,456101,101,104,88
1427,461201,100,94,36
1428,827305,100,217,52
1429,593202,100,189,50
1430,843315,100,100,82
1431,430302,100,78,42
1432,315302,100,112,69
1433,472303,99,104,56
1434,281201,99,133,43
1435,240404,99,121,31
1436,290103,99,32,14
1437,611201,99,158,63
1438,102201,99,304,70
1439,418102,99,145,71
1440,311301,99,94,88
1441,229201,99,99,80
1442,776102,99,395,40
1443,145405,99,148,31
1444,409401,98,271,33
1445,697301,98,242,30
1446,303302,98,105,54
1447,568401,98,110,80
1448,64102,98,903,41
1449,761404,98,134,19
1450,266301,98,95,67
1451,15214,98,445,13
1452,2025101,98,82,59
1453,770307,98,82,49
1454,884401,98,98,12
1455,612103,98,117,56
1456,138103,97,506,14
1457,305103,97,103,52
1458,775102,97,136,81
1459,610202,97,109,48
1460,325203,97,149,28
1461,343101,97,101,57
1462,333401,97,80,55
1463,385202,97,198,16
1464,415205,97,247,17
1465,15110,97,109,20
1466,324201,97,113,84
1467,707401,96,128,73
1468,155202,96,282,65
1469,12112,96,154,22
1470,169402,96,138,78
1471,165103,96,112,68
1472,661401,96,122,55
1473,721101,95,92,76
1474,141307,95,392,55
1475,243107,95,138,37
1476,36406,95,380,53
1477,150102,95,560,43
1478,612205,95,124,59
1479,138101,95,633,47
1480,762401,94,534,57
1481,675301,94,76,71
1482,130402,94,214,15
1483,36301,94,156,65
1484,577302,94,78,63
1485,326301,94,77,65
1486,843406,93,95,45
1487,829102,93,206,34
1488,280402,93,97,82
1489,39117,93,443,45
1490,701102,93,217,52
1491,302301,93,60,38
1492,455101,93,76,57
1493,563401,92,154,87
1494,165203,92,104,45
1495,708403,92,280,17
1496,311402,92,110,62
1497,481102,92,118,26
1498,397406,92,90,33
1499,660403,92,741,22
1500,144402,92,107,30
1501,248307,92,102,77
1502,609302,92,61,44
1503,325102,91,172,28
1504,145410,91,67,5
1505,15112,91,351,22
1506,311401,91,60,19
1507,746303,91,447,55
1508,237402,91,216,11
1509,518101,91,114,63
1510,660301,91,909,36
1511,750201,91,85,31
1512,676103,91,453,38
1513,864302,91,52,7
1514,145328,91,123,30
1515,615414,90,40,8
1516,57302,90,91,16
1517,670102,90,113,43
1518,141402,90,310,52
1519,748201,90,89,80
1520,240307,90,117,28
1521,446103,90,107,40
1522,257424,90,78,6
1523,569301,90,102,54
1524,414402,90,82,32
1525,308401,90,153,62
1526,516302,89,70,53
1527,228102,89,542,17
1528,843410,89,130,46
1529,455201,89,72,33
1530,678401,89,47,20
1531,280305,89,72,58
1532,51106,89,101,44
1533,255406,89,197,20
1534,270202,88,103,37
1535,415105,88,365,26
1536,465201,88,119,78
1537,91401,88,114,64
1538,761302,88,66,29
1539,132107,88,82,45
1540,410402,88,84,21
1541,81201,88,216,41
1542,267404,88,95,73
1543,25304,88,193,57
1544,12107,88,87,6
1545,781102,88,183,43
1546,84201,88,319,28
1547,805301,87,154,81
1548,39201,87,87,19
1549,746407,87,457,19
1550,183302,87,161,29
1551,262404,87,110,61
1552,388201,87,106,59
1553,86106,87,50,21
1554,245105,87,168,17
1555,433404,86,109,71
1556,275103,86,69,44
1557,138203,86,931,22
1558,760102,86,169,36
1559,145406,86,56,20
1560,659102,86,562,27
1561,17204,86,285,53
1562,145314,86,102,41
1563,2004101,86,90,65
1564,360402,86,112,61
1565,754204,86,460,45
1566,400303,86,231,50
1567,141304,86,239,45
1568,57402,86,105,12
1569,150204,86,274,25
1570,447401,85,220,53
1571,86211,85,85,75
1572,760101,85,83,48
1573,90401,85,87,65
1574,26102,85,71,52
1575,366101,85,67,57
1576,420401,85,95,71
1577,310101,85,86,56
1578,305201,85,95,84
1579,303305,85,151,44
1580,279104,85,42,17
1581,776203,85,380,5
1582,786304,85,267,54
1583,39105,85,160,11
1584,532102,84,83,34
1585,829108,84,244,18
1586,655401,84,80,16
1587,811301,84,173,44
1588,369101,84,162,48
1589,811401,84,84,27
1590,568404,84,91,36
1591,569401,84,92,72
1592,252101,84,76,23
1593,468301,84,54,40
1594,258401,84,129,64
1595,38205,83,315,29
1596,683102,83,48,25
1597,843310,83,187,40
1598,869103,83,961,38
1599,38102,83,398,15
1600,745202,83,63,35
1601,288102,83,62,34
1602,620403,83,106,60
1603,843412,83,89,59
1604,516402,82,99,70
1605,301201,82,62,45
1606,59402,82,50,20
1607,127201,82,191,24
1608,17104,82,61,30
1609,669403,82,78,10
1610,36405,82,169,19
1611,761401,82,506,31
1612,593101,82,154,63
1613,242104,81,148,32
1614,86214,81,56,18
1615,89103,81,78,19
1616,479401,81,87,69
1617,15107,81,103,10
1618,707301,81,122,27
1619,662304,81,169,19
1620,250201,81,788,60
1621,149301,81,46,28
1622,2003102,81,80,48
1623,280405,80,100,55
1624,676102,80,275,14
1625,107201,80,112,71
1626,2003105,80,146,51
1627,291202,80,92,48
1628,242204,80,143,36
1629,505301,80,75,42
1630,305202,80,65,35
1631,671101,80,252,12
1632,133404,80,134,18
1633,427401,79,157,74
1634,638401,79,85,56
1635,86204,79,32,9
1636,568406,79,61,49
1637,820403,79,95,52
1638,265202,79,84,21
1639,628101,79,29,7
1640,776103,79,486,14
1641,794401,79,603,60
1642,154101,79,76,62
1643,768303,79,83,58
1644,243105,79,86,36
1645,138102,79,562,9
1646,611101,79,75,24
1647,333302,79,85,53
1648,145407,79,41,10
1649,577301,79,73,67
1650,678402,79,48,21
1651,723401,79,140,72
1652,277406,79,189,33
1653,328205,79,89,19
1654,169306,79,111,32
1655,2003201,78,101,51
1656,801202,78,129,55
1657,151101,78,81,72
1658,430401,78,75,67
1659,754105,78,443,47
1660,742301,78,79,4
1661,232301,78,51,43
1662,125207,78,61,17
1663,568405,78,85,57
1664,130304,78,105,37
1665,139201,78,319,53
1666,245104,78,421,32
1667,612201,78,101,59
1668,403302,77,90,43
1669,581301,77,62,45
1670,140103,77,116,25
1671,229101,77,91,54
1672,288101,77,43,29
1673,307302,77,106,41
1674,701201,77,201,12
1675,555302,77,150,28
1676,350102,76,85,51
1677,678304,76,33,16
1678,664201,76,263,28
1679,607403,76,111,52
1680,407405,76,105,29
1681,252202,76,67,31
1682,227304,76,82,16
1683,248401,76,82,62
1684,37303,76,119,12
1685,425401,75,92,60
1686,133309,75,54,35
1687,393401,75,71,45
1688,139203,75,1153,16
1689,680401,75,86,60
1690,159305,75,93,44
1691,303303,75,137,8
1692,362202,75,90,47
1693,362103,75,123,37
1694,356203,75,108,54
1695,288202,75,76,25
1696,410304,75,82,7
1697,792303,75,105,40
1698,12209,75,196,5
1699,519201,75,85,64
1700,768404,74,89,64
1701,481103,74,119,53
1702,484202,74,80,32
1703,854101,74,112,35
1704,138202,74,688,23
1705,821202,74,136,45
1706,433302,74,74,51
1707,416301,74,89,23
1708,228201,73,74,41
1709,411202,73,73,24
1710,221102,73,57,21
1711,42101,73,257,47
1712,516401,73,82,62
1713,136303,73,413,16
1714,140104,73,255,51
1715,813405,72,174,29
1716,607302,72,60,47
1717,612106,72,72,54
1718,748102,72,91,66
1719,2025201,72,69,52
1720,282301,72,102,50
1721,843411,72,70,38
1722,426401,72,55,41
1723,492102,72,71,27
1724,188307,72,67,15
1725,238101,72,46,28
1726,666302,72,110,38
1727,679305,72,57,40
1728,141301,72,61,31
1729,640202,72,92,37
1730,665401,71,75,53
1731,15216,71,265,12
1732,667201,71,383,36
1733,827406,71,73,36
1734,418206,71,103,62
1735,187101,71,92,57
1736,246201,71,393,36
1737,350104,71,104,52
1738,244102,71,489,17
1739,843402,70,66,30
1740,145431,70,76,11
1741,415204,70,29,7
1742,543302,70,108,55
1743,304201,70,83,59
1744,278101,70,39,26
1745,409402,70,126,23
1746,397403,70,81,33
1747,133308,70,34,20
1748,708402,70,499,18
1749,553203,70,44,29
1750,783401,69,184,34
1751,238201,69,233,24
1752,773102,69,174,12
1753,620302,69,81,33
1754,147303,69,160,18
1755,140108,69,786,30
1756,410301,69,53,22
1757,414405,69,252,10
1758,746405,69,111,42
1759,240303,69,91,42
1760,689103,69,71,46
1761,678301,69,38,24
1762,700101,69,499,25
1763,829208,69,119,27
1764,457203,68,69,9
1765,295101,68,63,15
1766,783302,68,250,22
1767,12111,68,75,9
1768,690201,68,56,46
1769,146403,68,235,33
1770,248306,68,39,19
1771,155104,68,184,42
1772,640201,68,104,44
1773,189205,68,218,25
1774,503401,68,126,54
1775,480303,67,167,24
1776,760201,67,48,15
1777,169305,67,176,30
1778,679401,67,94,60
1779,144403,67,229,27
1780,85102,67,92,6
1781,752301,67,76,56
1782,792305,67,100,26
1783,580401,67,71,45
1784,148402,67,231,27
1785,693402,67,115,48
1786,287203,67,112,18
1787,188401,67,63,37
1788,435201,66,62,21
1789,130302,66,52,29
1790,361301,66,72,60
1791,611106,66,181,18
1792,126401,66,81,58
1793,426301,66,81,57
1794,773201,66,183,51
1795,545301,66,58,33
1796,407305,66,31,16
1797,415206,66,172,44
1798,28305,65,430,9
1799,745102,65,115,7
1800,125203,65,427,6
1801,403402,65,99,43
1802,396202,65,71,47
1803,414404,65,177,23
1804,275102,65,60,28
1805,743401,65,135,58
1806,392102,65,65,46
1807,311302,65,65,31
1808,662303,65,80,23
1809,311403,65,79,42
1810,140207,65,397,40
1811,378201,65,62,15
1812,838203,65,733,26
1813,333304,65,101,28
1814,290101,65,65,31
1815,25405,64,165,19
1816,254101,64,53,38
1817,677103,64,129,5
1818,753203,64,62,51
1819,496201,64,79,25
1820,256403,64,504,13
1821,173303,64,359,20
1822,668202,64,102,38
1823,145411,64,61,13
1824,145413,64,25,3
1825,23302,64,152,25
1826,741201,64,83,45
1827,78101,64,149,31
1828,418202,64,43,33
1829,144406,64,10,4
1830,338401,64,97,37
1831,764406,64,120,38
1832,794303,64,543,25
1833,278201,64,95,21
1834,62304,64,71,20
1835,24406,64,144,22
1836,78202,63,378,33
1837,92301,63,52,47
1838,609401,63,74,32
1839,747306,63,88,45
1840,720201,63,94,49
1841,626202,63,100,51
1842,333402,63,81,23
1843,881403,63,452,31
1844,324202,63,52,38
1845,675403,63,700,15
1846,402305,63,97,32
1847,155203,63,81,33
1848,527203,63,78,16
1849,277402,63,100,41
1850,893315,63,94,30
1851,679301,63,100,38
1852,838102,63,796,30
1853,613107,63,67,22
1854,188402,62,51,10
1855,545401,62,51,36
1856,311303,62,64,29
1857,770301,62,54,44
1858,660302,62,563,15
1859,745107,62,105,36
1860,143402,62,56,43
1861,741106,62,57,41
1862,291203,62,69,30
1863,257426,62,117,24
1864,813407,62,112,6
1865,36407,62,199,29
1866,472403,62,119,19
1867,813302,61,111,17
1868,761304,61,706,19
1869,554401,61,84,50
1870,610203,61,111,45
1871,689101,61,79,54
1872,578401,61,53,46
1873,2003103,61,87,53
1874,415207,61,140,30
1875,749407,61,83,16
1876,3517403,61,59,17
1877,87402,61,53,10
1878,13403,61,314,11
1879,395402,61,55,17
1880,29402,61,191,40
1881,41102,61,215,9
1882,326302,61,64,33
1883,503301,60,130,57
1884,811402,60,109,25
1885,671102,60,745,22
1886,147406,60,99,36
1887,24305,60,111,28
1888,613206,60,51,8
1889,612204,60,73,47
1890,190102,60,83,52
1891,456203,60,43,21
1892,768302,60,58,45
1893,532201,60,67,52
1894,228101,60,292,22
1895,279202,60,100,36
1896,225202,60,64,20
1897,668201,59,64,26
1898,480302,59,79,48
1899,679309,59,263,22
1900,120202,59,52,25
1901,433402,59,76,13
1902,666303,59,30,14
1903,148304,59,914,13
1904,703401,59,65,32
1905,154102,59,120,18
1906,250203,59,395,6
1907,134401,59,66,40
1908,386204,59,77,47
1909,280302,59,46,34
1910,17102,59,164,15
1911,814202,59,36,14
1912,86116,58,58,30
1913,456202,58,58,36
1914,843415,58,49,12
1915,125101,58,64,16
1916,813304,58,358,8
1917,723301,58,65,39
1918,666402,58,49,32
1919,612206,58,85,30
1920,722101,58,54,36
1921,163302,58,74,32
1922,30301,58,342,24
1923,132102,57,45,7
1924,676201,57,338,7
1925,741102,57,27,8
1926,813408,57,166,27
1927,82204,57,402,19
1928,300201,57,65,51
1929,125104,57,396,21
1930,531401,57,48,25
1931,456103,57,85,26
1932,745204,57,142,34
1933,275201,57,87,46
1934,465101,57,122,26
1935,350204,57,77,42
1936,217101,57,103,25
1937,827404,56,219,1
1938,311305,56,55,38
1939,387402,56,96,35
1940,386102,56,50,28
1941,615401,56,66,48
1942,676205,56,191,21
1943,287204,56,40,16
1944,452301,56,269,15
1945,190202,56,49,19
1946,627301,56,106,25
1947,415203,56,121,4
1948,132203,56,60,28
1949,762305,56,359,23
1950,2003106,56,43,21
1951,676104,55,170,27
1952,15208,55,187,17
1953,144308,55,104,12
1954,189204,55,513,32
1955,716401,55,88,45
1956,73303,55,39,25
1957,805402,55,89,35
1958,611205,55,72,23
1959,41201,55,55,51
1960,38203,55,112,20
1961,558204,55,112,32
1962,311306,55,49,28
1963,165104,54,68,38
1964,566203,54,85,47
1965,145312,54,266,9
1966,615306,54,41,7
1967,240405,54,89,31
1968,762306,54,197,18
1969,813401,54,600,21
1970,159303,54,67,22
1971,240302,54,31,17
1972,610102,53,37,32
1973,147301,53,53,9
1974,145304,53,62,34
1975,723303,53,52,26
1976,244106,53,46,25
1977,359201,53,54,47
1978,399106,53,103,37
1979,350203,53,123,32
1980,247302,53,144,14
1981,372205,53,76,40
1982,263101,53,48,39
1983,819103,53,57,27
1984,267403,53,49,41
1985,450301,53,39,23
1986,151201,52,45,30
1987,337101,52,52,44
1988,165102,52,52,13
1989,667202,52,188,11
1990,457202,52,119,42
1991,746404,52,57,5
1992,147308,52,57,18
1993,337201,52,56,49
1994,245206,52,271,1
1995,145417,52,47,42
1996,873301,52,97,22
1997,254104,52,42,20
1998,695201,52,52,45
1999,566104,52,95,30
2000,894301,52,62,49
2001,62404,52,198,30
2002,661301,52,64,40
2003,662302,52,131,21
2004,675305,52,565,15
2005,490103,52,123,42
2006,152201,51,142,11
2007,768405,51,48,39
2008,59302,51,49,24
2009,289102,51,42,36
2010,764402,51,179,19
2011,401204,51,50,27
2012,611203,51,58,10
2013,611206,51,84,19
2014,420301,51,111,44
2015,91403,51,168,12
2016,129202,51,1027,17
2017,549301,51,65,26
2018,433403,51,74,49
2019,130308,51,144,3
2020,118202,51,87,31
2021,138104,51,331,18
2022,437401,51,78,35
2023,128101,51,84,10
2024,665301,51,34,22
2025,39214,50,73,6
2026,372108,50,49,28
2027,82202,50,86,32
2028,187201,50,77,32
2029,480401,50,133,27
2030,276403,50,53,17
2031,412303,50,107,16
2032,813306,50,835,14
2033,704301,50,61,27
2034,338402,50,88,44
2035,300101,50,86,29
2036,58301,50,84,46
2037,147309,50,74,23
2038,257423,50,50,7
2039,634301,50,54,40
2040,864301,50,41,7
2041,148401,50,157,11
2042,869204,50,159,15
2043,84104,49,51,5
2044,134402,49,112,36
2045,674302,49,151,16
2046,141406,49,114,31
2047,414303,49,135,32
2048,553105,49,47,34
2049,119201,49,165,20
2050,15211,49,149,11
2051,253404,49,410,11
2052,893314,48,37,7
2053,424301,48,45,40
2054,420403,48,75,42
2055,764405,48,320,13
2056,424401,48,49,43
2057,765202,48,95,14
2058,567203,48,36,23
2059,267304,48,39,22
2060,743302,48,123,39
2061,801101,48,83,39
2062,19401,48,71,28
2063,328101,48,29,13
2064,145427,48,63,4
2065,317303,48,116,18
2066,615411,48,67,20
2067,356102,48,48,22
2068,25406,48,89,7
2069,466401,48,103,13
2070,749306,48,53,12
2071,328102,48,125,11
2072,641202,47,43,27
2073,18401,47,220,17
2074,768402,47,69,26
2075,593102,47,81,11
2076,275204,47,53,31
2077,390301,47,39,25
2078,142402,47,26,8
2079,240403,47,74,26
2080,159306,47,89,17
2081,582401,47,45,39
2082,331301,47,56,18
2083,386101,47,68,28
2084,575101,47,46,34
2085,257327,47,18,4
2086,708303,47,191,7
2087,615410,47,65,22
2088,660402,47,652,34
2089,674402,47,126,28
2090,173405,47,105,21
2091,669304,47,67,4
2092,745106,46,115,23
2093,689202,46,78,39
2094,414306,46,61,26
2095,683202,46,33,13
2096,285202,46,109,9
2097,228103,46,48,12
2098,721201,46,115,32
2099,608401,46,96,39
2100,754108,46,172,7
2101,228203,46,403,26
2102,150103,45,992,12
2103,133305,45,57,16
2104,641103,45,32,26
2105,247405,45,146,20
2106,43103,45,37,29
2107,490201,45,79,45
2108,372209,45,378,12
2109,2003204,45,92,35
2110,140204,45,984,21
2111,275203,45,55,21
2112,754103,45,145,24
2113,775201,45,54,45
2114,752401,45,50,36
2115,223301,45,35,32
2116,196101,45,28,15
2117,765203,45,67,27
2118,152101,44,120,25
2119,47302,44,150,10
2120,148302,44,50,13
2121,133316,44,210,19
2122,843302,44,58,23
2123,843306,44,96,22
2124,672205,44,105,25
2125,241402,44,48,25
2126,118102,44,68,41
2127,569302,44,96,34
2128,119101,44,213,14
2129,36306,44,326,20
2130,257406,44,34,5
2131,145307,44,157,32
2132,386202,44,65,10
2133,418101,44,59,10
2134,173402,43,43,5
2135,893409,43,103,24
2136,311406,43,43,28
2137,610205,43,40,33
2138,328204,43,75,15
2139,290201,43,69,20
2140,640102,43,54,31
2141,120102,43,42,22
2142,753202,43,60,39
2143,546101,43,76,29
2144,559301,42,46,20
2145,154201,42,73,23
2146,254203,42,48,6
2147,667102,42,63,11
2148,130404,42,55,11
2149,392201,42,66,14
2150,568304,42,61,32
2151,133401,42,54,30
2152,683201,42,54,34
2153,143301,42,38,35
2154,359103,42,26,10
2155,676106,41,340,20
2156,90302,41,38,18
2157,794404,41,226,14
2158,2004201,41,79,33
2159,751202,41,117,27
2160,290202,41,39,19
2161,182401,41,44,19
2162,675401,41,339,25
2163,194101,41,47,28
2164,457201,41,91,38
2165,26207,41,41,25
2166,806201,41,49,36
2167,328105,41,74,27
2168,134304,41,58,25
2169,148408,41,741,4
2170,634401,41,54,37
2171,359104,40,33,20
2172,29302,40,79,23
2173,145331,40,44,12
2174,255306,40,23,13
2175,694205,40,184,6
2176,819106,40,42,25
2177,753101,40,16,4
2178,11402,40,126,5
2179,241303,40,22,11
2180,133310,40,24,13
2181,619301,40,89,34
2182,764307,40,178,10
2183,626102,40,60,33
2184,671103,39,166,27
2185,139202,39,680,17
2186,662404,39,37,17
2187,746307,39,43,23
2188,302302,39,62,22
2189,161303,39,70,5
2190,399201,39,65,37
2191,133313,39,70,12
2192,194201,39,49,10
2193,242105,39,145,21
2194,627401,39,128,27
2195,386103,39,39,22
2196,640101,39,38,22
2197,762301,39,269,10
2198,27205,39,147,25
2199,550402,39,55,24
2200,864403,39,36,15
2201,47303,39,122,22
2202,74204,39,32,8
2203,256402,39,667,30
2204,267302,38,34,27
2205,670101,38,279,14
2206,581401,38,40,36
2207,746310,38,27,16
2208,838208,38,423,18
2209,763201,38,211,6
2210,399107,38,73,30
2211,633401,38,46,29
2212,610204,38,56,26
2213,557203,38,79,24
2214,145308,38,52,18
2215,675304,38,207,7
2216,86105,38,55,7
2217,662402,38,132,16
2218,147411,38,133,6
2219,746409,38,281,23
2220,400404,38,59,20
2221,787401,38,326,19
2222,146404,38,83,34
2223,28405,38,49,21
2224,328103,37,61,21
2225,132205,37,41,12
2226,399202,37,74,34
2227,262304,37,50,12
2228,133409,37,38,22
2229,519101,37,122,27
2230,189202,37,385,26
2231,676105,37,168,19
2232,20204,37,220,9
2233,133413,37,24,6
2234,406101,37,59,26
2235,252105,37,277,7
2236,62403,37,34,11
2237,372210,37,92,11
2238,666304,37,47,30
2239,599301,37,39,19
2240,159406,36,40,34
2241,805401,36,78,34
2242,217103,36,238,8
2243,141401,36,97,36
2244,736401,36,126,34
2245,150202,36,829,25
2246,640103,36,38,24
2247,414301,36,27,7
2248,655301,36,49,25
2249,20101,36,58,17
2250,660303,36,441,9
2251,280304,36,31,26
2252,402302,36,33,19
2253,142301,36,11,8
2254,138204,36,876,9
2255,671205,36,216,7
2256,14107,35,151,22
2257,372202,35,28,17
2258,802301,35,46,28
2259,417404,35,73,17
2260,615402,35,52,16
2261,615310,35,62,18
2262,41103,35,35,23
2263,147410,35,71,15
2264,133410,35,39,19
2265,399105,35,77,24
2266,133408,35,26,10
2267,640203,35,94,28
2268,149401,35,43,33
2269,762404,35,877,10
2270,12106,35,44,10
2271,165202,35,38,20
2272,2003206,35,38,30
2273,326401,35,149,9
2274,125105,35,330,20
2275,610103,34,36,22
2276,693401,34,35,19
2277,197202,34,34,15
2278,25306,34,46,6
2279,145305,34,60,3
2280,322201,34,53,14
2281,433301,34,86,18
2282,28404,34,157,23
2283,676203,34,223,16
2284,91303,34,148,21
2285,612104,34,34,23
2286,615315,34,52,22
2287,12104,34,135,6
2288,496101,34,51,31
2289,144401,34,32,19
2290,580403,34,34,30
2291,527202,34,69,20
2292,446202,34,47,21
2293,144302,34,9,4
2294,180201,33,54,13
2295,580302,33,33,22
2296,615403,33,55,29
2297,418205,33,37,19
2298,472301,33,78,23
2299,262401,33,33,29
2300,738202,33,15,2
2301,580304,33,39,29
2302,372207,33,33,28
2303,68401,33,59,23
2304,753102,33,97,24
2305,275101,33,35,25
2306,247305,33,61,13
2307,417416,33,32,12
2308,683101,33,36,29
2309,410404,33,42,14
2310,374201,33,28,20
2311,746301,33,48,9
2312,662301,33,27,24
2313,786403,33,87,21
2314,751203,33,430,6
2315,82105,33,91,17
2316,672203,32,220,16
2317,144407,32,25,6
2318,775202,32,27,26
2319,582302,32,32,29
2320,613102,32,42,23
2321,598201,32,73,21
2322,62303,32,43,23
2323,776204,32,165,15
2324,196201,32,38,16
2325,139103,32,442,18
2326,26104,32,26,12
2327,279204,32,75,15
2328,461101,32,59,19
2329,86103,32,45,7
2330,676101,32,72,14
2331,188404,32,47,6
2332,703301,32,31,25
2333,62301,32,163,22
2334,468402,32,32,19
2335,457103,32,84,29
2336,145432,32,255,14
2337,894401,31,41,28
2338,2029102,31,25,14
2339,359202,31,38,21
2340,660404,31,174,8
2341,129103,31,664,11
2342,252106,31,62,14
2343,161402,31,72,5
2344,24302,31,39,14
2345,58302,31,56,11
2346,577402,31,37,28
2347,553101,31,20,17
2348,159405,31,29,14
2349,746402,31,31,23
2350,600402,31,41,13
2351,765102,31,67,4
2352,277401,31,35,30
2353,107101,31,20,16
2354,197101,31,24,17
2355,350103,30,73,13
2356,677102,30,44,4
2357,676207,30,244,15
2358,140201,30,615,22
2359,257326,30,18,7
2360,770406,30,73,23
2361,678307,30,57,22
2362,869202,30,1055,14
2363,752302,30,23,13
2364,417410,30,73,4
2365,133317,30,35,12
2366,86221,30,41,6
2367,446102,30,62,25
2368,546201,30,58,22
2369,580301,29,39,13
2370,130305,29,26,8
2371,366201,29,29,28
2372,302403,29,32,12
2373,51104,29,18,8
2374,372201,29,31,25
2375,415107,29,41,6
2376,388101,29,10,9
2377,838207,29,688,9
2378,42105,29,216,10
2379,418203,29,23,10
2380,15108,29,34,7
2381,550303,29,42,12
2382,813308,29,415,12
2383,420402,29,41,21
2384,769204,29,19,4
2385,133418,29,24,12
2386,240304,29,43,8
2387,680301,29,31,21
2388,243109,29,249,12
2389,687401,29,21,15
2390,490102,29,85,20
2391,166101,29,21,20
2392,273201,29,40,19
2393,843311,29,28,18
2394,15204,28,199,1
2395,2003207,28,25,17
2396,751103,28,52,20
2397,811302,28,65,7
2398,257322,28,48,19
2399,437301,28,103,21
2400,223402,28,39,20
2401,350101,28,45,28
2402,146405,28,32,16
2403,610105,28,78,18
2404,189206,28,61,15
2405,326402,28,93,21
2406,275104,28,24,10
2407,749302,28,54,15
2408,675402,28,762,8
2409,20102,28,339,8
2410,749402,28,44,13
2411,248402,27,28,9
2412,189104,27,283,15
2413,149402,27,38,15
2414,244104,27,45,13
2415,743303,27,74,25
2416,672101,27,343,19
2417,243206,27,86,8
2418,764301,27,28,18
2419,754101,27,29,17
2420,641203,27,17,13
2421,147307,27,220,9
2422,752402,27,40,16
2423,764306,27,235,18
2424,446203,27,51,24
2425,762405,27,726,11
2426,140202,27,604,13
2427,28306,27,302,6
2428,86216,27,37,13
2429,132106,27,84,18
2430,39110,27,86,8
2431,620304,27,26,22
2432,392101,27,23,20
2433,418103,27,34,11
2434,67302,27,105,8
2435,51202,27,44,14
2436,86209,26,54,17
2437,705301,26,16,4
2438,819203,26,62,22
2439,758301,26,50,19
2440,445401,26,37,8
2441,142401,26,29,20
2442,147405,26,252,18
2443,248404,26,32,25
2444,24403,26,18,7
2445,249303,26,48,14
2446,145327,26,24,7
2447,27203,26,72,13
2448,232303,26,54,10
2449,480403,26,24,19
2450,15101,26,367,11
2451,99301,26,24,21
2452,626201,26,70,22
2453,372104,26,105,7
2454,103102,26,57,5
2455,615408,26,52,10
2456,593104,26,50,11
2457,578301,25,34,22
2458,399204,25,48,21
2459,244103,25,82,11
2460,771401,25,93,10
2461,746406,25,93,12
2462,399203,25,53,16
2463,620402,25,58,19
2464,407402,25,72,11
2465,775101,25,58,14
2466,456201,25,47,19
2467,146303,25,125,13
2468,543301,25,58,10
2469,169302,25,550,17
2470,159402,25,25,11
2471,741202,25,50,10
2472,641204,25,35,19
2473,244204,25,41,12
2474,753204,25,66,10
2475,417411,25,82,17
2476,407301,25,32,10
2477,694102,25,120,3
2478,25401,25,25,10
2479,687402,25,30,20
2480,704402,25,26,14
2481,786401,25,25,23
2482,762304,25,613,3
2483,582402,25,29,19
2484,519202,25,38,11
2485,687301,25,39,14
2486,144305,25,45,11
2487,569402,25,44,15
2488,687302,24,24,16
2489,687403,24,24,20
2490,687303,24,19,19
2491,680302,24,43,19
2492,671201,24,653,16
2493,693302,24,27,14
2494,693301,24,111,18
2495,743403,24,68,22
2496,159302,24,29,23
2497,741204,24,47,11
2498,2030301,24,25,22
2499,169406,24,548,15
2500,745105,24,134,13
2501,86205,24,47,15
2502,900401,24,76,18
2503,257312,24,24,6
2504,859201,24,22,18
2505,859101,24,27,19
2506,843313,24,16,10
2507,716403,24,80,16
2508,150104,24,344,12
2509,893401,24,26,13
2510,2014301,24,62,23
2511,267401,24,26,23
2512,550302,24,30,16
2513,2029201,23,25,8
2514,100301,23,20,2
2515,401104,23,40,14
2516,322101,23,36,21
2517,615303,23,46,12
2518,14204,23,5,1
2519,240305,23,35,16
2520,82104,23,380,15
2521,86112,23,23,4
2522,843416,23,27,12
2523,221103,23,20,14
2524,764302,23,40,19
2525,806205,23,18,10
2526,51103,23,43,15
2527,57401,23,30,13
2528,361402,23,50,14
2529,289101,23,18,18
2530,531301,22,30,12
2531,366102,22,25,14
2532,42102,22,31,10
2533,26208,22,51,19
2534,257311,22,22,8
2535,73304,22,37,5
2536,678306,22,20,9
2537,147409,22,306,10
2538,240308,22,37,13
2539,232403,22,26,18
2540,2014401,22,79,22
2541,364101,22,54,6
2542,133301,22,21,11
2543,155103,22,42,17
2544,480402,22,40,8
2545,228104,22,20,13
2546,173403,22,320,8
2547,15210,22,80,9
2548,615311,22,76,19
2549,753103,21,20,12
2550,615405,21,126,13
2551,2003101,21,31,13
2552,64202,21,814,15
2553,15203,21,94,6
2554,132207,21,25,10
2555,372105,21,27,18
2556,243202,21,113,11
2557,74203,21,25,7
2558,615413,21,72,14
2559,386201,21,28,18
2560,2030401,21,22,20
2561,869203,21,483,12
2562,247303,21,29,7
2563,682301,21,22,16
2564,26205,21,30,6
2565,280403,21,30,20
2566,566101,21,20,20
2567,26201,21,47,16
2568,417412,21,21,4
2569,566202,21,61,12
2570,754208,21,11,5
2571,257417,21,36,4
2572,173401,21,48,20
2573,567204,21,34,14
2574,15207,21,174,4
2575,682401,20,33,18
2576,754207,20,111,16
2577,762403,20,286,14
2578,387401,20,143,11
2579,130407,20,37,18
2580,763202,20,182,7
2581,103201,20,24,17
2582,893316,20,366,12
2583,62401,20,25,13
2584,188304,20,34,17
2585,641102,20,19,16
2586,255305,20,28,7
2587,257320,20,16,4
2588,150203,20,581,10
2589,155201,20,342,11
2590,257419,20,15,4
2591,248305,20,19,15
2592,893403,20,489,4
2593,176401,20,22,19
2594,13401,20,15,2
2595,568403,20,32,8
2596,197102,20,23,11
2597,145326,19,33,11
2598,362203,19,50,11
2599,557202,19,86,1
2600,43101,19,22,18
2601,257302,19,18,3
2602,280303,19,28,14
2603,39116,19,45,7
2604,349202,19,22,11
2605,338301,19,37,17
2606,620303,19,64,16
2607,333301,19,26,15
2608,257422,19,19,3
2609,14103,19,12,6
2610,26206,19,13,5
2611,145329,19,65,7
2612,672202,19,716,5
2613,24402,19,114,6
2614,794304,19,382,5
2615,553205,18,20,16
2616,140105,18,942,9
2617,186201,18,18,12
2618,746401,18,19,14
2619,813403,18,872,5
2620,141305,18,253,5
2621,247403,18,116,6
2622,39206,18,14,6
2623,580402,18,14,11
2624,141407,18,56,7
2625,333403,18,14,8
2626,786305,18,20,1
2627,806203,18,28,11
2628,145319,18,22,8
2629,75202,18,85,6
2630,900301,18,57,15
2631,129102,18,751,6
2632,17103,18,10,3
2633,143302,18,36,11
2634,769101,18,18,15
2635,542101,17,36,9
2636,401103,17,27,7
2637,754107,17,26,3
2638,182301,17,17,13
2639,86220,17,30,6
2640,641101,17,18,13
2641,896301,17,27,16
2642,257418,17,17,4
2643,89203,17,1,1
2644,635301,17,9,5
2645,176301,17,13,12
2646,761403,17,241,7
2647,303404,17,105,5
2648,786306,17,82,12
2649,37405,17,14,3
2650,747405,17,26,14
2651,39112,17,161,11
2652,749405,17,22,12
2653,145419,17,19,16
2654,553204,17,16,11
2655,671104,17,744,10
2656,147304,17,63,4
2657,437402,17,64,2
2658,674305,17,64,9
2659,679304,17,15,12
2660,148414,16,23,10
2661,145430,16,54,7
2662,26103,16,21,8
2663,140106,16,251,8
2664,446201,16,30,15
2665,568303,16,26,9
2666,613101,16,12,12
2667,746306,16,44,6
2668,173302,16,16,5
2669,864402,16,16,10
2670,417313,16,67,4
2671,189106,16,66,5
2672,794402,16,309,5
2673,582301,16,14,14
2674,62302,16,58,7
2675,87302,16,45,7
2676,62402,16,16,10
2677,133306,16,22,5
2678,402404,16,46,14
2679,869104,16,399,11
2680,764308,16,112,8
2681,37301,16,5,3
2682,556201,16,59,11
2683,463302,16,37,13
2684,23402,15,51,8
2685,26204,15,63,11
2686,248403,15,27,8
2687,357203,15,197,5
2688,762302,15,906,9
2689,615307,15,36,10
2690,558104,15,31,9
2691,361404,15,120,8
2692,580303,15,12,9
2693,761402,15,745,13
2694,67402,15,70,12
2695,678405,15,18,8
2696,147312,15,19,7
2697,769208,15,13,5
2698,26105,15,17,6
2699,864303,15,21,7
2700,754202,15,41,3
2701,165204,15,30,15
2702,610101,15,15,13
2703,257429,15,82,3
2704,14105,15,15,2
2705,437302,15,60,5
2706,598202,15,58,7
2707,133412,15,17,5
2708,532202,15,29,10
2709,751102,15,55,2
2710,401205,15,36,13
2711,144304,15,66,5
2712,575201,15,19,14
2713,764305,15,348,6
2714,13305,15,19,4
2715,615302,14,16,12
2716,15116,14,40,11
2717,145301,14,12,11
2718,15115,14,38,4
2719,257420,14,14,3
2720,679302,14,14,5
2721,27101,14,20,7
2722,611204,14,58,13
2723,42106,14,23,7
2724,864401,14,14,10
2725,790104,14,11,7
2726,667203,14,17,6
2727,418105,14,14,5
2728,374101,14,11,7
2729,361302,14,39,6
2730,790202,14,16,6
2731,659201,14,71,11
2732,27206,14,27,10
2733,64201,14,911,9
2734,418207,14,57,12
2735,132101,14,9,9
2736,257324,14,4,4
2737,790203,14,16,14
2738,361303,13,31,5
2739,173304,13,54,4
2740,39205,13,17,5
2741,769108,13,11,1
2742,145303,13,14,2
2743,553103,13,17,11
2744,221204,13,22,12
2745,257301,13,11,3
2746,802401,13,37,12
2747,801203,13,84,10
2748,145321,13,17,4
2749,390401,13,36,7
2750,73404,13,7,2
2751,814201,13,57,12
2752,133312,13,36,8
2753,81101,13,14,8
2754,566204,13,11,8
2755,81202,13,33,6
2756,147401,13,7,4
2757,147402,13,20,7
2758,518201,13,36,13
2759,881304,13,71,7
2760,372107,13,18,7
2761,257319,13,12,9
2762,22303,13,147,8
2763,15109,13,15,6
2764,79302,13,15,3
2765,37402,13,96,9
2766,754206,13,96,10
2767,186101,12,13,6
2768,25301,12,24,11
2769,257403,12,12,5
2770,749404,12,47,4
2771,221101,12,9,8
2772,445301,12,27,7
2773,15206,12,267,9
2774,764404,12,75,8
2775,738101,12,18,12
2776,415209,12,946,11
2777,408101,12,11,7
2778,73401,12,14,10
2779,687404,12,17,10
2780,418204,12,26,11
2781,141404,12,203,6
2782,754205,12,236,9
2783,704401,12,199,6
2784,256303,12,131,7
2785,553201,12,15,10
2786,769106,12,10,5
2787,86117,12,15,7
2788,805302,12,75,9
2789,252108,12,17,9
2790,86219,11,16,5
2791,20103,11,97,2
2792,17203,11,32,7
2793,401203,11,19,6
2794,655302,11,6,1
2795,86218,11,18,11
2796,838206,11,708,3
2797,12208,11,80,4
2798,408201,11,9,4
2799,754201,11,21,11
2800,806204,11,26,8
2801,567105,11,10,10
2802,417401,11,23,10
2803,84103,11,483,4
2804,148305,11,953,7
2805,747402,11,13,3
2806,317402,11,66,10
2807,84206,11,22,4
2808,39102,11,7,5
2809,893407,11,12,9
2810,86102,11,48,2
2811,411105,10,24,4
2812,14104,10,15,4
2813,74202,10,39,2
2814,412402,10,161,7
2815,241401,10,15,6
2816,86215,10,28,4
2817,416402,10,46,8
2818,257329,10,10,3
2819,27202,10,31,8
2820,165201,10,8,4
2821,133415,10,19,6
2822,610206,10,10,7
2823,746309,10,10,3
2824,806101,10,10,10
2825,615316,10,21,10
2826,801201,10,59,6
2827,146402,10,16,6
2828,607402,10,69,8
2829,130403,10,47,5
2830,397306,10,20,8
2831,747401,10,15,10
2832,39109,10,10,6
2833,838107,10,36,2
2834,679303,10,12,7
2835,132201,10,10,10
2836,37403,10,31,3
2837,145316,10,13,9
2838,12203,10,18,5
2839,197201,10,22,9
2840,145401,10,10,9
2841,615309,9,54,8
2842,764407,9,95,3
2843,881302,9,212,2
2844,615308,9,41,9
2845,148313,9,96,4
2846,86104,9,38,5
2847,829205,9,363,4
2848,615314,9,45,7
2849,838103,9,701,4
2850,418106,9,15,9
2851,695101,9,11,9
2852,407303,9,187,6
2853,148412,9,759,5
2854,382401,9,37,8
2855,679308,9,80,6
2856,675405,9,47,7
2857,86207,9,14,8
2858,28406,9,39,8
2859,611202,9,72,3
2860,51203,9,16,5
2861,372206,9,7,6
2862,33302,9,58,4
2863,769206,8,8,3
2864,58401,8,13,7
2865,225102,8,9,7
2866,769210,8,9,7
2867,27105,8,31,6
2868,769205,8,15,1
2869,679307,8,68,3
2870,420302,8,53,8
2871,257310,8,8,2
2872,393304,8,15,3
2873,148413,8,416,3
2874,764303,8,9,4
2875,366202,8,8,7
2876,146305,8,12,7
2877,893406,8,10,4
2878,139102,8,647,3
2879,769107,8,9,1
2880,24405,8,27,6
2881,140205,8,200,7
2882,672106,8,508,3
2883,433303,8,19,4
2884,764408,8,12,7
2885,34401,8,463,7
2886,14106,8,32,2
2887,610201,8,34,7
2888,39212,8,8,8
2889,159403,8,17,7
2890,86201,8,44,2
2891,613106,8,14,6
2892,15209,8,19,1
2893,39219,8,122,3
2894,402304,8,37,5
2895,615407,8,66,7
2896,169301,8,677,5
2897,225201,8,9,2
2898,159404,8,4,1
2899,120201,8,9,5
2900,39213,8,22,5
2901,159304,8,31,4
2902,762303,8,483,4
2903,27106,8,15,8
2904,611104,8,64,7
2905,417403,7,7,5
2906,776104,7,245,3
2907,257325,7,9,5
2908,146401,7,8,7
2909,166201,7,18,4
2910,3517302,7,7,5
2911,490101,7,41,4
2912,14101,7,19,4
2913,26108,7,53,3
2914,145323,7,52,4
2915,672102,7,50,5
2916,12206,7,27,2
2917,607304,7,106,7
2918,166202,7,13,5
2919,125107,7,25,6
2920,76101,7,180,3
2921,27104,7,8,4
2922,550301,7,20,1
2923,133414,7,17,4
2924,615416,7,11,6
2925,613205,7,24,4
2926,238202,7,46,3
2927,806102,7,7,4
2928,769207,7,8,3
2929,86208,7,9,5
2930,89204,7,7,3
2931,415210,7,967,4
2932,690102,7,9,4
2933,553104,6,9,4
2934,145302,6,10,4
2935,13402,6,14,2
2936,893312,6,60,5
2937,145315,6,6,5
2938,679306,6,13,6
2939,39208,6,145,5
2940,753105,6,5,5
2941,602301,6,5,5
2942,749303,6,11,4
2943,86111,6,6,6
2944,763203,6,209,4
2945,11401,6,85,2
2946,418201,6,9,6
2947,372204,6,7,3
2948,635401,6,15,4
2949,829107,6,280,4
2950,73402,6,7,4
2951,843314,6,17,5
2952,148312,6,208,2
2953,38101,6,14,4
2954,567103,6,10,1
2955,17202,6,6,2
2956,148407,6,24,1
2957,615409,6,43,3
2958,783301,6,40,6
2959,827304,5,249,4
2960,864304,5,5,4
2961,12201,5,11,3
2962,873401,5,16,5
2963,2029202,5,5,4
2964,28402,5,21,3
2965,39113,5,14,3
2966,893320,5,3,2
2967,801102,5,71,5
2968,813305,5,90,3
2969,414406,5,16,4
2970,415104,5,119,4
2971,716404,5,22,5
2972,241302,5,8,3
2973,697401,5,26,4
2974,141302,5,31,2
2975,247308,5,22,4
2976,754106,5,27,3
2977,543403,5,44,4
2978,251101,5,60,3
2979,251201,5,295,5
2980,133303,5,5,2
2981,86210,5,4,4
2982,763103,5,13,4
2983,99401,5,7,2
2984,386105,5,28,3
2985,86212,5,5,5
2986,136404,5,237,3
2987,553102,5,11,4
2988,417405,5,45,2
2989,145422,5,1,1
2990,411104,5,5,2
2991,567202,5,6,3
2992,257410,5,23,5
2993,741104,5,171,4
2994,372109,5,9,1
2995,675404,5,539,2
2996,417408,4,56,2
2997,107202,4,5,4
2998,166102,4,9,3
2999,89101,4,4,2
3000,786307,4,4,3
3001,872401,4,10,2
3002,813307,4,514,4
3003,257313,4,4,1
3004,39114,4,5,1
3005,89102,4,4,1
3006,838205,4,528,1
3007,746410,4,21,2
3008,418107,4,4,3
3009,73403,4,4,3
3010,100401,4,4,1
3011,671203,4,131,2
3012,671105,4,542,1
3013,145416,4,7,3
3014,146304,4,4,4
3015,39101,4,3,3
3016,747305,4,47,4
3017,769103,4,10,3
3018,145310,4,67,2
3019,613104,4,11,3
3020,418104,4,15,3
3021,678408,4,122,4
3022,43102,4,2,2
3023,148306,4,589,2
3024,76201,4,4,3
3025,679408,4,12,4
3026,762406,4,95,3
3027,141403,4,104,3
3028,613203,4,26,4
3029,125106,3,180,3
3030,801103,3,67,3
3031,12202,3,11,2
3032,25404,3,10,2
3033,361403,3,42,2
3034,741101,3,8,3
3035,20203,3,535,2
3036,257316,3,6,3
3037,257309,3,3,1
3038,838104,3,601,3
3039,893404,3,186,2
3040,140203,3,154,3
3041,553202,3,2,1
3042,14102,3,9,3
3043,24303,3,9,3
3044,667204,3,20,2
3045,676107,3,179,2
3046,25303,3,56,2
3047,145424,3,27,3
3048,133417,3,12,3
3049,655303,3,4,3
3050,257404,3,3,2
3051,769102,3,15,2
3052,39218,3,9,3
3053,257306,3,11,2
3054,238203,3,4,3
3055,760202,3,16,2
3056,227402,3,107,2
3057,248304,3,13,2
3058,39210,3,2,2
3059,763102,3,317,1
3060,765103,3,43,3
3061,417311,3,70,2
3062,15113,3,99,2
3063,73301,3,3,2
3064,238204,3,3,3
3065,613207,3,37,3
3066,566205,3,3,3
3067,3517402,3,3,3
3068,769203,3,5,2
3069,39107,3,3,3
3070,677202,2,2,2
3071,142302,2,9,2
3072,257402,2,2,2
3073,417305,2,51,2
3074,84202,2,16,1
3075,769211,2,4,1
3076,145415,2,8,2
3077,141306,2,158,1
3078,15102,2,13,2
3079,687304,2,7,2
3080,42204,2,7,2
3081,145317,2,2,2
3082,257401,2,2,2
3083,147412,2,7,2
3084,43201,2,2,2
3085,252208,2,63,1
3086,678404,2,2,2
3087,678403,2,2,1
3088,36307,2,8,1
3089,678303,2,2,2
3090,3517301,2,5,2
3091,769110,2,3,2
3092,43202,2,2,2
3093,747303,2,57,1
3094,132104,2,2,2
3095,838204,2,320,1
3096,615301,2,2,2
3097,148311,2,274,1
3098,12204,2,12,2
3099,843401,2,2,2
3100,37406,2,3,1
3101,615415,2,11,2
3102,257307,2,3,2
3103,794403,2,604,2
3104,127101,2,18,2
3105,39108,2,3,1
3106,39106,2,1,1
3107,490203,2,65,1
3108,843316,2,4,2
3109,132204,2,3,2
3110,86217,2,3,2
3111,655402,2,2,2
3112,37306,2,360,2
3113,257427,2,36,1
3114,257308,2,4,2
3115,747403,2,10,2
3116,754104,2,250,2
3117,747304,2,47,2
3118,813404,2,102,2
3119,39215,2,3,2
3120,148405,1,42,1
3121,255402,1,5,1
3122,257323,1,40,1
3123,147407,1,10,1
3124,567201,1,3,1
3125,15215,1,31,1
3126,667101,1,31,1
3127,843403,1,4,1
3128,173305,1,282,1
3129,21403,1,85,1
3130,20202,1,425,1
3131,602402,1,2,1
3132,602302,1,1,1
3133,838105,1,615,1
3134,257321,1,24,1
3135,12211,1,632,1
3136,257303,1,17,1
3137,86110,1,1,1
3138,2029101,1,1,1
3139,490202,1,63,1
3140,125205,1,1,1
3141,38103,1,1,1
3142,125204,1,37,1
3143,38105,1,5,1
3144,746305,1,17,1
3145,92402,1,5,1
3146,38204,1,3,1
3147,43203,1,9,1
3148,145426,1,10,1
3149,747404,1,8,1
3150,86114,1,9,1
3151,39115,1,7,1
3152,12105,1,19,1
3153,39211,1,3,1
3154,87301,1,1,1
3155,39204,1,9,1
3156,417301,1,34,1
3157,257421,1,1,1
3158,417312,1,1,1
3159,134302,1,31,1
3160,678305,1,1,1
3161,257412,1,1,1
3162,679405,1,3,1
3163,679407,1,4,1
3164,769202,1,2,1
3165,769109,1,2,1
3166,769105,1,6,1
3167,257409,1,24,1
3168,257405,1,1,1
3169,145332,1,2,1
3170,145418,1,3,1
3171,769201,1,1,1
3172,3517401,0,0,0
3173,14203,0,0,0
3174,12102,0,351,0
3175,417308,0,17,0
3176,257305,0,31,0
3177,257304,0,86,0
3178,14208,0,5,0
3179,406203,0,16,0
3180,14207,0,5,0
3181,417307,0,3,0
3182,417304,0,44,0
3183,14206,0,1,0
3184,12103,0,87,0
3185,402403,0,28,0
3186,3517303,0,0,0
3187,893313,0,15,0
3188,417315,0,17,0
3189,417407,0,37,0
3190,257328,0,0,0
3191,13304,0,0,0
3192,13405,0,116,0
3193,13303,0,0,0
3194,13302,0,14,0
3195,257411,0,28,0
3196,12212,0,951,0
3197,257413,0,0,0
3198,15103,0,0,0
3199,257414,0,0,0
3200,257415,0,6,0
3201,257318,0,0,0
3202,257317,0,1,0
3203,257416,0,19,0
3204,257428,0,76,0
3205,257315,0,0,0
3206,12207,0,37,0
3207,257314,0,0,0
3208,14201,0,155,0
3209,12108,0,108,0
3210,14202,0,33,0
3211,417414,0,2,0
3212,417409,0,1,0
3213,12110,0,0,0
3214,769213,0,0,0
3215,15104,0,0,0
3216,255301,0,100,0
3217,748103,0,0,0
3218,39111,0,37,0
3219,89202,0,0,0
3220,39104,0,107,0
3221,39103,0,12,0
3222,100302,0,2,0
3223,100402,0,0,0
3224,38202,0,1,0
3225,125206,0,0,0
3226,741205,0,0,0
3227,806105,0,26,0
3228,741105,0,0,0
3229,132103,0,112,0
3230,37404,0,4,0
3231,716402,0,0,0
3232,37302,0,1,0
3233,132206,0,0,0
3234,716302,0,0,0
3235,133307,0,11,0
3236,748104,0,0,0
3237,39118,0,6,0
3238,39119,0,11,0
3239,82205,0,4,0
3240,769209,0,1,0
3241,769113,0,0,0
3242,769112,0,0,0
3243,769104,0,5,0
3244,73302,0,0,0
3245,76202,0,0,0
3246,77201,0,190,0
3247,761305,0,80,0
3248,85202,0,0,0
3249,748203,0,0,0
3250,39217,0,4,0
3251,39216,0,0,0
3252,86118,0,0,0
3253,86203,0,0,0
3254,87401,0,0,0
3255,790103,0,3,0
3256,748204,0,0,0
3257,39203,0,13,0
3258,134301,0,29,0
3259,36404,0,1,0
3260,36403,0,0,0
3261,148411,0,608,0
3262,148308,0,171,0
3263,148309,0,280,0
3264,20104,0,0,0
3265,148310,0,269,0
3266,148315,0,35,0
3267,148406,0,31,0
3268,148409,0,201,0
3269,148410,0,790,0
3270,18301,0,0,0
3271,148307,0,708,0
3272,615406,0,50,0
3273,602401,0,0,0
3274,15205,0,269,0
3275,15114,0,12,0
3276,252102,0,32,0
3277,567104,0,1,0
3278,15105,0,0,0
3279,252206,0,205,0
3280,21301,0,3,0
3281,21302,0,46,0
3282,36304,0,17,0
3283,145324,0,22,0
3284,36303,0,3,0
3285,679404,0,111,0
3286,144307,0,22,0
3287,28304,0,207,0
3288,28302,0,35,0
3289,678302,0,0,0
3290,145311,0,0,0
3291,677201,0,0,0
3292,674405,0,53,0
3293,21303,0,42,0
3294,145428,0,9,0
3295,769212,0,0,0
3296,145429,0,24,0
3297,25305,0,19,0
3298,147305,0,92,0
3299,147310,0,0,0
3300,147311,0,1,0
3301,147408,0,59,0
3302,11301,0,0,0
