,ID,T,S,N
0,415211,1216,6399,9
1,893318,1201,757,10
2,34301,1193,3323,45
3,865101,1186,1773,75
4,415102,1167,1892,6
5,139203,1153,75,16
6,252104,1130,3704,20
7,245205,1130,1779,10
8,415103,1125,662,7
9,881405,1110,391,19
10,136302,1107,195,31
11,838106,1106,6620,9
12,244101,1101,3308,66
13,14108,1097,5532,54
14,672206,1091,299,38
15,139101,1089,146,30
16,417406,1083,271,63
17,251102,1078,2323,45
18,813406,1070,6565,22
19,245102,1065,393,6
20,869202,1055,30,14
21,557201,1046,1895,67
22,24401,1046,922,81
23,79402,1040,815,64
24,129202,1027,51,17
25,82103,1020,2207,74
26,613103,1020,1432,153
27,250102,1014,674,21
28,657401,1011,121,25
29,829106,1009,3438,12
30,417303,1006,679,78
31,129201,996,7417,20
32,22301,996,6390,54
33,415110,992,2826,55
34,150103,992,45,12
35,140204,984,45,21
36,252205,984,1290,33
37,250202,984,5205,15
38,552101,977,1097,165
39,244206,971,396,59
40,415210,967,7,4
41,869103,961,83,38
42,148305,953,11,7
43,12212,951,0,0
44,136403,948,1357,24
45,285201,947,354,56
46,415209,946,12,11
47,140105,942,18,9
48,250103,940,158,10
49,406102,931,1064,21
50,138203,931,86,22
51,832201,926,1021,100
52,667104,925,1250,44
53,657301,919,6537,11
54,829105,918,103,25
55,245101,916,1666,71
56,671202,914,6504,9
57,148304,914,59,13
58,64201,911,14,9
59,660301,909,91,36
60,762302,906,15,9
61,64102,903,98,41
62,664101,880,484,140
63,762404,877,35,10
64,138204,876,36,9
65,813403,872,18,5
66,385102,870,537,49
67,255303,864,1571,104
68,813303,863,246,47
69,406202,857,240,19
70,406201,855,819,115
71,144303,849,8227,111
72,258102,840,854,72
73,765101,840,829,205
74,160101,840,846,171
75,813306,835,50,14
76,794305,835,7906,11
77,31401,831,319,124
78,150202,829,36,25
79,557204,828,479,81
80,26202,828,668,75
81,776201,822,391,91
82,893317,821,167,57
83,736302,817,582,92
84,169304,815,333,70
85,557104,815,677,37
86,762402,815,224,99
87,829203,814,182,14
88,64202,814,21,15
89,140107,813,117,55
90,675303,811,6507,9
91,145322,808,1224,202
92,385201,806,122,26
93,39202,806,781,114
94,88301,802,1437,89
95,415208,796,306,100
96,838102,796,63,30
97,604401,792,699,110
98,237304,792,395,53
99,148410,790,0,0
100,136402,789,364,93
101,250201,788,81,60
102,393402,786,630,158
103,140108,786,69,30
104,551101,780,1260,121
105,279203,779,1009,80
106,674404,779,952,71
107,675302,770,136,83
108,253303,768,396,66
109,24304,768,830,119
110,147306,766,2289,37
111,136301,765,279,129
112,675402,762,28,8
113,464401,760,148,97
114,563402,760,647,118
115,148412,759,9,5
116,763101,758,9905,20
117,483101,757,585,169
118,88401,757,420,29
119,33402,756,451,75
120,140102,755,347,96
121,341401,753,921,38
122,129102,751,18,6
123,671102,745,60,22
124,881301,745,164,26
125,761402,745,15,13
126,671104,744,17,10
127,660403,741,92,22
128,865201,741,349,30
129,148408,741,41,4
130,667103,740,1151,233
131,189103,739,319,105
132,372102,736,3103,123
133,238104,734,395,132
134,838203,733,65,26
135,239101,732,1814,286
136,246203,730,328,35
137,245204,729,318,38
138,753205,728,1586,102
139,762405,726,27,11
140,247301,726,1872,111
141,86113,726,812,198
142,407302,725,726,130
143,552202,724,525,74
144,17205,724,356,78
145,601401,721,731,100
146,279101,721,574,159
147,89104,717,736,98
148,252204,717,134,58
149,276401,716,545,142
150,24306,716,257,62
151,672202,716,19,5
152,125103,715,371,61
153,239203,713,374,62
154,222201,712,498,72
155,829207,712,1952,38
156,130307,711,627,138
157,148307,708,0,0
158,566201,708,693,80
159,838206,708,11,3
160,738201,708,575,206
161,541401,708,1174,168
162,761304,706,61,19
163,246101,705,451,90
164,222102,702,873,52
165,838103,701,9,4
166,422401,701,519,92
167,675403,700,63,15
168,238102,699,865,178
169,67301,698,430,152
170,32302,697,495,53
171,242202,696,389,91
172,42206,694,324,84
173,84205,693,507,20
174,701101,693,353,102
175,411103,691,627,51
176,256301,689,264,125
177,838207,688,29,9
178,138202,688,74,23
179,129101,687,707,306
180,669404,685,1370,75
181,84102,681,600,61
182,357201,681,299,89
183,139202,680,39,17
184,32402,679,414,67
185,242102,678,588,116
186,169301,677,8,5
187,764403,676,9617,23
188,407401,676,811,104
189,832101,676,504,66
190,189203,672,112,43
191,838101,671,179,49
192,881404,671,2465,94
193,672105,671,113,70
194,247407,669,586,113
195,256402,667,39,30
196,348201,667,812,107
197,79301,666,478,58
198,22403,666,1761,8
199,247307,664,293,62
200,679402,664,105,26
201,129103,664,31,11
202,745207,661,345,54
203,829103,660,312,41
204,399207,658,631,116
205,478101,658,1988,92
206,251202,657,1047,19
207,827306,657,276,46
208,669402,656,307,82
209,829204,655,3676,6
210,237404,655,427,134
211,597302,654,749,182
212,671201,653,24,16
213,660402,652,47,34
214,411204,651,1323,27
215,169405,650,192,43
216,82101,648,2299,91
217,139102,647,8,3
218,587401,646,414,128
219,867301,645,855,208
220,40302,642,211,32
221,813402,640,6383,22
222,22302,639,2192,18
223,91301,636,680,130
224,256302,635,1236,22
225,138101,633,95,47
226,145423,632,391,136
227,12211,632,1,1
228,145403,631,485,68
229,22402,630,117,43
230,84203,629,763,142
231,341301,628,1374,54
232,716303,625,730,55
233,407403,623,893,72
234,36302,622,556,108
235,33301,621,605,70
236,17201,621,648,177
237,348102,619,383,78
238,838105,615,1,1
239,140201,615,30,22
240,148301,614,8789,175
241,478201,614,254,101
242,762304,613,25,3
243,483201,613,826,142
244,359102,613,362,31
245,158101,613,568,176
246,28301,613,621,174
247,308301,612,1105,67
248,148411,608,0,0
249,91302,607,271,58
250,413201,607,420,139
251,253302,605,284,16
252,679403,605,112,56
253,417402,605,598,144
254,794403,604,2,2
255,140202,604,27,13
256,158201,603,215,77
257,794401,603,79,60
258,843408,603,241,110
259,838104,601,3,3
260,13404,601,530,37
261,813401,600,54,21
262,233301,598,1324,160
263,233402,597,291,32
264,150201,597,251,152
265,754203,595,483,96
266,741203,595,509,49
267,662401,594,526,175
268,792301,592,1014,224
269,26106,591,256,116
270,565302,591,555,76
271,15213,591,765,24
272,245103,590,942,13
273,411203,590,329,31
274,148306,589,4,2
275,843405,587,410,177
276,827401,586,202,51
277,11304,585,758,30
278,588401,584,439,188
279,222202,583,1057,40
280,402401,583,502,180
281,247304,581,671,143
282,150203,581,20,10
283,422301,580,817,130
284,417314,578,379,105
285,255404,576,187,73
286,277304,576,3419,102
287,790201,576,563,229
288,233303,576,770,24
289,75102,576,1452,23
290,228204,575,487,13
291,746408,573,165,62
292,31301,571,236,78
293,169303,571,318,44
294,669302,570,757,30
295,672201,569,175,128
296,84204,568,156,58
297,397304,566,881,96
298,144405,565,233,32
299,158102,565,349,57
300,417310,565,102,52
301,675305,565,52,15
302,397303,565,889,171
303,660302,563,62,15
304,708302,563,146,38
305,138102,562,79,9
306,659102,562,86,27
307,150102,560,95,43
308,806103,559,687,100
309,415109,559,884,111
310,37304,559,309,83
311,819201,556,605,299
312,321201,556,811,81
313,599401,555,565,313
314,746403,552,856,157
315,169302,550,25,17
316,216401,550,733,68
317,765204,550,400,88
318,222101,550,1276,133
319,893402,549,265,91
320,749307,549,539,180
321,399101,548,2739,205
322,169406,548,24,15
323,78201,548,352,159
324,248405,548,632,181
325,40401,548,132,48
326,615305,547,365,53
327,249403,547,573,106
328,544401,546,539,155
329,794303,543,64,25
330,416401,543,530,90
331,671105,542,4,1
332,228102,542,89,17
333,252207,541,421,79
334,675404,539,5,2
335,357103,537,1237,47
336,133416,537,657,60
337,169403,536,125,68
338,86202,536,408,132
339,20203,535,3,2
340,359204,535,280,28
341,762401,534,94,57
342,138201,533,287,90
343,22401,530,219,77
344,253401,529,171,101
345,133315,528,425,57
346,233302,528,159,18
347,838205,528,4,1
348,26107,528,269,58
349,383301,527,604,167
350,830101,526,476,222
351,402306,525,687,180
352,710201,525,644,180
353,129203,525,17230,16
354,881303,524,291,39
355,160201,523,202,92
356,417413,523,315,50
357,397404,522,572,110
358,133314,516,1006,124
359,82102,514,1455,96
360,308302,514,301,83
361,813307,514,4,4
362,189204,513,55,32
363,749403,513,1013,107
364,144306,513,357,99
365,558103,511,342,134
366,158202,511,287,77
367,68301,511,235,52
368,253402,511,919,24
369,13301,510,531,104
370,254103,510,293,107
371,93301,509,290,176
372,37305,509,2525,12
373,325204,509,174,43
374,39207,509,1048,107
375,672106,508,8,3
376,308405,508,300,66
377,92302,507,316,110
378,138103,506,97,14
379,761401,506,82,31
380,91402,505,329,56
381,359101,505,519,153
382,256403,504,64,13
383,738203,502,776,158
384,843309,500,247,42
385,708402,499,70,18
386,237303,499,672,58
387,700101,499,69,25
388,285101,495,925,92
389,46401,494,444,202
390,20201,493,255,54
391,843404,492,708,149
392,787301,490,318,202
393,244102,489,71,17
394,893403,489,20,4
395,746304,489,120,58
396,307402,488,342,144
397,103202,488,288,66
398,776103,486,79,14
399,189102,485,130,46
400,387302,484,1062,150
401,762303,483,8,4
402,413103,483,342,91
403,869203,483,21,12
404,130303,483,433,79
405,84103,483,11,4
406,745101,481,544,84
407,781101,481,560,100
408,146302,480,174,91
409,19301,480,553,263
410,852101,479,525,172
411,745104,476,458,109
412,140101,475,411,120
413,247306,475,860,173
414,321101,474,409,96
415,328202,474,430,133
416,473301,474,561,124
417,336401,473,323,188
418,411101,473,339,99
419,237401,471,827,108
420,781203,471,207,46
421,464301,470,1140,3
422,158203,468,243,62
423,400302,468,1236,89
424,316401,467,464,125
425,32301,466,388,70
426,349201,466,472,193
427,786406,465,934,131
428,272401,463,374,119
429,220101,463,602,215
430,34401,463,8,7
431,132105,462,711,155
432,271302,461,238,92
433,125102,461,1764,65
434,85201,461,713,24
435,754204,460,86,45
436,509101,459,429,115
437,255401,458,416,126
438,746407,457,87,19
439,253301,456,2113,52
440,133304,456,729,83
441,130401,455,335,199
442,40301,454,314,99
443,783402,454,157,51
444,676103,453,91,38
445,317302,453,351,171
446,881403,452,63,31
447,593204,451,361,72
448,103101,448,1010,153
449,745203,447,397,183
450,67401,447,415,229
451,746303,447,91,55
452,611105,447,671,133
453,736301,445,552,148
454,15214,445,98,13
455,172201,444,184,89
456,39117,443,93,45
457,357102,443,120,12
458,754105,443,78,47
459,139103,442,32,18
460,221205,442,535,153
461,543401,441,404,208
462,593103,441,540,48
463,660303,441,36,9
464,41101,441,217,126
465,587301,440,270,73
466,276302,439,517,163
467,393303,437,441,64
468,761303,436,154,39
469,158204,435,256,48
470,391201,434,733,31
471,41203,433,193,22
472,671204,433,114,72
473,544301,433,519,25
474,148415,433,445,93
475,407304,431,338,20
476,611103,431,343,162
477,189105,431,7559,31
478,172101,430,458,188
479,751203,430,33,6
480,28305,430,65,9
481,255405,429,146,49
482,97401,428,253,60
483,256401,428,188,116
484,133403,427,524,125
485,148404,427,165,34
486,125203,427,65,6
487,588301,426,554,207
488,161302,426,410,114
489,20202,425,1,1
490,746302,425,423,166
491,158104,425,322,64
492,38201,423,185,49
493,435101,423,601,113
494,676204,423,102,55
495,838208,423,38,18
496,316302,423,493,91
497,239102,422,145,29
498,792402,422,276,144
499,411205,421,265,36
500,245104,421,78,32
501,233401,420,238,120
502,867401,420,195,109
503,318101,420,447,88
504,736402,419,332,49
505,39209,419,117,44
506,253304,419,925,27
507,172202,419,195,76
508,241403,418,256,116
509,679409,418,253,75
510,148303,418,164,89
511,893405,417,120,61
512,716304,416,411,25
513,29301,416,582,176
514,148413,416,8,3
515,813308,415,29,12
516,663101,415,375,140
517,47402,414,373,76
518,471401,414,523,186
519,220201,413,394,164
520,136303,413,73,16
521,700201,413,149,114
522,764401,412,176,79
523,246102,412,478,26
524,253404,410,49,11
525,130406,409,325,128
526,33401,409,514,166
527,17105,407,481,100
528,524101,407,426,99
529,316303,407,284,90
530,813301,406,414,99
531,265201,406,230,141
532,336301,406,373,201
533,42203,405,350,45
534,413101,405,776,78
535,228203,403,46,26
536,233403,402,187,16
537,15111,402,452,33
538,82204,402,57,19
539,563301,402,440,23
540,17101,401,864,100
541,397301,400,506,197
542,348101,400,413,173
543,271401,399,337,210
544,869104,399,16,11
545,318202,399,1409,71
546,21401,399,605,60
547,38102,398,83,15
548,555401,397,569,192
549,140207,397,65,40
550,125104,396,57,21
551,250203,395,59,6
552,253403,395,142,33
553,776102,395,99,40
554,349203,395,392,138
555,243201,395,481,153
556,172102,394,244,88
557,147404,394,309,122
558,145306,394,773,48
559,829206,393,1906,64
560,246201,393,71,36
561,601301,393,494,42
562,672103,393,257,91
563,357202,392,1236,38
564,472302,392,302,97
565,141307,392,95,55
566,15212,391,357,34
567,63301,390,688,118
568,223401,389,2632,221
569,92401,389,486,83
570,504201,389,308,93
571,183401,389,371,217
572,745103,389,368,129
573,829202,389,169,44
574,399102,387,391,63
575,217102,387,905,85
576,403301,386,438,208
577,161401,386,302,77
578,397405,385,415,89
579,189202,385,37,26
580,134303,384,431,175
581,47403,384,658,50
582,667201,383,71,36
583,415202,383,143,22
584,565402,383,373,47
585,794304,382,19,5
586,541301,382,1257,34
587,11303,382,682,23
588,237301,381,631,148
589,47301,380,435,199
590,169404,380,125,26
591,82104,380,23,15
592,275202,380,594,145
593,36406,380,95,53
594,776203,380,85,5
595,81102,379,238,64
596,838201,379,403,166
597,244205,378,314,182
598,372209,378,45,12
599,78202,378,63,33
600,785201,377,282,163
601,248302,376,419,77
602,584301,375,301,98
603,305203,375,315,143
604,394301,374,304,59
605,37401,374,241,37
606,12210,372,118,4
607,781202,372,390,80
608,751101,372,1610,103
609,786302,372,230,87
610,21402,371,630,13
611,792302,371,182,62
612,786404,371,864,7
613,277303,370,499,112
614,325201,369,292,175
615,349101,368,338,168
616,838202,368,206,52
617,23401,368,297,192
618,243204,367,205,71
619,15101,367,26,11
620,400403,367,346,59
621,893316,366,20,12
622,133407,365,473,83
623,415105,365,88,26
624,125202,365,337,17
625,670201,364,439,205
626,557101,364,446,77
627,584401,364,460,108
628,696301,364,312,157
629,277403,364,221,20
630,130405,363,379,195
631,145414,363,253,15
632,829205,363,9,4
633,241301,362,387,133
634,484201,362,343,169
635,412403,361,191,71
636,565301,361,1154,192
637,140208,361,126,9
638,37306,360,2,2
639,173303,359,64,20
640,762305,359,56,23
641,566105,359,461,48
642,415106,358,308,41
643,813304,358,58,8
644,741103,357,274,95
645,397407,356,302,158
646,792304,356,375,168
647,246103,356,168,70
648,28303,355,182,107
649,328104,355,374,99
650,305101,354,459,201
651,770404,354,555,139
652,504101,353,429,140
653,447301,353,743,161
654,36305,353,154,51
655,838108,352,305,96
656,172203,352,225,60
657,145409,352,1623,148
658,133405,352,410,63
659,15112,351,91,22
660,748202,351,403,220
661,32401,351,126,59
662,12102,351,0,0
663,75101,351,319,36
664,150101,350,219,151
665,555402,349,251,79
666,551201,349,108,35
667,751201,348,314,70
668,764305,348,15,6
669,524201,347,594,117
670,66401,345,169,89
671,150104,344,24,12
672,750101,344,295,170
673,615412,343,164,59
674,415101,343,3930,10
675,806202,343,104,45
676,672101,343,27,19
677,155201,342,20,11
678,696402,342,172,52
679,30301,342,58,24
680,676206,342,111,44
681,676106,340,41,20
682,308305,340,273,129
683,881305,340,402,118
684,659202,340,112,24
685,555301,340,552,107
686,411102,339,106,16
687,242201,339,375,51
688,20102,339,28,8
689,675401,339,41,25
690,393302,338,572,171
691,23301,338,464,170
692,676201,338,57,7
693,720101,338,367,150
694,325104,338,357,80
695,691201,337,297,214
696,255407,337,211,71
697,318201,336,201,141
698,63401,336,266,122
699,412302,335,367,87
700,51204,334,293,108
701,134404,332,449,30
702,93401,332,271,38
703,74201,332,964,29
704,563302,332,185,37
705,184201,331,359,128
706,158103,331,270,54
707,138104,331,51,18
708,125105,330,35,20
709,240306,330,622,43
710,265101,330,356,171
711,558101,329,504,204
712,245203,328,108,27
713,51205,328,235,71
714,42201,328,298,163
715,303304,328,234,116
716,227401,326,310,233
717,36306,326,44,20
718,280301,326,442,133
719,787401,326,38,19
720,786301,325,955,30
721,391101,325,493,32
722,54401,324,264,193
723,344201,324,328,142
724,403401,323,316,206
725,738103,323,235,98
726,254204,322,304,127
727,372103,322,739,10
728,291101,321,407,226
729,413102,321,203,50
730,102101,321,316,53
731,558205,320,296,81
732,173403,320,22,8
733,838204,320,2,1
734,764405,320,48,13
735,84201,319,88,28
736,257408,319,198,42
737,773202,319,350,29
738,139201,319,78,53
739,597401,318,184,108
740,172103,318,242,67
741,148403,317,216,18
742,763102,317,3,1
743,248407,316,233,46
744,247408,315,114,33
745,38205,315,83,29
746,272301,315,165,115
747,13403,314,61,11
748,220102,313,183,64
749,25402,313,1320,33
750,248406,313,1511,63
751,776101,313,264,87
752,400401,312,283,178
753,277301,312,332,166
754,791401,312,598,75
755,669303,312,806,48
756,674301,311,272,99
757,78102,311,202,48
758,248303,311,255,53
759,242103,310,194,61
760,771301,310,283,201
761,585401,310,331,81
762,245201,310,295,192
763,141402,310,90,52
764,317301,309,308,225
765,610104,309,516,149
766,794402,309,16,5
767,565401,308,307,105
768,786407,308,152,79
769,791301,308,271,101
770,583301,307,350,205
771,220202,307,262,104
772,239201,306,182,27
773,217201,306,182,110
774,147409,306,22,10
775,217202,305,597,30
776,66301,304,201,76
777,102201,304,99,70
778,413202,304,113,51
779,184101,303,238,86
780,690101,303,293,209
781,677203,302,338,107
782,670202,302,115,67
783,749401,302,153,88
784,12101,302,657,2
785,40402,302,112,21
786,28306,302,27,6
787,745206,301,496,48
788,240406,301,356,72
789,30401,301,174,80
790,270101,300,388,207
791,82203,300,101,54
792,243203,300,155,61
793,794302,299,193,120
794,362201,298,294,195
795,473401,298,234,89
796,417309,298,258,119
797,296201,297,150,57
798,86213,297,409,57
799,254202,296,371,136
800,251201,295,5,5
801,663201,294,195,88
802,770302,293,371,114
803,325101,293,168,47
804,325202,293,303,94
805,243106,292,414,42
806,308402,292,184,68
807,228101,292,60,22
808,239103,292,264,52
809,843312,292,296,136
810,781201,291,252,174
811,348202,291,299,34
812,130301,290,353,179
813,217203,290,1115,32
814,830201,290,340,147
815,696302,289,164,47
816,84106,289,184,22
817,410401,287,206,114
818,543303,287,278,86
819,762403,286,20,14
820,746308,286,273,26
821,827403,286,143,72
822,17204,285,86,53
823,414302,285,496,93
824,357101,284,239,177
825,308304,284,363,124
826,296101,284,119,63
827,869201,283,257,155
828,481203,283,215,88
829,189104,283,27,15
830,173305,282,1,1
831,315301,282,212,128
832,155202,282,96,65
833,378101,282,1268,30
834,76102,281,281,6
835,746409,281,38,23
836,704302,281,159,110
837,829107,280,6,4
838,708403,280,92,17
839,148309,280,0,0
840,829101,279,121,53
841,670101,279,38,14
842,318102,279,623,50
843,753201,278,502,64
844,82106,278,396,73
845,252105,277,37,7
846,89201,276,518,26
847,412301,276,140,94
848,359203,276,489,63
849,770401,276,265,206
850,869102,276,211,101
851,701202,275,116,36
852,395302,275,255,108
853,676102,275,80,14
854,118201,275,173,61
855,399206,274,194,86
856,244207,274,692,6
857,148311,274,2,1
858,169401,274,233,108
859,150204,274,86,25
860,417306,273,155,53
861,662403,273,216,114
862,567102,273,350,89
863,672204,273,151,67
864,344101,273,405,19
865,415201,272,189,115
866,287202,272,287,74
867,409401,271,98,33
868,245206,271,52,1
869,829104,270,458,39
870,564401,270,447,78
871,762301,269,39,10
872,710101,269,274,96
873,148310,269,0,0
874,452301,269,56,15
875,15205,269,0,0
876,397401,268,309,139
877,243108,268,124,31
878,155102,268,222,117
879,262405,268,418,53
880,637401,267,203,153
881,786304,267,85,54
882,242203,267,884,24
883,676202,267,6620,4
884,15206,267,12,9
885,82201,266,355,22
886,394401,266,147,21
887,145312,266,54,9
888,15216,265,71,12
889,684402,265,251,95
890,410303,265,525,119
891,249402,264,187,95
892,745205,264,395,63
893,189201,264,176,50
894,303401,264,125,59
895,509201,263,114,84
896,679309,263,59,22
897,476301,263,481,150
898,664201,263,76,28
899,869101,262,208,152
900,761301,261,216,156
901,42202,261,268,39
902,42104,261,133,72
903,349103,261,158,109
904,881402,260,330,93
905,598102,259,304,116
906,51101,258,308,171
907,51206,258,148,113
908,42101,257,73,47
909,741206,257,258,85
910,641104,257,309,190
911,257407,257,330,38
912,58402,257,213,66
913,316402,257,189,70
914,130306,256,285,117
915,765201,256,217,150
916,336302,256,248,43
917,145432,255,32,14
918,140104,255,73,51
919,485201,255,221,167
920,287103,254,253,43
921,307301,254,319,64
922,218201,254,285,90
923,276303,253,124,31
924,852201,253,176,44
925,141305,253,18,5
926,600302,253,308,128
927,689102,253,324,89
928,41202,252,222,159
929,671101,252,80,12
930,292201,252,239,157
931,414405,252,69,10
932,147405,252,26,18
933,397305,251,105,40
934,140106,251,16,8
935,748101,250,269,203
936,754104,250,2,2
937,783302,250,68,22
938,615304,250,301,89
939,827304,249,5,4
940,658401,249,194,148
941,243109,249,29,12
942,613202,248,242,156
943,869205,248,248,111
944,722201,248,201,170
945,806104,248,118,48
946,282401,247,169,75
947,415205,247,97,17
948,694101,247,107,36
949,15201,247,357,23
950,301101,246,198,162
951,536401,246,223,165
952,694203,245,230,136
953,608301,245,167,119
954,188403,245,287,98
955,776104,245,7,3
956,583401,244,196,150
957,829108,244,84,18
958,676207,244,30,15
959,276402,244,238,42
960,776202,243,195,6
961,242205,243,190,65
962,567205,243,350,111
963,130408,242,210,145
964,697301,242,98,30
965,308404,242,140,66
966,46301,242,286,143
967,128201,241,151,53
968,407404,241,403,34
969,761403,241,17,7
970,27103,241,176,107
971,249302,240,225,44
972,247402,240,115,65
973,156101,240,160,115
974,141304,239,86,45
975,819102,239,268,130
976,217103,238,36,8
977,566103,238,246,135
978,136404,237,5,3
979,145330,237,255,96
980,246202,237,654,59
981,245202,237,267,84
982,240408,236,129,35
983,723302,236,313,103
984,754205,236,12,9
985,564301,236,227,118
986,389301,235,261,112
987,146403,235,68,33
988,764306,235,27,18
989,255307,235,163,94
990,356201,234,221,156
991,684301,234,329,129
992,749305,234,423,7
993,11403,234,289,17
994,792401,233,274,113
995,381101,233,319,108
996,238201,233,69,24
997,183402,233,161,48
998,406103,233,288,6
999,770405,232,150,52
1000,543402,232,204,79
1001,36402,232,280,27
1002,829201,232,298,111
1003,604301,231,270,27
1004,400303,231,86,50
1005,148402,231,67,27
1006,145320,230,672,10
1007,476401,230,191,109
1008,685401,229,282,123
1009,414305,229,123,46
1010,144403,229,67,27
1011,308303,228,186,64
1012,381201,228,228,107
1013,827303,228,106,63
1014,293101,228,570,77
1015,145421,227,157,48
1016,148314,227,239,25
1017,51201,227,253,146
1018,145425,227,210,54
1019,794404,226,41,14
1020,785101,225,288,147
1021,270201,225,351,143
1022,265102,225,139,60
1023,293202,225,170,90
1024,792405,224,155,61
1025,696401,224,194,132
1026,409302,224,173,34
1027,484102,223,223,74
1028,311405,223,166,117
1029,676203,223,34,16
1030,750102,223,402,61
1031,73305,223,181,37
1032,792404,222,131,97
1033,161403,221,232,97
1034,414403,221,141,82
1035,610106,221,235,114
1036,678406,221,269,84
1037,484101,221,234,147
1038,18401,220,47,17
1039,456102,220,352,108
1040,821102,220,148,76
1041,147307,220,27,9
1042,672203,220,32,16
1043,20204,220,37,9
1044,447401,220,85,53
1045,827404,219,56,1
1046,589401,219,134,33
1047,15202,219,131,38
1048,738102,219,316,51
1049,245106,218,159,80
1050,239202,218,210,32
1051,250101,218,148,103
1052,189205,218,68,25
1053,378202,217,299,84
1054,156201,217,144,52
1055,701102,217,93,52
1056,414307,217,189,95
1057,827305,217,100,52
1058,81201,216,88,41
1059,761405,216,143,41
1060,671205,216,36,7
1061,237402,216,91,11
1062,679406,216,245,131
1063,42105,216,29,10
1064,227404,215,252,69
1065,38104,215,297,52
1066,41102,215,61,9
1067,511101,215,299,107
1068,255304,215,119,29
1069,600401,214,180,113
1070,289201,214,216,167
1071,130402,214,94,15
1072,417316,214,256,33
1073,589301,214,166,104
1074,794405,213,154,74
1075,146301,213,175,114
1076,145325,213,257,106
1077,612102,213,219,111
1078,119101,213,44,14
1079,694104,213,256,128
1080,881302,212,9,2
1081,307401,212,196,151
1082,302303,212,198,77
1083,472401,212,228,111
1084,770303,211,113,63
1085,765104,211,175,109
1086,325103,211,172,48
1087,372208,211,459,36
1088,611102,211,198,48
1089,399205,211,169,116
1090,763201,211,38,6
1091,11404,210,124,28
1092,216301,210,125,72
1093,133316,210,44,19
1094,400402,209,211,98
1095,763203,209,6,4
1096,2003203,209,384,115
1097,242101,209,321,163
1098,133318,208,425,91
1099,252203,208,173,35
1100,392202,208,203,92
1101,148312,208,6,2
1102,228202,208,178,122
1103,90301,208,334,43
1104,595401,208,225,84
1105,144404,208,121,29
1106,820401,208,196,144
1107,336402,207,144,37
1108,675304,207,38,7
1109,742401,207,171,24
1110,28304,207,0,0
1111,768304,206,114,46
1112,372203,206,192,59
1113,829102,206,93,34
1114,430402,206,251,103
1115,328201,205,308,111
1116,141303,205,106,64
1117,252206,205,0,0
1118,389401,205,241,51
1119,188303,204,376,61
1120,328203,204,104,32
1121,749406,204,239,144
1122,821201,203,157,115
1123,25302,203,300,56
1124,821101,203,156,109
1125,869105,203,203,93
1126,141404,203,12,6
1127,558102,202,229,78
1128,694201,202,188,137
1129,148409,201,0,0
1130,743301,201,119,104
1131,409301,201,487,85
1132,12109,201,1062,1
1133,701201,201,77,12
1134,781103,201,175,65
1135,42205,201,153,103
1136,53301,201,183,114
1137,140205,200,8,7
1138,568306,200,333,104
1139,704401,199,12,6
1140,658301,199,240,57
1141,15204,199,28,1
1142,770407,199,221,92
1143,364201,199,200,153
1144,221203,199,243,92
1145,36407,199,62,29
1146,62404,198,52,30
1147,492101,198,379,129
1148,385202,198,97,16
1149,163301,198,249,140
1150,620301,197,154,117
1151,28401,197,200,56
1152,255406,197,89,20
1153,357203,197,15,5
1154,59301,197,184,106
1155,762306,197,54,18
1156,302401,197,145,108
1157,492202,196,184,121
1158,443401,196,124,71
1159,786303,196,202,58
1160,120101,196,226,68
1161,12209,196,75,5
1162,843301,195,353,124
1163,597301,195,287,36
1164,723402,195,146,102
1165,305102,195,241,94
1166,590101,195,162,128
1167,393404,194,107,42
1168,378102,194,630,72
1169,770402,194,200,132
1170,552201,194,161,108
1171,590201,194,196,38
1172,262303,193,163,107
1173,25304,193,88,57
1174,881401,192,147,39
1175,595301,192,291,129
1176,280401,192,180,148
1177,324102,192,299,120
1178,452401,192,169,75
1179,607401,191,140,90
1180,542201,191,230,129
1181,24404,191,340,16
1182,786402,191,127,54
1183,127201,191,82,24
1184,668101,191,102,37
1185,676205,191,56,21
1186,29402,191,61,40
1187,317401,191,137,87
1188,708303,191,47,7
1189,77201,190,0,0
1190,73405,190,158,38
1191,412401,190,330,98
1192,485101,190,170,94
1193,399103,190,139,58
1194,414401,190,247,89
1195,593202,189,100,50
1196,134403,189,309,27
1197,277406,189,79,33
1198,443301,188,247,50
1199,183301,188,118,59
1200,667202,188,52,11
1201,262302,188,234,46
1202,15208,187,55,17
1203,400304,187,191,89
1204,463402,187,136,109
1205,277404,187,173,34
1206,843310,187,83,40
1207,407303,187,9,6
1208,893404,186,3,2
1209,27204,186,108,78
1210,242106,186,135,43
1211,759101,186,150,101
1212,189101,185,134,102
1213,568301,185,182,138
1214,280404,184,203,114
1215,694205,184,40,6
1216,291104,184,287,127
1217,783401,184,69,34
1218,678407,184,369,12
1219,155104,184,68,42
1220,759201,184,175,138
1221,666301,184,264,101
1222,471301,183,152,109
1223,360302,183,138,96
1224,773201,183,66,51
1225,674303,183,307,27
1226,316301,183,371,125
1227,781102,183,88,43
1228,154202,183,117,65
1229,315402,183,166,107
1230,234201,182,162,100
1231,86119,182,186,87
1232,316403,182,350,50
1233,262402,182,228,100
1234,827402,182,154,21
1235,763202,182,20,7
1236,677101,182,218,88
1237,252103,182,105,18
1238,585301,182,253,28
1239,145313,181,108,41
1240,557103,181,267,70
1241,292101,181,202,70
1242,611106,181,66,18
1243,648301,181,181,135
1244,382301,181,757,125
1245,680402,180,205,31
1246,76101,180,7,3
1247,356101,180,155,65
1248,125106,180,3,3
1249,676107,179,3,2
1250,244203,179,130,63
1251,764402,179,51,19
1252,295102,179,202,47
1253,413203,179,151,51
1254,786405,178,124,60
1255,287201,178,192,98
1256,764307,178,40,10
1257,327101,178,176,104
1258,773101,177,120,89
1259,843304,177,159,67
1260,144301,177,144,101
1261,805303,177,134,73
1262,414404,177,65,23
1263,244201,177,371,121
1264,36401,177,156,24
1265,169305,176,67,30
1266,591201,176,151,101
1267,558202,176,193,75
1268,770305,176,234,69
1269,819206,176,168,90
1270,770306,176,201,118
1271,133302,176,183,72
1272,275105,175,203,77
1273,247401,175,193,144
1274,616401,175,125,82
1275,813405,174,72,29
1276,401102,174,448,31
1277,660404,174,31,8
1278,15207,174,21,4
1279,773102,174,69,12
1280,619401,174,149,80
1281,811301,173,84,44
1282,308403,173,148,44
1283,559401,173,181,101
1284,293102,173,131,66
1285,414304,172,306,9
1286,145309,172,244,49
1287,415206,172,66,44
1288,754108,172,46,7
1289,325102,172,91,28
1290,641201,171,121,99
1291,351101,171,142,115
1292,148308,171,0,0
1293,758401,171,144,76
1294,741104,171,5,4
1295,694105,170,170,100
1296,351201,170,190,134
1297,672104,170,134,53
1298,396102,170,215,102
1299,266401,170,165,130
1300,177401,170,125,75
1301,676104,170,55,27
1302,289203,169,166,131
1303,760102,169,86,36
1304,36405,169,82,19
1305,662304,169,81,19
1306,396101,169,229,87
1307,77101,169,130,13
1308,249301,169,484,55
1309,243205,169,539,66
1310,310201,168,161,131
1311,463301,168,212,109
1312,245105,168,87,17
1313,626101,168,185,129
1314,676105,168,37,19
1315,91403,168,51,12
1316,277306,167,129,90
1317,287102,167,186,63
1318,607303,167,163,114
1319,190101,167,204,39
1320,90402,167,152,104
1321,480303,167,67,24
1322,612203,167,168,129
1323,393301,167,166,52
1324,827405,166,133,74
1325,402402,166,239,46
1326,813408,166,57,27
1327,759103,166,170,61
1328,819205,166,159,103
1329,396201,166,174,99
1330,671103,166,39,27
1331,290203,166,176,114
1332,383401,166,136,77
1333,749301,166,150,94
1334,557102,166,122,11
1335,292102,166,186,90
1336,556101,165,257,15
1337,25405,165,64,19
1338,247406,165,156,40
1339,119201,165,49,20
1340,776204,165,32,15
1341,606101,164,140,88
1342,188301,164,249,116
1343,188305,164,220,41
1344,270102,164,132,47
1345,17102,164,59,15
1346,694103,164,194,99
1347,24301,164,115,67
1348,86121,163,167,14
1349,790105,163,166,61
1350,311304,163,161,67
1351,62301,163,32,22
1352,244202,162,157,73
1353,11302,162,142,18
1354,369101,162,84,48
1355,369201,162,164,85
1356,183302,161,87,29
1357,412402,161,10,7
1358,39112,161,17,11
1359,708301,161,124,62
1360,606201,161,154,106
1361,133406,160,164,30
1362,39105,160,85,11
1363,770304,160,123,37
1364,54301,160,126,72
1365,147303,160,69,18
1366,764304,160,109,51
1367,884301,160,333,90
1368,397307,159,153,77
1369,361401,159,140,43
1370,869204,159,50,15
1371,827302,159,220,74
1372,221202,159,278,93
1373,271402,159,119,63
1374,141306,158,2,1
1375,293201,158,117,8
1376,611201,158,99,63
1377,794301,158,191,128
1378,173301,158,140,113
1379,303402,158,169,42
1380,603401,158,226,68
1381,558203,157,103,62
1382,819101,157,181,117
1383,145307,157,44,32
1384,427401,157,79,74
1385,360401,157,197,41
1386,148401,157,50,11
1387,527201,157,138,114
1388,628201,157,121,102
1389,597402,157,240,46
1390,28404,157,34,23
1391,36301,156,94,65
1392,689203,156,206,58
1393,86206,156,142,73
1394,281101,156,167,114
1395,107102,156,151,55
1396,14201,155,0,0
1397,350201,155,153,125
1398,843414,155,160,55
1399,163402,155,123,66
1400,854201,155,216,123
1401,257425,155,206,18
1402,743404,154,101,79
1403,140203,154,3,3
1404,805301,154,87,81
1405,563401,154,92,87
1406,691102,154,169,77
1407,188405,154,143,76
1408,593101,154,82,63
1409,820402,154,129,90
1410,12112,154,96,22
1411,308401,153,90,62
1412,356103,153,158,48
1413,277305,152,139,9
1414,23302,152,64,25
1415,609402,151,141,112
1416,691101,151,158,66
1417,338302,151,137,103
1418,674302,151,49,16
1419,615404,151,110,70
1420,14107,151,35,22
1421,303305,151,85,44
1422,566102,150,167,64
1423,257330,150,150,24
1424,481201,150,126,92
1425,47302,150,44,10
1426,555302,150,77,28
1427,267301,150,161,123
1428,2003104,150,136,43
1429,326401,149,35,9
1430,325203,149,97,28
1431,78101,149,64,31
1432,805403,149,117,87
1433,15211,149,49,11
1434,648401,148,105,81
1435,145405,148,99,31
1436,468302,148,138,62
1437,263201,148,128,95
1438,242104,148,81,32
1439,254102,148,201,66
1440,91303,148,34,21
1441,27205,147,39,25
1442,768401,147,134,105
1443,607404,147,163,70
1444,22303,147,13,8
1445,188407,147,175,71
1446,262301,147,377,102
1447,343102,146,108,61
1448,536301,146,194,121
1449,249401,146,140,102
1450,297201,146,192,50
1451,247405,146,45,20
1452,684401,146,135,113
1453,118101,146,104,25
1454,132202,146,217,61
1455,277405,146,182,65
1456,49401,146,110,49
1457,2003105,146,80,51
1458,463401,145,192,76
1459,242105,145,39,21
1460,276301,145,224,97
1461,754103,145,45,24
1462,418102,145,99,71
1463,39208,145,6,5
1464,252201,145,346,79
1465,247302,144,53,14
1466,130308,144,51,3
1467,685301,144,120,94
1468,24406,144,64,22
1469,257430,144,111,15
1470,79401,144,290,38
1471,242204,143,80,36
1472,387401,143,20,11
1473,136401,143,150,99
1474,547301,143,137,118
1475,295202,143,380,53
1476,843303,142,223,51
1477,745204,142,57,34
1478,872301,142,123,41
1479,53401,142,144,73
1480,708401,142,189,42
1481,609301,142,141,71
1482,152201,142,51,11
1483,843409,141,285,16
1484,415111,141,293,8
1485,414407,141,273,68
1486,287104,141,250,51
1487,843407,140,123,89
1488,527102,140,137,53
1489,481101,140,361,28
1490,415207,140,61,30
1491,723401,140,79,72
1492,177301,140,124,84
1493,864404,140,102,17
1494,674304,139,150,65
1495,86115,139,143,38
1496,145420,139,127,70
1497,674403,139,184,68
1498,145318,139,160,57
1499,591101,138,200,95
1500,694204,138,181,95
1501,243107,138,95,37
1502,237302,138,151,21
1503,147302,138,295,24
1504,244105,138,290,82
1505,747406,138,123,63
1506,169402,138,96,78
1507,243104,137,185,24
1508,756201,137,130,93
1509,401101,137,258,78
1510,303303,137,75,8
1511,84101,137,114,37
1512,843307,136,190,85
1513,237403,136,272,25
1514,387301,136,137,69
1515,248301,136,116,44
1516,567101,136,162,10
1517,821202,136,74,45
1518,775102,136,97,81
1519,843305,136,568,54
1520,468401,136,113,97
1521,240402,135,131,24
1522,291204,135,173,36
1523,12104,135,34,6
1524,819105,135,124,102
1525,457102,135,149,72
1526,225101,135,135,36
1527,414303,135,49,32
1528,743401,135,65,58
1529,492203,135,135,48
1530,527101,134,117,75
1531,49301,134,102,41
1532,745105,134,24,13
1533,761404,134,98,19
1534,593203,134,215,16
1535,133311,134,149,59
1536,133404,134,80,18
1537,292202,133,137,70
1538,768305,133,143,79
1539,281201,133,99,43
1540,637301,133,182,107
1541,84105,133,111,20
1542,51102,133,123,45
1543,480401,133,50,27
1544,227301,133,406,56
1545,147411,133,38,6
1546,792403,133,126,52
1547,674401,132,149,73
1548,550401,132,118,74
1549,86108,132,476,10
1550,57301,132,157,82
1551,843308,132,117,58
1552,662402,132,38,16
1553,620404,132,127,64
1554,516301,132,168,113
1555,47401,131,166,56
1556,671203,131,4,2
1557,662302,131,52,21
1558,277302,131,388,31
1559,536402,131,107,83
1560,256303,131,12,7
1561,820301,131,140,53
1562,97301,131,105,6
1563,612202,131,136,96
1564,770403,130,174,80
1565,705401,130,141,101
1566,843410,130,89,46
1567,745201,130,118,69
1568,333404,130,138,42
1569,144408,130,165,85
1570,577401,130,136,100
1571,519102,130,198,46
1572,503301,130,60,57
1573,433304,130,120,63
1574,820302,130,163,89
1575,668102,130,131,58
1576,258401,129,84,64
1577,511201,129,121,28
1578,492201,129,141,101
1579,801202,129,78,55
1580,819202,129,134,82
1581,677103,129,64,5
1582,155204,128,130,61
1583,188406,128,105,38
1584,627401,128,39,27
1585,707401,128,96,73
1586,481202,128,169,30
1587,593201,128,111,89
1588,25403,127,119,10
1589,227303,127,3511,32
1590,393403,127,317,28
1591,400301,127,101,67
1592,603301,127,198,102
1593,674402,126,47,28
1594,343201,126,190,78
1595,472402,126,140,29
1596,140206,126,3694,23
1597,11402,126,40,5
1598,503401,126,68,54
1599,615405,126,21,13
1600,409402,126,70,23
1601,736401,126,36,34
1602,28403,125,104,13
1603,188302,125,192,60
1604,769111,125,178,36
1605,558105,125,176,69
1606,288201,125,193,84
1607,550304,125,133,80
1608,328102,125,48,11
1609,302402,125,119,50
1610,146303,125,25,13
1611,666401,124,127,71
1612,304101,124,167,49
1613,51105,124,132,51
1614,612205,124,95,59
1615,333303,124,116,60
1616,145328,123,91,30
1617,350203,123,53,32
1618,163401,123,138,68
1619,362103,123,75,37
1620,743302,123,48,39
1621,291201,123,377,83
1622,490103,123,52,42
1623,616301,123,109,94
1624,620401,122,120,104
1625,372106,122,199,68
1626,661401,122,96,55
1627,678408,122,4,4
1628,707301,122,81,27
1629,568305,122,127,66
1630,39219,122,8,3
1631,465101,122,57,26
1632,47303,122,39,22
1633,240407,122,138,65
1634,519101,122,37,27
1635,126301,121,148,95
1636,165101,121,186,87
1637,295201,121,135,44
1638,386205,121,123,78
1639,159401,121,112,38
1640,331401,121,106,79
1641,247404,121,148,43
1642,262403,121,214,18
1643,415203,121,56,4
1644,227403,121,112,75
1645,240404,121,99,31
1646,315401,120,109,95
1647,764406,120,64,38
1648,759202,120,196,54
1649,749304,120,130,90
1650,154102,120,59,18
1651,361404,120,15,8
1652,271301,120,117,34
1653,152101,120,44,25
1654,592101,120,109,79
1655,694202,120,105,70
1656,694102,120,25,3
1657,465201,119,88,78
1658,457202,119,52,42
1659,415104,119,5,4
1660,759102,119,144,31
1661,37303,119,76,12
1662,279103,119,151,28
1663,829208,119,69,27
1664,481103,119,74,53
1665,472403,119,62,19
1666,254201,118,172,81
1667,372101,118,128,95
1668,612101,118,163,84
1669,303403,118,369,45
1670,271303,118,101,49
1671,481102,118,92,26
1672,257426,117,62,24
1673,240307,117,90,28
1674,751202,117,41,27
1675,580404,117,113,88
1676,612103,117,98,56
1677,600301,116,111,92
1678,247403,116,18,6
1679,547401,116,126,103
1680,350202,116,109,62
1681,669401,116,104,69
1682,13405,116,0,0
1683,140103,116,77,25
1684,317303,116,48,18
1685,147403,115,132,52
1686,303405,115,106,63
1687,768403,115,116,30
1688,745106,115,46,23
1689,410302,115,149,73
1690,693402,115,67,48
1691,615312,115,237,20
1692,745102,115,65,7
1693,289103,115,124,74
1694,721201,115,46,32
1695,568402,115,101,71
1696,759203,114,458,35
1697,689201,114,124,67
1698,327201,114,101,82
1699,141406,114,49,31
1700,518101,114,91,63
1701,91401,114,88,64
1702,24402,114,19,6
1703,397402,113,135,49
1704,427301,113,110,89
1705,243202,113,21,11
1706,655403,113,163,56
1707,479301,113,114,86
1708,324101,113,109,93
1709,174201,113,126,27
1710,670102,113,90,43
1711,324201,113,97,84
1712,568302,113,124,88
1713,165103,112,96,68
1714,107201,112,80,71
1715,149302,112,111,63
1716,132103,112,0,0
1717,854101,112,74,35
1718,287203,112,67,18
1719,38203,112,55,20
1720,764308,112,16,8
1721,134402,112,49,36
1722,315302,112,100,69
1723,558204,112,55,32
1724,813407,112,62,6
1725,360402,112,86,61
1726,754207,111,20,16
1727,679404,111,0,0
1728,768301,111,139,79
1729,417302,111,133,32
1730,610203,111,61,45
1731,607403,111,76,52
1732,492103,111,120,69
1733,813302,111,61,17
1734,420301,111,51,44
1735,227302,111,177,29
1736,746405,111,69,42
1737,24305,111,60,28
1738,693301,111,24,18
1739,169306,111,79,32
1740,666403,111,155,62
1741,311402,110,92,62
1742,343202,110,101,44
1743,568401,110,98,80
1744,666302,110,72,38
1745,262404,110,87,61
1746,311404,110,125,49
1747,285202,109,46,9
1748,242206,109,104,29
1749,15110,109,97,20
1750,615313,109,108,23
1751,811402,109,60,25
1752,754102,109,235,12
1753,678308,109,156,56
1754,610202,109,97,48
1755,433404,109,86,71
1756,12108,108,0,0
1757,543302,108,70,55
1758,753104,108,122,49
1759,356203,108,75,54
1760,362104,108,139,48
1761,372110,108,109,91
1762,690202,108,107,72
1763,446103,107,90,40
1764,554301,107,125,87
1765,362101,107,626,28
1766,412303,107,50,16
1767,144402,107,92,30
1768,349102,107,150,45
1769,227402,107,3,2
1770,39104,107,0,0
1771,388201,106,87,59
1772,750202,106,124,36
1773,244107,106,140,66
1774,723403,106,170,49
1775,627301,106,56,25
1776,607304,106,7,7
1777,307302,106,77,41
1778,174101,106,181,42
1779,620403,106,83,60
1780,145402,106,113,60
1781,143401,105,106,71
1782,407405,105,76,29
1783,130304,105,78,37
1784,361304,105,104,57
1785,691202,105,102,53
1786,291102,105,140,32
1787,303302,105,98,54
1788,303404,105,17,5
1789,613204,105,160,68
1790,743304,105,635,23
1791,42103,105,114,48
1792,684302,105,123,42
1793,745107,105,62,36
1794,792303,105,75,40
1795,57402,105,86,12
1796,190201,105,178,59
1797,67302,105,27,8
1798,372104,105,26,7
1799,672205,105,44,25
1800,173405,105,47,21
1801,232302,104,177,65
1802,240301,104,232,75
1803,144308,104,55,12
1804,141403,104,4,3
1805,814101,104,112,41
1806,362204,104,130,28
1807,456101,104,101,88
1808,165203,104,92,45
1809,640201,104,68,44
1810,350104,104,71,52
1811,472303,104,99,56
1812,291103,104,124,44
1813,15107,103,81,10
1814,893409,103,43,24
1815,418206,103,71,62
1816,466401,103,48,13
1817,425301,103,217,58
1818,437301,103,28,21
1819,29401,103,214,40
1820,820303,103,120,61
1821,536302,103,104,68
1822,270202,103,88,37
1823,305103,103,97,52
1824,217101,103,57,25
1825,399106,103,53,37
1826,145314,102,86,41
1827,282301,102,72,50
1828,248307,102,92,77
1829,258301,102,125,83
1830,569301,102,90,54
1831,843413,102,117,36
1832,290102,102,351,34
1833,813404,102,2,2
1834,668202,102,64,38
1835,51106,101,89,44
1836,2003201,101,78,51
1837,827301,101,120,73
1838,343101,101,97,57
1839,612201,101,78,59
1840,333304,101,65,28
1841,626202,100,63,51
1842,450401,100,115,23
1843,792305,100,67,26
1844,679301,100,63,38
1845,145412,100,167,16
1846,843315,100,100,82
1847,85101,100,187,30
1848,280405,100,80,55
1849,255301,100,0,0
1850,75201,100,119,5
1851,279202,100,60,36
1852,277402,100,63,41
1853,147406,99,60,36
1854,229201,99,99,80
1855,403402,99,65,43
1856,516402,99,82,70
1857,552102,99,137,10
1858,15113,99,3,2
1859,155101,98,117,86
1860,884401,98,98,12
1861,433401,97,400,33
1862,402305,97,63,32
1863,338401,97,64,37
1864,753102,97,33,24
1865,873301,97,52,22
1866,20103,97,11,2
1867,607301,97,113,77
1868,141401,97,36,36
1869,527103,97,133,35
1870,280402,97,93,82
1871,843306,96,44,22
1872,608401,96,46,39
1873,255403,96,105,62
1874,387402,96,56,35
1875,223302,96,112,43
1876,754206,96,13,10
1877,569302,96,44,34
1878,148313,96,9,4
1879,159301,96,105,84
1880,37402,96,13,9
1881,819204,96,136,54
1882,843406,95,93,45
1883,2003202,95,146,45
1884,764407,95,9,3
1885,305201,95,85,84
1886,820403,95,79,52
1887,420401,95,85,71
1888,762406,95,4,3
1889,267404,95,88,73
1890,266301,95,98,67
1891,278201,95,64,21
1892,430301,95,141,67
1893,765202,95,48,14
1894,566104,95,52,30
1895,505401,95,104,74
1896,720201,94,63,49
1897,311301,94,99,88
1898,640203,94,35,28
1899,397302,94,154,72
1900,180101,94,147,33
1901,14205,94,108,7
1902,461201,94,100,36
1903,679401,94,67,60
1904,893315,94,63,30
1905,15203,94,21,6
1906,619302,94,195,36
1907,161301,93,108,72
1908,159305,93,75,44
1909,240401,93,125,38
1910,771401,93,25,10
1911,746406,93,25,12
1912,395301,93,155,47
1913,326402,93,28,21
1914,26203,93,104,8
1915,612105,93,106,66
1916,187101,92,71,57
1917,569401,92,84,72
1918,2003204,92,45,35
1919,85102,92,67,6
1920,640202,92,72,37
1921,721101,92,95,76
1922,291202,92,80,48
1923,372210,92,37,11
1924,147305,92,0,0
1925,425401,92,75,60
1926,457201,91,41,38
1927,240303,91,69,42
1928,57302,91,90,16
1929,82105,91,33,17
1930,568404,91,84,36
1931,229101,91,77,54
1932,748102,91,72,66
1933,2004101,90,86,65
1934,403302,90,77,43
1935,813305,90,5,3
1936,638301,90,105,74
1937,362202,90,75,47
1938,397406,90,92,33
1939,666404,90,104,32
1940,592201,89,111,59
1941,25406,89,48,7
1942,619301,89,40,34
1943,768404,89,74,64
1944,262305,89,114,46
1945,446101,89,175,57
1946,805402,89,55,35
1947,240405,89,54,31
1948,843412,89,83,59
1949,232401,89,158,31
1950,416301,89,74,23
1951,328205,89,79,19
1952,748201,89,90,80
1953,159306,89,47,17
1954,747301,88,123,58
1955,338402,88,50,44
1956,747306,88,63,45
1957,287101,88,160,47
1958,716401,88,55,45
1959,633301,87,126,68
1960,86109,87,120,8
1961,12103,87,0,0
1962,12107,87,88,6
1963,2003103,87,61,53
1964,479401,87,81,69
1965,118202,87,51,31
1966,218101,87,200,21
1967,273101,87,248,19
1968,786403,87,33,21
1969,90401,87,85,65
1970,275201,87,57,46
1971,39201,87,87,19
1972,532101,87,108,42
1973,433301,86,34,18
1974,680401,86,75,60
1975,243105,86,79,36
1976,82202,86,50,32
1977,310101,86,85,56
1978,257304,86,0,0
1979,243206,86,27,8
1980,317403,86,169,41
1981,399104,86,645,34
1982,300101,86,50,29
1983,557202,86,19,1
1984,255302,86,1086,14
1985,39110,86,27,8
1986,566203,85,54,47
1987,814102,85,129,12
1988,456103,85,57,26
1989,638401,85,79,56
1990,21403,85,1,1
1991,750201,85,91,31
1992,519201,85,75,64
1993,75202,85,18,6
1994,350102,85,76,51
1995,490102,85,29,20
1996,86211,85,85,75
1997,756101,85,172,63
1998,11401,85,6,2
1999,362102,85,105,24
2000,612206,85,58,30
2001,333302,85,79,53
2002,568405,85,78,57
2003,132106,84,27,18
2004,265202,84,79,21
2005,410402,84,88,21
2006,58301,84,50,46
2007,549401,84,218,56
2008,457103,84,32,29
2009,128101,84,51,10
2010,611206,84,51,19
2011,801203,84,13,10
2012,554401,84,61,50
2013,811401,84,84,27
2014,289202,83,106,56
2015,190102,83,60,52
2016,741201,83,64,45
2017,304201,83,70,59
2018,532102,83,84,34
2019,303301,83,128,45
2020,768303,83,79,58
2021,133402,83,218,26
2022,801101,83,48,39
2023,385101,83,141,58
2024,760101,83,85,48
2025,146404,83,38,34
2026,749407,83,61,16
2027,669301,83,250,22
2028,227304,82,76,16
2029,244103,82,25,11
2030,248401,82,76,62
2031,417411,82,25,17
2032,786306,82,17,12
2033,414402,82,90,32
2034,132107,82,88,45
2035,257429,82,15,3
2036,516401,82,73,62
2037,770307,82,98,49
2038,896401,82,109,33
2039,2025101,82,98,59
2040,410304,82,75,7
2041,2003107,82,111,30
2042,598101,81,155,16
2043,333402,81,63,23
2044,426301,81,66,57
2045,151101,81,78,72
2046,397403,81,70,33
2047,155203,81,63,33
2048,593102,81,47,11
2049,126401,81,66,58
2050,620302,81,69,33
2051,15210,80,22,9
2052,662303,80,65,23
2053,484202,80,74,32
2054,716403,80,24,16
2055,12208,80,11,4
2056,655401,80,84,16
2057,333401,80,97,55
2058,761305,80,0,0
2059,679308,80,9,6
2060,2003102,80,81,48
2061,689101,79,61,54
2062,742301,79,78,4
2063,496201,79,64,25
2064,311403,79,65,42
2065,234101,79,106,56
2066,29302,79,40,23
2067,2014401,79,22,22
2068,490201,79,45,45
2069,557203,79,38,24
2070,2004201,79,41,33
2071,480302,79,59,48
2072,805401,78,36,34
2073,89103,78,81,19
2074,26101,78,128,59
2075,257424,78,90,6
2076,527203,78,63,16
2077,610105,78,28,18
2078,577302,78,94,63
2079,430302,78,100,42
2080,669403,78,82,10
2081,689202,78,46,39
2082,466301,78,105,18
2083,619402,78,164,16
2084,437401,78,51,35
2085,472301,78,33,23
2086,399105,77,35,24
2087,350204,77,57,42
2088,386204,77,59,47
2089,480301,77,128,49
2090,893319,77,897,3
2091,360301,77,105,68
2092,716301,77,192,11
2093,187201,77,50,32
2094,550404,77,242,18
2095,326301,77,94,65
2096,288202,76,75,25
2097,252101,76,84,23
2098,145431,76,70,11
2099,615311,76,22,19
2100,546101,76,43,29
2101,455101,76,93,57
2102,257428,76,0,0
2103,372205,76,53,40
2104,238103,76,349,12
2105,457101,76,305,28
2106,900401,76,24,18
2107,433402,76,59,13
2108,675301,76,94,71
2109,752301,76,67,56
2110,154101,76,79,62
2111,611101,75,79,24
2112,279204,75,32,15
2113,665401,75,71,53
2114,764404,75,12,8
2115,12111,75,68,9
2116,805302,75,12,9
2117,430401,75,78,67
2118,505301,75,80,42
2119,420403,75,48,42
2120,328204,75,43,15
2121,609401,74,63,32
2122,328105,74,41,27
2123,659101,74,6543,22
2124,163302,74,58,32
2125,743303,74,27,25
2126,240403,74,47,26
2127,399202,74,37,34
2128,147309,74,50,23
2129,228201,74,73,41
2130,433302,74,74,51
2131,27102,74,367,11
2132,433403,74,51,49
2133,417404,73,35,17
2134,417410,73,30,4
2135,399107,73,38,30
2136,350103,73,30,13
2137,827406,73,71,36
2138,577301,73,79,67
2139,411202,73,73,24
2140,39214,73,50,6
2141,598201,73,32,21
2142,154201,73,42,23
2143,612204,73,60,47
2144,770406,73,30,23
2145,361301,72,66,60
2146,280305,72,89,58
2147,455201,72,89,33
2148,676101,72,32,14
2149,407402,72,25,11
2150,410403,72,115,29
2151,611205,72,55,23
2152,161402,72,31,5
2153,612106,72,72,54
2154,615413,72,21,14
2155,611202,72,9,3
2156,27203,72,26,13
2157,580401,71,67,45
2158,393401,71,75,45
2159,396202,71,65,47
2160,801102,71,5,5
2161,147410,71,35,15
2162,26102,71,85,52
2163,62304,71,64,20
2164,689103,71,69,46
2165,492102,71,72,27
2166,19401,71,48,28
2167,881304,71,13,7
2168,659201,71,14,11
2169,747302,70,510,18
2170,2014402,70,181,13
2171,279201,70,179,30
2172,516302,70,89,53
2173,133313,70,39,12
2174,161303,70,39,5
2175,626201,70,26,22
2176,67402,70,15,12
2177,843411,70,72,38
2178,417311,70,3,2
2179,290201,69,43,20
2180,527202,69,34,20
2181,607402,69,10,8
2182,275103,69,86,44
2183,2025201,69,72,52
2184,457203,69,68,9
2185,291203,69,62,30
2186,768402,69,47,26
2187,165104,68,54,38
2188,118102,68,44,41
2189,386101,68,47,28
2190,743403,68,24,22
2191,141405,68,3692,18
2192,550403,68,207,11
2193,679307,68,8,3
2194,252202,67,76,31
2195,145310,67,4,2
2196,765203,67,45,27
2197,532201,67,60,52
2198,765102,67,31,4
2199,188307,67,72,15
2200,145410,67,91,5
2201,801103,67,3,3
2202,417313,67,16,4
2203,613107,67,63,22
2204,159303,67,54,22
2205,615411,67,48,20
2206,366101,67,85,57
2207,669304,67,47,4
2208,761302,66,88,29
2209,753204,66,25,10
2210,189106,66,16,5
2211,134401,66,59,40
2212,615407,66,8,7
2213,615401,66,56,48
2214,317402,66,11,10
2215,392201,66,42,14
2216,144304,66,15,5
2217,843402,66,70,30
2218,2003205,66,105,32
2219,549301,65,51,26
2220,311302,65,65,31
2221,145329,65,19,7
2222,86101,65,241,22
2223,2014302,65,424,7
2224,386202,65,44,10
2225,392102,65,65,46
2226,723301,65,58,39
2227,490203,65,2,1
2228,290101,65,65,31
2229,703401,65,59,32
2230,300201,65,57,51
2231,399201,65,39,37
2232,811302,65,28,7
2233,305202,65,80,35
2234,232402,65,296,45
2235,615410,65,47,22
2236,668201,64,59,26
2237,125101,64,58,16
2238,437402,64,17,2
2239,611104,64,8,7
2240,674305,64,17,9
2241,661301,64,52,40
2242,620303,64,19,16
2243,326302,64,61,33
2244,225202,64,60,20
2245,311303,64,62,29
2246,145427,63,48,4
2247,490202,63,1,1
2248,295101,63,68,15
2249,745202,63,83,35
2250,147304,63,17,4
2251,252208,63,2,1
2252,667102,63,42,11
2253,188401,63,67,37
2254,26204,63,15,11
2255,59401,63,141,44
2256,2014301,62,24,23
2257,301201,62,82,45
2258,435201,62,66,21
2259,279102,62,197,15
2260,252106,62,31,14
2261,819203,62,26,22
2262,894301,62,52,49
2263,753203,62,64,51
2264,288102,62,83,34
2265,615310,62,35,18
2266,145304,62,53,34
2267,581301,62,77,45
2268,378201,62,65,15
2269,446102,62,30,25
2270,302302,62,39,22
2271,252107,61,159,9
2272,558201,61,198,18
2273,356202,61,185,16
2274,141301,61,72,31
2275,568406,61,79,49
2276,704301,61,50,27
2277,267303,61,146,49
2278,247305,61,33,13
2279,566202,61,21,12
2280,17104,61,82,30
2281,189206,61,28,15
2282,568304,61,42,32
2283,609302,61,92,44
2284,328103,61,37,21
2285,414306,61,46,26
2286,145411,61,64,13
2287,125207,61,78,17
2288,753202,60,43,39
2289,626102,60,40,33
2290,302301,60,93,38
2291,145305,60,34,3
2292,311401,60,91,19
2293,607302,60,72,47
2294,437302,60,15,5
2295,275102,60,65,28
2296,251101,60,5,3
2297,893312,60,6,5
2298,132203,60,56,28
2299,415108,60,361,18
2300,801201,59,10,6
2301,3517403,59,61,17
2302,68401,59,33,23
2303,556201,59,16,11
2304,395401,59,125,48
2305,418101,59,44,10
2306,400404,59,38,20
2307,147408,59,0,0
2308,406101,59,37,26
2309,461101,59,32,19
2310,173404,59,7031,16
2311,546201,58,30,22
2312,62302,58,16,7
2313,543301,58,25,10
2314,545301,58,66,33
2315,775101,58,25,14
2316,620402,58,25,19
2317,611203,58,51,10
2318,611204,58,14,13
2319,843302,58,44,23
2320,456202,58,58,36
2321,33302,58,9,4
2322,768302,58,60,45
2323,598202,58,15,7
2324,20101,58,36,17
2325,86116,58,58,30
2326,134304,58,41,25
2327,103102,57,26,5
2328,221102,57,73,21
2329,267402,57,213,36
2330,147308,57,52,18
2331,900301,57,18,15
2332,418207,57,14,12
2333,741106,57,62,41
2334,679305,57,72,40
2335,746404,57,52,5
2336,819103,57,53,27
2337,747303,57,2,1
2338,678307,57,30,22
2339,814201,57,13,12
2340,133305,57,45,16
2341,417408,56,4,2
2342,690201,56,68,46
2343,145406,56,86,20
2344,141407,56,18,7
2345,86214,56,81,18
2346,143402,56,62,43
2347,331301,56,47,18
2348,337201,56,52,49
2349,25303,56,3,2
2350,221104,56,106,18
2351,58302,56,31,11
2352,610204,56,38,26
2353,275203,55,45,21
2354,426401,55,72,41
2355,395402,55,61,17
2356,125201,55,120,12
2357,615403,55,33,29
2358,751102,55,15,2
2359,41201,55,55,51
2360,86105,55,38,7
2361,130404,55,42,11
2362,311305,55,56,38
2363,550402,55,39,24
2364,634401,54,41,37
2365,615309,54,9,8
2366,634301,54,50,40
2367,133309,54,75,35
2368,86209,54,26,17
2369,133401,54,42,30
2370,749302,54,28,15
2371,468301,54,84,40
2372,359201,54,53,47
2373,722101,54,58,36
2374,364101,54,22,6
2375,180201,54,33,13
2376,173304,54,13,4
2377,613105,54,110,36
2378,683201,54,42,34
2379,232303,54,26,10
2380,145430,54,16,7
2381,775201,54,45,45
2382,640102,54,43,31
2383,770301,54,62,44
2384,254101,53,64,38
2385,410301,53,69,22
2386,674405,53,0,0
2387,26108,53,7,3
2388,87402,53,61,10
2389,322201,53,34,14
2390,399203,53,25,16
2391,275204,53,47,31
2392,147301,53,53,9
2393,578401,53,61,46
2394,749306,53,48,12
2395,420302,53,8,8
2396,276403,53,50,17
2397,337101,52,52,44
2398,751103,52,28,20
2399,723303,52,53,26
2400,864302,52,91,7
2401,145308,52,38,18
2402,401206,52,189,19
2403,92301,52,63,47
2404,86120,52,266,11
2405,145323,52,7,4
2406,324202,52,63,38
2407,615402,52,35,16
2408,120202,52,59,25
2409,130302,52,66,29
2410,165102,52,52,13
2411,615408,52,26,10
2412,695201,52,52,45
2413,615315,52,34,22
2414,84104,51,49,5
2415,496101,51,34,31
2416,613206,51,60,8
2417,26208,51,22,19
2418,23402,51,15,8
2419,545401,51,62,36
2420,188402,51,62,10
2421,446203,51,27,24
2422,417305,51,2,2
2423,819104,51,101,27
2424,188306,51,106,21
2425,232301,51,78,43
2426,361402,50,23,14
2427,672102,50,7,5
2428,59402,50,82,20
2429,262304,50,37,12
2430,741202,50,25,10
2431,257423,50,50,7
2432,758301,50,26,19
2433,420303,50,223,31
2434,148302,50,44,13
2435,386102,50,56,28
2436,86106,50,87,21
2437,752401,50,45,36
2438,401204,50,51,27
2439,593104,50,26,11
2440,615406,50,0,0
2441,362203,50,19,11
2442,28405,49,38,21
2443,666402,49,58,32
2444,655301,49,36,25
2445,311306,49,55,28
2446,372108,49,50,28
2447,59302,49,51,24
2448,843415,49,58,12
2449,190202,49,56,19
2450,806201,49,41,36
2451,424401,49,48,43
2452,267403,49,53,41
2453,194201,49,39,10
2454,683102,48,83,25
2455,257322,48,28,19
2456,173401,48,21,20
2457,746301,48,33,9
2458,241402,48,44,25
2459,86102,48,11,2
2460,249303,48,26,14
2461,760201,48,67,15
2462,743402,48,594,7
2463,356102,48,48,22
2464,768405,48,51,39
2465,399204,48,25,21
2466,678402,48,79,21
2467,254203,48,42,6
2468,263101,48,53,39
2469,228103,48,46,12
2470,531401,48,57,25
2471,145404,47,128,26
2472,446202,47,34,21
2473,86205,47,24,15
2474,130403,47,10,5
2475,749404,47,12,4
2476,613201,47,2388,29
2477,666304,47,37,30
2478,747305,47,4,4
2479,747304,47,2,2
2480,188404,47,32,6
2481,553105,47,49,34
2482,194101,47,41,28
2483,678401,47,89,20
2484,456201,47,25,19
2485,26201,47,21,16
2486,741204,47,24,11
2487,145417,47,52,42
2488,675405,47,9,7
2489,416402,46,10,8
2490,280302,46,59,34
2491,21302,46,0,0
2492,402404,46,16,14
2493,615303,46,23,12
2494,244106,46,53,25
2495,238202,46,7,3
2496,633401,46,38,29
2497,559301,46,42,20
2498,802301,46,35,28
2499,25306,46,34,6
2500,238101,46,72,28
2501,575101,46,47,34
2502,149301,46,81,28
2503,144305,45,25,11
2504,417405,45,5,2
2505,132102,45,57,7
2506,386203,45,343,12
2507,424301,45,48,40
2508,582401,45,47,39
2509,615314,45,9,7
2510,86103,45,32,7
2511,151201,45,52,30
2512,350101,45,28,28
2513,416302,45,181,9
2514,244104,45,27,13
2515,87302,45,16,7
2516,39116,45,19,7
2517,749402,44,28,13
2518,86201,44,8,2
2519,145331,44,40,12
2520,51202,44,27,14
2521,569402,44,25,15
2522,182401,44,41,19
2523,543403,44,5,4
2524,417304,44,0,0
2525,553203,44,70,29
2526,677102,44,30,4
2527,12106,44,35,10
2528,746306,44,16,6
2529,2003106,43,56,21
2530,641202,43,47,27
2531,615409,43,6,3
2532,288101,43,77,29
2533,746307,43,39,23
2534,311406,43,43,28
2535,418202,43,64,33
2536,51103,43,23,15
2537,173402,43,43,5
2538,62303,43,32,23
2539,456203,43,60,21
2540,240304,43,29,8
2541,765103,43,3,3
2542,149401,43,35,33
2543,680302,43,24,19
2544,289102,42,51,36
2545,155103,42,22,17
2546,361403,42,3,2
2547,254104,42,52,20
2548,279104,42,85,17
2549,613102,42,32,23
2550,148405,42,1,1
2551,120102,42,43,22
2552,410404,42,33,14
2553,819106,42,40,25
2554,550303,42,29,12
2555,21303,42,0,0
2556,754202,41,15,3
2557,86221,41,30,6
2558,894401,41,31,28
2559,132205,41,37,12
2560,490101,41,7,4
2561,615308,41,9,9
2562,244204,41,25,12
2563,615306,41,54,7
2564,26207,41,41,25
2565,420402,41,29,21
2566,600402,41,31,13
2567,402303,41,358,16
2568,145407,41,79,10
2569,415107,41,29,6
2570,864301,41,50,7
2571,257323,40,1,1
2572,610205,40,43,33
2573,752402,40,27,16
2574,136304,40,213,12
2575,764302,40,23,19
2576,287204,40,56,16
2577,159406,40,36,34
2578,783301,40,6,6
2579,401104,40,23,14
2580,273201,40,29,19
2581,480402,40,22,8
2582,15116,40,14,11
2583,581401,40,38,36
2584,615414,40,90,8
2585,27201,39,299,10
2586,687301,39,25,14
2587,275205,39,293,11
2588,278101,39,70,26
2589,73303,39,55,25
2590,580301,39,29,13
2591,386103,39,39,22
2592,390301,39,47,25
2593,223402,39,28,20
2594,599301,39,37,19
2595,267304,39,48,22
2596,450301,39,53,23
2597,24302,39,31,14
2598,74202,39,10,2
2599,580304,39,33,29
2600,290202,39,41,19
2601,248306,39,68,19
2602,28406,39,9,8
2603,361302,39,14,6
2604,133410,39,35,19
2605,2003206,38,35,30
2606,15115,38,14,4
2607,640103,38,36,24
2608,149402,38,27,15
2609,133409,38,37,22
2610,90302,38,41,18
2611,165202,38,35,20
2612,640101,38,39,22
2613,143301,38,42,35
2614,86104,38,9,5
2615,359202,38,31,21
2616,196201,38,32,16
2617,519202,38,25,11
2618,678301,38,69,24
2619,418205,37,33,19
2620,417407,37,0,0
2621,802401,37,13,12
2622,86216,37,27,13
2623,662404,37,39,17
2624,610102,37,53,32
2625,402304,37,8,5
2626,577402,37,31,28
2627,39111,37,0,0
2628,240308,37,22,13
2629,125204,37,1,1
2630,130407,37,20,18
2631,893314,37,48,7
2632,338301,37,19,17
2633,43103,37,45,29
2634,445401,37,26,8
2635,382401,37,9,8
2636,613207,37,3,3
2637,463302,37,16,13
2638,73304,37,22,5
2639,12207,37,0,0
2640,518201,36,13,13
2641,864403,36,39,15
2642,401205,36,15,13
2643,615307,36,15,10
2644,257417,36,21,4
2645,133312,36,13,8
2646,542101,36,17,9
2647,683101,36,33,29
2648,143302,36,18,11
2649,390401,36,13,7
2650,814202,36,59,14
2651,257427,36,2,1
2652,567203,36,48,23
2653,838107,36,10,2
2654,610103,36,34,22
2655,322101,36,23,21
2656,240305,35,23,16
2657,641204,35,25,19
2658,277401,35,31,30
2659,133317,35,30,12
2660,28302,35,0,0
2661,223301,35,45,32
2662,41103,35,35,23
2663,693401,35,34,19
2664,148315,35,0,0
2665,275101,35,33,25
2666,15108,34,29,7
2667,418103,34,27,11
2668,610201,34,8,7
2669,62403,34,37,11
2670,665301,34,51,22
2671,188304,34,20,17
2672,578301,34,25,22
2673,417301,34,1,1
2674,267302,34,38,27
2675,567204,34,21,14
2676,580403,34,34,30
2677,133308,34,70,20
2678,197202,34,34,15
2679,257406,34,44,5
2680,612104,34,34,23
2681,14202,33,0,0
2682,678304,33,76,16
2683,372207,33,33,28
2684,402302,33,36,19
2685,262401,33,33,29
2686,683202,33,46,13
2687,580302,33,33,22
2688,682401,33,20,18
2689,359104,33,40,20
2690,81202,33,13,6
2691,386104,33,310,10
2692,145326,33,19,11
2693,641103,32,45,26
2694,74204,32,39,8
2695,86204,32,79,9
2696,252102,32,0,0
2697,290103,32,99,14
2698,144401,32,34,19
2699,407301,32,25,10
2700,248404,32,26,25
2701,568403,32,20,8
2702,582302,32,32,29
2703,146405,32,28,16
2704,14106,32,8,2
2705,17203,32,11,7
2706,302403,32,29,12
2707,468402,32,32,19
2708,417416,32,33,12
2709,361303,31,13,5
2710,2003101,31,21,13
2711,746402,31,31,23
2712,134302,31,1,1
2713,42102,31,22,10
2714,280304,31,36,26
2715,159304,31,8,4
2716,558104,31,15,9
2717,27202,31,10,8
2718,372201,31,29,25
2719,141302,31,5,2
2720,703301,31,32,25
2721,37403,31,10,3
2722,240302,31,54,17
2723,27105,31,8,6
2724,15215,31,1,1
2725,407305,31,66,16
2726,148406,31,0,0
2727,667101,31,1,1
2728,257305,31,0,0
2729,680301,31,29,21
2730,133411,30,137,11
2731,550302,30,24,16
2732,687402,30,25,20
2733,531301,30,22,12
2734,280403,30,21,20
2735,165204,30,15,15
2736,26205,30,21,6
2737,86220,30,17,6
2738,446201,30,16,15
2739,57401,30,23,13
2740,666303,30,59,14
2741,582402,29,25,19
2742,134301,29,0,0
2743,247303,29,21,7
2744,159405,29,31,14
2745,159302,29,24,23
2746,754101,29,27,17
2747,532202,29,15,10
2748,328101,29,48,13
2749,145408,29,255,10
2750,628101,29,79,7
2751,366201,29,29,28
2752,142401,29,26,20
2753,415204,29,70,7
2754,86215,28,10,4
2755,764301,28,27,18
2756,806203,28,18,11
2757,196101,28,45,15
2758,257411,28,0,0
2759,255305,28,20,7
2760,374201,28,33,20
2761,843311,28,29,18
2762,280303,28,19,14
2763,372202,28,35,17
2764,386105,28,5,3
2765,386201,28,21,18
2766,402403,28,0,0
2767,248402,28,27,9
2768,414301,27,36,7
2769,662301,27,33,24
2770,27206,27,14,10
2771,372105,27,21,18
2772,24405,27,8,6
2773,12206,27,7,2
2774,859101,27,24,19
2775,445301,27,12,7
2776,248403,27,15,8
2777,401103,27,17,7
2778,693302,27,24,14
2779,145424,27,3,3
2780,896301,27,17,16
2781,741102,27,57,8
2782,754106,27,5,3
2783,843416,27,23,12
2784,775202,27,32,26
2785,746310,27,38,16
2786,893401,26,24,13
2787,267401,26,24,23
2788,747405,26,17,14
2789,754107,26,17,3
2790,806204,26,11,8
2791,568303,26,16,9
2792,704402,26,25,14
2793,806105,26,0,0
2794,232403,26,22,18
2795,359103,26,42,10
2796,142402,26,47,8
2797,697401,26,5,4
2798,130305,26,29,8
2799,613203,26,4,4
2800,333301,26,19,15
2801,418204,26,12,11
2802,133408,26,35,10
2803,620304,26,27,22
2804,26104,26,32,12
2805,62401,25,20,13
2806,145413,25,64,3
2807,74203,25,21,7
2808,2030301,25,24,22
2809,144407,25,32,6
2810,159402,25,25,11
2811,366102,25,22,14
2812,2029201,25,23,8
2813,2003207,25,28,17
2814,25401,25,25,10
2815,786401,25,25,23
2816,125107,25,7,6
2817,2029102,25,31,14
2818,132207,25,21,10
2819,613205,24,7,4
2820,133413,24,37,6
2821,133310,24,40,13
2822,480403,24,26,19
2823,99301,24,26,21
2824,257409,24,1,1
2825,197101,24,31,17
2826,145429,24,0,0
2827,103201,24,20,17
2828,148407,24,6,1
2829,275104,24,28,10
2830,133418,24,29,12
2831,687302,24,24,16
2832,257321,24,1,1
2833,145327,24,26,7
2834,257312,24,24,6
2835,687403,24,24,20
2836,411105,24,10,4
2837,25301,24,12,11
2838,42106,23,14,7
2839,148414,23,16,10
2840,417401,23,11,10
2841,197102,23,20,11
2842,752302,23,30,13
2843,86112,23,23,4
2844,255306,23,40,13
2845,257410,23,5,5
2846,418203,23,29,10
2847,392101,23,27,20
2848,145324,22,0,0
2849,349202,22,19,11
2850,145319,22,18,8
2851,133306,22,16,5
2852,682301,22,21,16
2853,859201,22,24,18
2854,84206,22,11,4
2855,144307,22,0,0
2856,43101,22,19,18
2857,176401,22,20,19
2858,716404,22,5,5
2859,257311,22,22,8
2860,247308,22,5,4
2861,749405,22,17,12
2862,241303,22,40,11
2863,2030401,22,21,20
2864,197201,22,10,9
2865,39213,22,8,5
2866,221204,22,13,12
2867,864303,21,15,7
2868,746410,21,4,2
2869,402405,21,241,5
2870,28402,21,5,3
2871,615316,21,10,10
2872,133301,21,22,11
2873,166101,21,29,20
2874,26103,21,16,8
2875,687401,21,29,15
2876,417412,21,21,4
2877,754201,21,11,11
2878,786305,20,18,1
2879,100301,20,23,2
2880,553101,20,31,17
2881,553205,20,18,16
2882,566101,20,21,20
2883,86107,20,288,12
2884,228104,20,22,13
2885,550301,20,7,1
2886,667204,20,3,2
2887,147402,20,13,7
2888,397306,20,10,8
2889,753103,20,21,12
2890,27101,20,14,7
2891,221103,20,23,14
2892,107101,20,31,16
2893,678306,20,22,9
2894,248305,19,20,15
2895,433303,19,8,4
2896,401203,19,11,6
2897,746401,19,18,14
2898,25305,19,0,0
2899,133415,19,10,6
2900,641102,19,20,16
2901,15209,19,8,1
2902,769204,19,29,4
2903,13305,19,15,4
2904,575201,19,15,14
2905,12105,19,1,1
2906,14101,19,7,4
2907,147312,19,15,7
2908,257416,19,0,0
2909,687303,19,24,19
2910,257422,19,19,3
2911,145419,19,17,16
2912,86218,18,11,11
2913,738101,18,12,12
2914,289101,18,23,18
2915,678405,18,15,8
2916,806205,18,23,10
2917,769101,18,18,15
2918,186201,18,18,12
2919,641101,18,17,13
2920,51104,18,29,8
2921,24403,18,26,7
2922,166201,18,7,4
2923,257302,18,19,3
2924,372107,18,13,7
2925,257326,18,30,7
2926,257327,18,47,4
2927,127101,18,2,2
2928,12203,18,10,5
2929,417315,17,0,0
2930,687404,17,12,10
2931,417308,17,0,0
2932,257303,17,1,1
2933,641203,17,27,13
2934,133414,17,7,4
2935,39205,17,13,5
2936,145321,17,13,4
2937,182301,17,17,13
2938,15106,17,214,2
2939,553103,17,13,11
2940,746305,17,1,1
2941,36304,17,0,0
2942,843314,17,6,5
2943,133412,17,15,5
2944,252108,17,12,9
2945,159403,17,8,7
2946,26105,17,15,6
2947,257418,17,17,4
2948,667203,17,14,6
2949,86219,16,11,5
2950,615302,16,14,12
2951,553204,16,17,11
2952,873401,16,5,5
2953,790203,16,14,14
2954,790202,16,14,6
2955,146402,16,10,6
2956,51203,16,9,5
2957,705301,16,26,4
2958,84202,16,2,1
2959,257320,16,20,4
2960,406203,16,0,0
2961,173302,16,16,5
2962,414406,16,5,4
2963,864402,16,16,10
2964,760202,16,3,2
2965,843313,16,24,10
2966,753101,16,40,4
2967,62402,16,16,10
2968,15109,15,13,6
2969,553201,15,12,10
2970,79302,15,13,3
2971,679304,15,17,12
2972,418104,15,4,3
2973,241401,15,10,6
2974,738202,15,33,2
2975,82206,15,124,6
2976,893313,15,0,0
2977,14105,15,15,2
2978,769205,15,8,1
2979,257419,15,20,4
2980,747401,15,10,10
2981,14104,15,10,4
2982,27106,15,8,8
2983,418106,15,9,9
2984,610101,15,15,13
2985,13401,15,20,2
2986,393304,15,8,3
2987,769102,15,3,2
2988,635401,15,6,4
2989,86117,15,12,7
2990,13302,14,0,0
2991,582301,14,16,14
2992,86207,14,9,8
2993,333403,14,18,8
2994,864401,14,14,10
2995,73401,14,12,10
2996,418105,14,14,5
2997,679302,14,14,5
2998,81101,14,13,8
2999,39206,14,18,6
3000,39113,14,5,3
3001,613106,14,8,6
3002,580402,14,18,11
3003,257420,14,14,3
3004,145303,14,13,2
3005,38101,14,6,4
3006,37405,14,17,3
3007,13402,14,6,2
3008,15102,13,2,2
3009,679306,13,6,6
3010,26206,13,19,5
3011,145316,13,10,9
3012,763103,13,5,4
3013,166202,13,7,5
3014,248304,13,3,2
3015,893408,13,1738,3
3016,176301,13,17,12
3017,58401,13,8,7
3018,186101,13,12,6
3019,747402,13,11,3
3020,769208,13,15,5
3021,39203,13,0,0
3022,14103,12,19,6
3023,15114,12,0,0
3024,39103,12,0,0
3025,893407,12,11,9
3026,679303,12,10,7
3027,146305,12,8,7
3028,257319,12,13,9
3029,764408,12,8,7
3030,145301,12,14,11
3031,12205,12,112,3
3032,580303,12,15,9
3033,12204,12,2,2
3034,257403,12,12,5
3035,613101,12,16,12
3036,679408,12,4,4
3037,133417,12,3,3
3038,769108,11,13,1
3039,615415,11,2,2
3040,754208,11,21,5
3041,133307,11,0,0
3042,615416,11,7,6
3043,374101,11,14,7
3044,553102,11,5,4
3045,142301,11,36,8
3046,408101,11,12,7
3047,411201,11,256,2
3048,613104,11,4,3
3049,257301,11,13,3
3050,749303,11,6,4
3051,12202,11,3,2
3052,566204,11,13,8
3053,12201,11,5,3
3054,39119,11,0,0
3055,790104,11,14,7
3056,695101,11,9,9
3057,257306,11,3,2
3058,769106,10,12,5
3059,769103,10,4,3
3060,144406,10,64,4
3061,25404,10,3,2
3062,145302,10,6,4
3063,257329,10,10,3
3064,147407,10,1,1
3065,388101,10,29,9
3066,746309,10,10,3
3067,145426,10,1,1
3068,747403,10,2,2
3069,145401,10,10,9
3070,39109,10,10,6
3071,872401,10,4,2
3072,893406,10,8,4
3073,610206,10,10,7
3074,17103,10,18,3
3075,806101,10,10,10
3076,132201,10,10,10
3077,567105,10,11,10
3078,567103,10,6,1
3079,120201,9,8,5
3080,86208,9,7,5
3081,372109,9,5,1
3082,14102,9,3,3
3083,132101,9,14,9
3084,166102,9,4,3
3085,553104,9,6,4
3086,769107,9,8,1
3087,769210,9,8,7
3088,221101,9,12,8
3089,43203,9,1,1
3090,690102,9,7,4
3091,225102,9,8,7
3092,225201,9,8,2
3093,39218,9,3,3
3094,257325,9,7,5
3095,145428,9,0,0
3096,39204,9,1,1
3097,144302,9,34,4
3098,635301,9,17,5
3099,142302,9,2,2
3100,24303,9,3,3
3101,86114,9,1,1
3102,418201,9,6,6
3103,408201,9,11,4
3104,764303,9,8,4
3105,769206,8,8,3
3106,257310,8,8,2
3107,39212,8,8,8
3108,36307,8,2,1
3109,741101,8,3,3
3110,241302,8,5,3
3111,27104,8,7,4
3112,747404,8,1,1
3113,165201,8,10,4
3114,769207,8,7,3
3115,145415,8,2,2
3116,146401,8,7,7
3117,366202,8,8,7
3118,417403,7,7,5
3119,3517302,7,7,5
3120,39115,7,1,1
3121,99401,7,5,2
3122,89204,7,7,3
3123,372204,7,6,3
3124,73404,7,13,2
3125,39102,7,11,5
3126,147401,7,13,4
3127,806102,7,7,4
3128,372206,7,9,6
3129,42204,7,2,2
3130,145416,7,4,3
3131,687304,7,2,2
3132,73402,7,6,4
3133,147412,7,2,2
3134,257316,6,3,3
3135,39118,6,0,0
3136,769105,6,1,1
3137,145315,6,6,5
3138,86111,6,6,6
3139,567202,6,5,3
3140,655302,6,11,1
3141,17202,6,6,2
3142,257415,6,0,0
3143,411104,5,5,2
3144,37301,5,16,3
3145,602301,5,6,5
3146,3517301,5,2,2
3147,14207,5,0,0
3148,14208,5,0,0
3149,38105,5,1,1
3150,2029202,5,5,4
3151,864304,5,5,4
3152,14204,5,23,1
3153,92402,5,1,1
3154,769104,5,0,0
3155,107202,5,4,4
3156,769203,5,3,2
3157,753105,5,6,5
3158,86212,5,5,5
3159,39114,5,4,1
3160,133303,5,5,2
3161,255402,5,1,1
3162,843316,4,2,2
3163,159404,4,8,1
3164,679407,4,1,1
3165,843403,4,1,1
3166,786307,4,4,3
3167,769211,4,2,1
3168,39217,4,0,0
3169,238203,4,3,3
3170,418107,4,4,3
3171,100401,4,4,1
3172,89101,4,4,2
3173,257308,4,2,2
3174,257313,4,4,1
3175,82205,4,0,0
3176,76201,4,4,3
3177,73403,4,4,3
3178,146304,4,4,4
3179,86210,4,5,4
3180,37404,4,0,0
3181,655303,4,3,3
3182,89102,4,4,1
3183,257324,4,14,4
3184,73301,3,3,2
3185,21301,3,0,0
3186,3517402,3,3,3
3187,145418,3,1,1
3188,769110,3,2,2
3189,679405,3,1,1
3190,39107,3,3,3
3191,257307,3,2,2
3192,790103,3,0,0
3193,257309,3,3,1
3194,39101,3,4,3
3195,37406,3,2,1
3196,893320,3,5,2
3197,132204,3,2,2
3198,39211,3,1,1
3199,39215,3,2,2
3200,36303,3,0,0
3201,567201,3,1,1
3202,566205,3,3,3
3203,238204,3,3,3
3204,257404,3,3,2
3205,417307,3,0,0
3206,86217,3,2,2
3207,39108,3,2,1
3208,38204,3,1,1
3209,417414,2,0,0
3210,615301,2,2,2
3211,417415,2,119,1
3212,100302,2,0,0
3213,655402,2,2,2
3214,769202,2,1,1
3215,132104,2,2,2
3216,553202,2,3,1
3217,602402,2,1,1
3218,769109,2,1,1
3219,678303,2,2,2
3220,257402,2,2,2
3221,43102,2,4,2
3222,257401,2,2,2
3223,43201,2,2,2
3224,43202,2,2,2
3225,678404,2,2,2
3226,39210,2,3,2
3227,678403,2,2,1
3228,843401,2,2,2
3229,677202,2,2,2
3230,145332,2,1,1
3231,145317,2,2,2
3232,257317,1,0,0
3233,2029101,1,1,1
3234,14206,1,0,0
3235,89203,1,17,1
3236,36404,1,0,0
3237,38103,1,1,1
3238,602302,1,1,1
3239,38202,1,0,0
3240,567104,1,0,0
3241,87301,1,1,1
3242,37302,1,0,0
3243,147311,1,0,0
3244,257405,1,1,1
3245,125205,1,1,1
3246,86110,1,1,1
3247,417409,1,0,0
3248,145422,1,5,1
3249,39106,1,2,1
3250,769201,1,1,1
3251,678305,1,1,1
3252,769209,1,0,0
3253,257421,1,1,1
3254,417312,1,1,1
3255,257412,1,1,1
3256,3517401,0,0,0
3257,13304,0,0,0
3258,12110,0,0,0
3259,13303,0,0,0
3260,3517303,0,0,0
3261,748104,0,0,0
3262,14203,0,0,0
3263,769112,0,0,0
3264,147310,0,0,0
3265,748204,0,0,0
3266,748203,0,0,0
3267,602401,0,0,0
3268,748103,0,0,0
3269,741205,0,0,0
3270,741105,0,0,0
3271,716402,0,0,0
3272,716302,0,0,0
3273,257314,0,0,0
3274,257315,0,0,0
3275,257318,0,0,0
3276,257328,0,0,0
3277,257413,0,0,0
3278,257414,0,0,0
3279,678302,0,0,0
3280,677201,0,0,0
3281,145311,0,0,0
3282,769113,0,0,0
3283,15103,0,0,0
3284,769212,0,0,0
3285,15104,0,0,0
3286,15105,0,0,0
3287,18301,0,0,0
3288,20104,0,0,0
3289,36403,0,0,0
3290,39216,0,0,0
3291,73302,0,0,0
3292,76202,0,0,0
3293,85202,0,0,0
3294,86118,0,0,0
3295,86203,0,0,0
3296,87401,0,0,0
3297,89202,0,0,0
3298,100402,0,0,0
3299,125206,0,0,0
3300,132206,0,0,0
3301,769213,0,0,0
3302,11301,0,0,0
