,F,T,S,E
0,21,11,6,109_109_5_5_109_5_5_109_5_109_5_109_109_109_6
1,16,7,12,79_78_1282_79_1282_78_1282_12
2,34,11,29,387_332_387_1294_387_387_1294_30_30_30_30_29
3,2,1,47,48_47
4,3,2,50,51_50
5,3,2,57,104_105_104_57
6,1,1,58,168_58
7,128,30,59,167_167_167_167_167_167_167_59_65_64_167_167_167_167_167_167_167_167_167_167_167_59_59_167_167_167_65_65_167_65_59_59_167_167_58_65_167_167_167_167_65_65
8,6,5,67,142_142_142_142_67
9,4,3,74,73_74
10,1,1,77,111_77
11,1,1,86,87_86
12,1,1,96,97_96
13,7,5,103,7_7_103
14,1,1,106,107_106
15,1,1,118,118
16,13,4,121,139_139_137_138_120_121_121
17,1,1,148,149_148
18,1,1,154,155_154
19,1,1,159,159
20,2,2,169,168_169
21,1,1,178,203_178
22,6,4,181,196_196_181
23,2,2,193,192_193
24,6,6,199,200_200_200_200_200_200_199
25,1,1,205,205
26,1,1,206,237_206
27,1,1,222,223_222
28,1,1,225,226_225
29,8,6,236,206_237_206_206_236
30,7,4,240,240_183
31,1,1,241,241
32,1,1,257,257
33,1,1,262,268_262
34,432,30,269,384_384_426_425_425_385_268_271_269_270_402_270_271_268_268_269_262_271_268_269_270_385_395_331_331_396_395_332_331_395_331_395_396_395_386_428_426_427_427_426_425_427_426_427_425_385_326_427_427_425_426_426_425_326_424_395_395_425_394_331_331_332_332_387_387_30_30_30_30_387_1294_332_394_396_395_395_387_331_424_426_427_428_428_427_427_268_268_269_438_403_384_402_271_271_268_402_268_269_384_262_271_268_271_268_385_385_270_403_403_384_384_271_327_387_325_332_332_387_395_394_331_424_424_425_330_402_385
35,1,1,273,273
36,1,1,277,277
37,1,1,298,298
38,1,1,299,299
39,11,7,300,300_1054_300_1051
40,2,2,301,301
41,23,10,308,309_43_308_308_310_310_309_43_309_310_310_308
42,1,1,310,310
43,148,17,312,134_314_312_454_454_435_314_454_319_318_319_319_317_317_318_318_319_320_318_319_319_329_329_329_329_329_329_319_329_327_328_328_329_320_328_329_329_329_329_320_316_454_316_315_316_316_341_341_316_316_315_89_388_388_453_453_435_404_404_405_406_408_406_408_404_404_405_404_408_407_408_406_408_408_435_454_432_433_316_316_454_314_313_312
44,1,1,314,314
45,5,3,327,328_329_328_327
46,1,1,329,
47,10,6,340,335_338_334_335_340
48,4,4,341,316
49,3,1,347,647_584_347
50,3,2,348,737_348
51,29,17,349,651_746_349_746_746_746_746_349_746_746_746_349_349_746_649_746_349_349_746_650_349
52,8,4,354,562_562_614_663_354
53,1,1,355,355
54,2,1,360,655_632_360
55,1,1,362,550_362
56,5,3,364,552_717_553_365_364
57,142,30,366,544_544_740_555_555_545_545_544_543_365_555_555_555_555_555_555_554_555_555_544_547_546_546_555_545_544_544_544_542_545
58,82,30,368,537_537_537_537_537_368_537_750_750_368
59,224,30,369,751_608_608_369_608_369_608_1357_757_1357_733_1357_685_685_686_686_757_733_1357_714_702_702_701_701_733_734_734_1362_369_1358_733_1363_733_722_538_685_369_369_369_538_685_685_686_608_608_646_645_645_608_369_608_751_751_369_369_539_733_702_701_701_1362_1363_1362_484_539_539_733_699_540_541_541_700_700_734_1362_701_734_734_1362_1362_701_1358_1357_733_539_733_733_686_1357_369_608_751
60,53,8,370,532_616_661_533_661_662_662_487_487_534_637_527_637_525_525_525_526_526_371_371_527_528_528_487_534_487_529_528_488_529_534_533_532_616_532_532_532_616_616_532_370
61,2,1,388,
62,1,1,394,394
63,2,1,399,399
64,2,2,403,438_403
65,1,1,411,1376_411
66,7,4,413,437_414_414_413
67,1,1,416,416
68,2,1,426,427_426
69,3,3,442,441_441_442
70,1,1,445,445
71,1,1,446,1317_446
72,5,3,447,350_557_557_448_448_447
73,1,1,462,462
74,1,1,469,469
75,1,1,471,471
76,23,9,476,475_475_475_1170_1242_1170_1242_476_475_1172_1172_1172_477_1172
77,1,1,488,
78,9,5,490,463_489_463_489_290_460_460_490
79,8,4,496,1256_728_728_1257_302_728_495_496
80,19,4,497,744_500_500_499_745_620_498_497
81,14,4,504,503_713_465_506_677_678_678_506_505_505_503_504
82,2,2,508,509_509_508
83,3,3,510,489_510
84,5,3,511,373_512_511
85,4,3,513,729_729_513
86,2,2,527,637_637
87,1,1,531,531
88,8,4,545,555_555_547_547_546
89,10,4,548,1312_548_549
90,6,4,554,1290_721_1290_554
91,1,1,556,556
92,1,1,557,
93,2,2,558,559_558
94,1,1,560,560
95,31,8,566,1320_568_568_585_1318_1319_1319_1320_1320_565_567_568_568_566_566
96,1,1,570,571_570
97,2,2,574,573_574
98,15,11,575,353_352_352_352_352_352_352_575
99,44,9,577,694_693_693_694_696_695_695_694_693_590_590_590_577_683_590_591_578_580_580_579_579_591_591_581_580_590
100,7,6,583,582_582_582_582_582_583
101,1,1,586,586
102,15,6,587,624_624_755_755_755_585_586_586_573_573_623_573_587
103,2,2,593,346_593
104,1,1,595,595
105,1,1,606,742_606
106,3,1,618,736_618
107,1,1,623,623
108,1,1,640,640
109,1,1,641,704_641
110,2,1,643,716_643
111,2,1,645,646_645
112,2,2,649,649
113,6,6,653,604_604_604_604_604_653
114,1,1,656,656
115,1,1,661,
116,1,1,664,664
117,3,2,665,738_738_665
118,1,1,667,667
119,3,2,671,717_752_671
120,4,3,674,674
121,3,2,675,676_676_675
122,1,1,679,1255_679
123,8,5,681,708_709_706_706_680_680_681
124,1,1,689,689
125,5,2,697,695_696_697
126,1,1,702,703_702
127,7,3,707,707
128,1,1,709,709
129,1,1,711,711
130,2,2,721,
131,1,1,722,722
132,6,3,724,710_723_621_724
133,1,1,730,730
134,1,1,731,731
135,1,1,747,747
136,1,1,753,753
137,1,1,757,757
138,84,30,759,1355_918_759_917_917_759_917_759_917_761_917_917_1355_918_918_917_917_917_918_917_759_759_917_917_759_917_759_917_917_761_918_918_941_941_761_917_917_918_917_1381_758
139,7,6,761,941_941_945_761_941_761
140,32,10,771,790_851_791_851_795_794_794_851_791_772_791_851_771_849_851_794_772
141,1,1,772,
142,3,2,778,779_778
143,2,2,781,782_780_781
144,2,1,783,824_783
145,8,6,787,831_832_832_832_832_831_787
146,14,12,797,1067_1067_1067_1067_1067_1067_1067_1067_1067_1067_1067_1068_797
147,5,5,798,797_797_797_798
148,4,2,801,804_803_803_802_801
149,1,1,804,
150,2,2,814,808_814
151,1,1,815,816_815
152,2,1,837,984_837
153,1,1,838,838
154,1,1,841,841
155,4,2,844,1263_1263_845_964_844
156,1,1,846,847_846
157,122,30,863,862_865_864_864_930_930_862_865_864_862_862_865_865_864_862_862_862_862_930_865_865_930_862_862_862_930_862_930_862_865_865_862_862_862_865_930_862_930_862_862_862_862_862_930_862_862_862
158,12,7,867,782_781_782_782_867
159,29,13,879,1233_1236_878_878_878_1237_878_1236_878_1237_1236_878_878_879
160,4,2,880,1227_880
161,2,2,908,834_908
162,8,5,911,911_911_912
163,10,6,937,938_937_938
164,2,2,948,813_948
165,1,1,949,949
166,2,1,957,958_957
167,8,4,961,962_1386_962_1386_908_962_961
168,1,1,965,966_965
169,1,1,973,973
170,3,2,985,852_916_985
171,1,1,986,986
172,1,1,987,987
173,5,3,988,995_1027_995_988
174,1,1,992,1024_992
175,10,10,993,994_994_994_994_994_994_994_994_994_994_993
176,1,1,996,996
177,2,1,1004,1035_1004
178,1,1,1005,1005
179,8,3,1008,1008_1016_1009
180,1,1,1015,1015
181,4,2,1020,1021_1021_1020
182,4,3,1025,1025_1026_1025
183,1,1,1048,1048
184,4,3,1049,295_1032_295_1049
185,3,3,1050,299_1050
186,5,3,1052,1053_1052
187,3,2,1057,1080_1058_1080_1057
188,1,1,1064,1064
189,7,6,1073,1095_1095_1095_1095_1072_1072_1095_1073
190,2,2,1075,1074_1075
191,1,1,1081,1081
192,1,1,1086,1086
193,1,1,1087,1088_1087
194,2,2,1093,1094_1094_1093
195,6,4,1099,1120_1120_1100_1100_1120_1120_1099
196,1,1,1130,1130
197,1,1,1131,1132_1131
198,619,30,1136,1194_1334_1182_1182_1342_1177_1336_1336_1137_1137_1190_1137_1137_1188_1189_1189_1323_1323_1137_1137_1195_1190_1323_1137_1218_1141_1361_1361_1184_1184_1182_1142_1141_1195_1334_1336_1336_1336_1182_1184_1149_1182_1182_1361_1184_1143_1336_1342_1342_1333_1334_1334_1195_1196_1196_882_1195_1205_1205_881_1227_1204_880_880_1227_880_1210_880_880_1227_1193_1210_1210_1193_1194_1194_1334_1334_1335_1336_1179_1179_1182_1149_1361_1184_1177_1342_1177_1179_1178_1183_1182_1142_1142_1140_1140_1140_1142_1142_1142_1141_1361_1184_1183_1177_1336_1177_1144_1145_1144_1143_1144_1143_1143_1142_1323_884_884_883_882_1195_1323_1323_1323_1189_1190_1342_1323_1323_1190_882_882_1335_1193_1194_1194_1334_1195_1195_1196_1137_1323_1323_1190_1189_882_882_882_1335_1342_1194_1195_1334_1196_1196_1218_1189_1189_1143_1322_1322_1240_1144_1144_1145_1140_1141_1140_1140_1142_1361_1141_1184_1336_1336_1336_1196_1136_1179_1184_1140_1361_1141_1361_1141_1361_1184_1183_1335_1336_1178_1195_1335_1336_1184_1184_1183_1182_1178_1195
199,9,5,1138,1168_1138_1138_1167
200,1,1,1142,1142
201,1,1,1152,1152
202,9,3,1159,1243_1161_1162_1161_1160_1160_1243_1159
203,2,2,1169,1187_1187_1169
204,2,2,1174,1180_1180_1174
205,2,1,1175,1181_1176_1175
206,1,1,1182,
207,1,1,1185,1185
208,1,1,1186,1186
209,1,1,1189,
210,2,2,1191,1191
211,2,1,1205,1225_1205
212,4,3,1206,882_1206
213,5,4,1215,1217_1216_1216_1218_1215
214,2,2,1230,1231_1231_1230
215,1,1,1238,1238
216,2,2,1251,1252_1248_1251
217,1,1,1288,1288
218,1,1,1299,1299
219,16,12,1316,594_594_594_594_594_594_594_447_1317_446_1317_446_1316
220,3,2,1318,1319_1318
221,2,2,1322,
222,1,1,1327,1327
223,1,1,1346,1347_1346
224,1,1,1358,1358
225,1,1,1359,1359
226,7,5,1360,869_869_1360
227,2,2,1362,1362
228,3,2,1364,1365_1364
229,1,1,1366,1366
230,1,1,1370,1370
231,9,7,1371,1374_1374_1374_1374_1374_1374_1371
232,1,1,1381,
233,4,4,21,20_20_20_21
234,1,1,42,380_42
235,2,1,72,143_72
236,1,1,83,100_83
237,1,1,95,95
238,1,1,107,107
239,2,2,111,71_111
240,4,3,130,129_88_87_87_130
241,2,2,135,134_135
242,1,1,170,170
243,1,1,185,185
244,4,2,203,178_204_203
245,1,1,217,811_217
246,1,1,226,226
247,2,2,237,238
248,1,1,239,239
249,1,1,246,246
250,1,1,265,383_265
251,3,3,267,267
252,2,2,290,460_460_290
253,1,1,331,331
254,1,1,357,358_357
255,10,10,367,367
256,2,1,371,
257,1,1,374,374
258,1,1,400,401_400
259,2,2,420,419_420
260,1,1,421,421
261,3,3,427,426_428
262,1,1,467,467
263,1,1,480,480
264,1,1,484,484
265,1,1,525,525
266,4,2,550,363_550
267,10,5,551,670_670_670_671_552_551
268,1,1,552,552
269,1,1,562,
270,1,1,585,
271,1,1,602,684_602
272,2,2,611,641_611
273,1,1,621,
274,1,1,628,628
275,4,4,644,645_645_643_644
276,2,2,646,646
277,1,1,654,654
278,1,1,660,660
279,1,1,692,692
280,2,2,698,485_698
281,2,1,701,701
282,1,1,703,703
283,1,1,705,705
284,7,4,734,733_733_541_700_700_734
285,1,1,755,755
286,1,1,809,810_809
287,3,3,812,217_812
288,1,1,818,819_818
289,5,5,833,834_834_834_834_833
290,7,4,836,980_837_980_836
291,2,2,866,865_866
292,1,1,877,877
293,1,1,887,887
294,1,1,894,895_894
295,8,2,903,1332_920_919_824_783_784_903
296,1,1,963,963
297,1,1,972,972
298,1,1,984,984
299,2,1,1007,1034_1007
300,1,1,1017,1017
301,1,1,1018,1018
302,1,1,1019,1019
303,1,1,1037,1037
304,1,1,1045,1045
305,1,1,1054,1054
306,1,1,1066,1066
307,1,1,1082,1082
308,4,4,1110,1095_1110
309,1,1,1155,1155
310,1,1,1157,1157
311,1,1,1164,1165_1164
312,3,2,1192,1192
313,2,2,1210,1210
314,4,3,1228,1229_1229_1228
315,2,1,1244,1245_1244
316,7,5,1249,1270_1251_1249_1248_1249
317,1,1,1280,1280
318,2,2,1289,1289
319,2,2,1297,1377_1377_1297
320,4,3,1298,909_909_1298
321,1,1,1302,1302
322,1,1,1305,1305
323,1,1,1311,1311
324,1,1,1328,1329_1328
325,1,1,1331,1331
326,1,1,1348,1348
327,1,1,1351,1351
328,1,1,9,9
329,1,1,13,13
330,2,2,50,125_51_50
331,1,1,54,55_54
332,1,1,58,168_58
333,1,1,88,
334,1,1,106,233_106
335,2,1,123,1288_123
336,3,2,148,149_148
337,1,1,202,241_202
338,2,1,208,252_208
339,1,1,222,223_222
340,1,1,234,234
341,1,1,251,251
342,1,1,281,422_281
343,12,6,297,1035_1035_1035_296_297_297_1004
344,1,1,305,306_305
345,1,1,323,394_323
346,3,1,347,647_584_347
347,3,2,360,632_360
348,5,5,362,550_550_550_362
349,1,1,364,365_364
350,1,1,430,431_430
351,1,1,443,443
352,1,1,444,444
353,1,1,445,445
354,1,1,449,449
355,1,1,451,451
356,1,1,469,469
357,1,1,479,664_479
358,3,3,535,535
359,1,1,540,540
360,1,1,561,561
361,2,1,610,731_610
362,1,1,619,619
363,1,1,623,623
364,3,2,648,649_648
365,2,2,655,655
366,1,1,656,656
367,2,2,663,663
368,1,1,682,682
369,3,2,691,692_691
370,1,1,708,708
371,2,2,719,718_719
372,2,2,730,730
373,1,1,737,737
374,1,1,743,743
375,4,2,752,754_753_717_752
376,6,4,804,1267_803_804
377,2,2,807,808_807
378,1,1,808,
379,1,1,810,810
380,1,1,817,817
381,3,3,835,835
382,1,1,838,838
383,1,1,854,860_854
384,1,1,855,856_855
385,1,1,857,975_857
386,1,1,873,873
387,1,1,881,1205_881
388,1,1,905,906_905
389,1,1,926,926
390,1,1,928,928
391,1,1,934,935_934
392,1,1,942,942
393,2,1,956,983_956
394,2,2,957,958_957
395,1,1,991,991
396,76,26,1009,1008_1009_1009_1008_1008_1017_1016_1017_1017_1017_1017_1017_1017_1017_1016_1017_1009_1003_1009_1008_1009
397,1,1,1013,1013
398,1,1,1033,1033
399,1,1,1047,1047
400,2,2,1055,292_1055
401,1,1,1058,1059_1058
402,1,1,1086,1092_1086
403,2,2,1090,1090
404,1,1,1097,1126_1097
405,1,1,1098,1098
406,1,1,1124,1125_1124
407,1,1,1129,1130_1129
408,1,1,1158,1187_1158
409,2,1,1168,1168
410,1,1,1175,1176_1175
411,1,1,1182,
412,3,2,1186,1166_1186
413,1,1,1193,1194_1193
414,1,1,1242,1242
415,1,1,1247,1247
416,1,1,1253,1253
417,1,1,1260,1260
418,1,1,1261,1261
419,1,1,1266,1266
420,1,1,1267,1267
421,1,1,1274,1275_1274
422,1,1,1290,
423,1,1,1309,1309
424,2,1,1313,1314_1313
425,1,1,1332,1332
426,1,1,1340,1340
427,1,1,1341,1341
428,1,1,1356,1356
429,1,1,1366,1366
430,1,1,1370,1370
431,1,1,1375,1375
432,1,1,1376,1376
433,1,1,35,153_35
434,1,1,47,48_47
435,1,1,72,72
436,1,1,73,73
437,1,1,77,77
438,1,1,86,86
439,1,1,92,92
440,1,1,104,105_104
441,3,2,134,455_456_134
442,1,1,140,141_140
443,1,1,151,151
444,1,1,157,159_157
445,2,2,169,168_169
446,1,1,185,185
447,1,1,193,193
448,2,2,241,202_241
449,1,1,299,299
450,1,1,319,319
451,2,2,330,324_330
452,7,4,348,737_738_737_348
453,1,1,350,351_350
454,1,1,372,373_372
455,1,1,393,393
456,1,1,396,396
457,1,1,397,397
458,6,4,411,1376_1376_323_394_394_411
459,3,2,432,433_432
460,1,1,437,441_437
461,1,1,461,462_461
462,2,1,484,539_484
463,3,2,485,485
464,11,4,512,372_372_373_730_513_512
465,3,2,552,
466,1,1,555,
467,2,1,560,560
468,1,1,570,571_570
469,3,2,585,711_712
470,1,1,595,595
471,1,1,603,603
472,1,1,626,626
473,1,1,640,640
474,1,1,641,704_641
475,4,2,654,749_748_654
476,1,1,657,657
477,1,1,660,660
478,1,1,664,664
479,1,1,669,669
480,1,1,679,1255_679
481,1,1,707,707
482,1,1,710,710
483,1,1,712,
484,1,1,713,713
485,1,1,726,756_726
486,1,1,727,727
487,1,1,736,736
488,1,1,738,738
489,5,3,757,703
490,4,3,774,933_933_774
491,2,1,775,775
492,1,1,790,790
493,1,1,794,
494,7,3,816,815_817_816
495,1,1,831,1299_831
496,1,1,839,839
497,1,1,845,1263_845
498,1,1,847,847
499,7,3,856,860_853_854_855_856
500,1,1,860,952
501,3,2,895,894_895
502,1,1,904,904
503,1,1,923,924_923
504,2,2,935,934_935
505,1,1,936,936
506,1,1,951,951
507,1,1,953,953
508,1,1,995,995
509,1,1,1007,1034_1007
510,1,1,1011,1012_1011
511,1,1,1014,1014
512,4,2,1020,1021_1020
513,1,1,1048,1048
514,1,1,1053,1053
515,4,3,1057,1080_1080_1080_1057
516,1,1,1060,1076_1060
517,1,1,1061,1065_1061
518,1,1,1062,1081_1062
519,2,2,1066,1082_1082_1066
520,1,1,1079,1079
521,2,2,1087,1088_1088_1087
522,4,3,1130,1129_898_1129_1130
523,1,1,1139,1139
524,6,3,1145,1144_1142_1144_1142_1145
525,1,1,1149,1150_1149
526,1,1,1155,1155
527,1,1,1156,1157_1156
528,1,1,1165,1165
529,3,3,1170,1163_1163_1170
530,1,1,1174,1174
531,2,1,1198,1202_1198
532,3,2,1216,1223_1223_1216
533,1,1,1227,1227
534,1,1,1230,1231_1230
535,1,1,1234,1234
536,2,2,1237,1237
537,2,2,1280,1280
538,1,1,1312,1312
539,1,1,1327,1327
540,1,1,1328,1329_1328
541,1,1,1331,1331
542,1,1,1338,1338
543,8,3,1358,1363_701_1358_1363_1362_1358
544,1,1,1359,1359
545,1,1,1372,1372
546,1,1,41,377_41
547,3,2,48,47_48
548,1,1,51,51
549,4,2,58,168_58
550,2,1,97,119_118_97
551,1,1,144,144
552,1,1,215,215
553,3,3,222,223_223_223_222
554,1,1,251,251
555,3,2,274,276_275_274
556,1,1,295,1049_295
557,7,5,298,299_1018_1018_298
558,2,2,322,323_323_322
559,2,2,327,328_327
560,1,1,384,384
561,1,1,399,399
562,2,2,401,401
563,1,1,402,402
564,1,1,426,
565,2,1,430,431_430
566,3,1,445,689_446_445
567,1,1,463,463
568,1,1,474,656_474
569,1,1,479,479
570,1,1,480,480
571,2,2,500,499_500
572,12,6,505,713_678_678_465_465_506_506_713_713_505
573,3,3,510,489_489_510
574,2,2,522,709_523_522
575,2,2,539,733_539
576,1,1,547,547
577,1,1,556,556
578,2,1,559,559
579,4,2,581,635_635_634_581
580,1,1,596,596
581,1,1,606,742_606
582,3,2,617,618_617
583,4,3,620,619_745_620
584,1,1,624,624
585,1,1,665,665
586,1,1,671,
587,2,2,675,676_676_675
588,1,1,716,716
589,10,4,717,1291_1291_546_546_1290_718_717
590,1,1,743,743
591,1,1,759,
592,2,2,777,1265_1265_777
593,1,1,778,779_778
594,2,1,795,1264_916
595,1,1,802,802
596,2,2,811,217_811
597,1,1,817,931
598,1,1,853,859
599,1,1,861,861
600,1,1,870,875_870
601,1,1,871,871
602,1,1,880,880
603,1,1,908,908
604,1,1,915,915
605,1,1,919,919
606,1,1,920,1332_920
607,19,12,946,949_946_946_946_946_949
608,1,1,983,983
609,1,1,988,988
610,2,2,992,1024_1024_992
611,1,1,1001,1031_1001
612,1,1,1003,1003
613,2,2,1006,1007_1006
614,1,1,1010,1010
615,1,1,1017,1017
616,1,1,1018,1018
617,2,2,1028,998_1028
618,1,1,1052,1052
619,1,1,1054,
620,2,1,1058,1059_1058
621,1,1,1101,1101
622,3,2,1143,1143
623,1,1,1154,1154
624,8,4,1164,1165_1243_1186_1186_1166_1166_1165_1164
625,1,1,1168,1168
626,1,1,1173,1173
627,2,2,1175,1176_1176_1175
628,1,1,1181,1181
629,6,3,1191,1174_1180_1191
630,1,1,1203,1203
631,1,1,1222,1222
632,1,1,1231,1231
633,3,2,1232,1233_1233_1232
634,1,1,1242,1242
635,1,1,1254,1254
636,1,1,1260,1260
637,1,1,1274,1275_1274
638,1,1,1309,1309
639,2,2,1311,1266_1311
640,1,1,1318,1318
641,2,2,1353,1354_1354_1353
642,1,1,1370,1370
643,1,1,1387,1387
644,1,1,13,72_13
645,2,1,57,105_104_57
646,1,1,68,68
647,3,2,74,73_74
648,1,1,85,85
649,1,1,87,88_87
650,4,2,95,12_143_95
651,1,1,96,96
652,1,1,107,107
653,9,5,137,121_138_137_139_139
654,1,1,138,
655,2,1,148,149_148
656,1,1,151,151
657,1,1,160,161_160
658,2,2,164,165_165_164
659,4,2,178,203_202_202_203_178
660,2,2,193,192_193
661,1,1,204,204
662,1,1,208,252_208
663,2,2,237,237
664,1,1,261,262_261
665,4,3,272,273_273_272
666,6,3,312,312_313_312
667,2,1,353,451_353
668,1,1,354,614_354
669,1,1,356,357_356
670,6,5,358,1359_358_358_1359_358
671,5,3,364,554_553_365_364
672,9,4,388,453_89_453_435_89_388
673,1,1,404,
674,2,2,414,413_414
675,3,2,415,416_415
676,1,1,441,441
677,1,1,448,448
678,1,1,488,488
679,4,3,511,512_511
680,5,2,533,662_533
681,1,1,540,734_540
682,1,1,546,
683,10,6,554,721_555_545_554_721
684,2,2,557,557
685,1,1,563,563
686,1,1,574,574
687,2,2,576,664_559_576
688,1,1,591,591
689,2,1,602,684_602
690,1,1,616,
691,2,2,626,625_626
692,1,1,630,630
693,4,3,632,360_655_632
694,1,1,641,704_641
695,1,1,643,643
696,1,1,646,646
697,7,3,648,649_584_648
698,1,1,656,656
699,2,1,659,660_659
700,1,1,668,1300_668
701,1,1,672,672
702,4,3,688,689_688
703,1,1,690,690
704,3,2,706,707_707_706
705,1,1,710,710
706,1,1,719,719
707,1,1,725,725
708,1,1,744,744
709,1,1,745,
710,1,1,772,772
711,1,1,779,779
712,1,1,791,
713,1,1,793,793
714,1,1,823,823
715,1,1,824,824
716,1,1,838,838
717,1,1,857,857
718,1,1,887,987_887
719,1,1,899,899
720,2,2,918,918
721,1,1,930,930
722,1,1,939,940_939
723,1,1,956,956
724,3,2,961,962_961
725,2,2,995,988_995
726,1,1,1005,1005
727,1,1,1023,1023
728,2,2,1034,1007_1034
729,1,1,1050,1050
730,2,2,1053,1052_1053
731,1,1,1070,1106_1070
732,1,1,1079,1079
733,1,1,1092,1092
734,4,2,1098,1121_1100_1099_1099_1098
735,1,1,1187,1187
736,1,1,1193,1194_1193
737,1,1,1212,1258_1212
738,3,3,1225,1205_1205_1225
739,3,1,1227,1227
740,3,2,1247,1246_1247
741,1,1,1264,1264
742,1,1,1284,1284
743,1,1,1298,1298
744,1,1,1301,1301
745,1,1,1317,1317
746,3,2,1331,1332_1331
747,1,1,1334,1334
748,1,1,1351,1351
749,1,1,1385,1385
750,2,1,7,103_7
751,1,1,111,111
752,2,2,118,119_119_118
753,2,2,132,399_399_132
754,1,1,134,134
755,1,1,150,150
756,1,1,154,155_154
757,1,1,158,158
758,2,2,169,168_169
759,1,1,205,205
760,6,2,214,806_779_778_214
761,1,1,217,812_217
762,21,21,257,61_61_61_61_61_61_61_61_61_61_61_61_61_61_61_61_61_61_61_61_257
763,4,2,270,
764,1,1,277,277
765,1,1,299,299
766,1,1,349,349
767,1,1,383,383
768,1,1,403,403
769,2,1,431,433_432_431
770,2,2,444,445_347_444
771,1,1,456,456
772,1,1,462,463_462
773,2,1,467,468_467
774,1,1,470,471_470
775,1,1,485,485
776,4,2,498,499_497_498
777,1,1,504,504
778,1,1,527,637_527
779,2,2,538,685_538
780,1,1,541,699_541
781,6,4,548,549_549_548
782,1,1,560,560
783,2,1,585,712_585
784,2,2,614,354_614
785,1,1,628,629_628
786,1,1,647,647
787,1,1,655,
788,3,2,665,738_665
789,1,1,670,670
790,2,1,671,752_671
791,5,2,674,717_676_675_674
792,1,1,692,692
793,1,1,713,
794,2,1,728,1257_728
795,2,2,729,513_729
796,1,1,732,732
797,1,1,740,740
798,3,2,742,606_742
799,1,1,767,768_767
800,2,2,832,787_832
801,3,2,852,916_852
802,1,1,873,873
803,1,1,877,877
804,1,1,886,886
805,1,1,905,906_905
806,1,1,908,908
807,1,1,920,920
808,1,1,936,936
809,1,1,967,968_967
810,1,1,980,980
811,1,1,984,984
812,2,1,1019,1021_1020_1019
813,1,1,1026,1026
814,3,1,1058,1059_1058
815,1,1,1061,1062_1061
816,2,2,1064,1063_1064
817,1,1,1078,1078
818,1,1,1096,1096
819,1,1,1101,1102_1101
820,1,1,1105,1105
821,1,1,1106,1106
822,1,1,1110,1110
823,1,1,1159,1159
824,5,2,1181,1176_1175_1181
825,1,1,1223,1223
826,3,2,1229,1230_1230_1229
827,1,1,1231,1231
828,1,1,1249,1270_1249
829,1,1,1254,1254
830,2,1,1319,1320_1319
831,14,7,1342,1335_1342_1342
832,1,1,1347,1347
833,2,2,1365,1364_1365
834,2,1,34,161_160_34
835,1,1,83,100_83
836,1,1,84,84
837,8,5,86,87_87_88_88_87_86
838,1,1,108,108
839,1,1,123,123
840,3,3,133,134_134_133
841,2,2,138,138
842,2,1,151,151
843,1,1,204,204
844,1,1,206,206
845,1,1,218,823_218
846,1,1,241,241
847,5,4,275,273_274_274_275
848,2,2,332,387_387_332
849,1,1,340,340
850,2,2,364,365_365_364
851,1,1,413,413
852,5,4,415,416_416_415
853,1,1,429,429
854,1,1,433,433
855,1,1,449,558_449
856,1,1,473,753_473
857,1,1,474,656_474
858,1,1,479,479
859,1,1,488,488
860,1,1,490,490
861,1,1,494,727_494
862,1,1,496,1256_496
863,3,2,500,499_500
864,1,1,502,502
865,1,1,508,509_508
866,1,1,522,523_522
867,4,2,534,757_703_757_534
868,5,3,540,1358_733_700_734_540
869,1,1,562,562
870,2,1,579,580_579
871,1,1,586,586
872,1,1,587,624_587
873,1,1,589,589
874,1,1,591,
875,1,1,595,595
876,1,1,603,603
877,5,1,618,735_736_619_618
878,1,1,621,724_621
879,1,1,636,636
880,4,3,643,644_716_645_644_644_643
881,1,1,646,646
882,1,1,653,653
883,1,1,657,657
884,4,2,668,1300_667_669_669_668
885,3,3,679,1255_1255_1255_679
886,2,2,680,706_680
887,1,1,687,687
888,6,3,694,577_693_694
889,2,2,696,697_697_696
890,2,2,698,485_698
891,1,1,700,701_700
892,1,1,708,708
893,1,1,716,
894,4,3,730,513_373_513_730
895,1,1,743,743
896,3,3,744,744
897,1,1,745,745
898,1,1,774,775_774
899,2,1,802,804_803_802
900,3,2,815,816_816_815
901,2,2,818,954_818
902,1,1,829,830_829
903,6,4,833,834_834_835_834_833
904,1,1,836,837_836
905,1,1,844,964_844
906,2,2,846,872_872_846
907,1,1,849,849
908,4,4,853,854_859_859_859_853
909,1,1,859,
910,2,2,860,952_952_860
911,1,1,861,861
912,1,1,875,875
913,1,1,882,882
914,1,1,893,893
915,2,2,909,1298_910_909
916,1,1,947,950_947
917,5,3,956,982_958_957_957_982_956
918,1,1,968,968
919,1,1,978,978
920,6,5,985,924_916_916_985
921,1,1,988,988
922,2,2,1000,1048_1048_1000
923,8,4,1006,1007_1034_1034_1034_1006_1007_1006
924,2,1,1014,1033_1014
925,1,1,1028,1028
926,1,1,1040,1043_1040
927,2,2,1057,1080_1057
928,1,1,1066,1066
929,1,1,1082,1082
930,1,1,1119,1338_1119
931,1,1,1124,1125_1124
932,1,1,1126,1126
933,1,1,1128,1128
934,3,2,1141,1142_1142
935,9,5,1143,1144_1240_1144_1145_1144_1143
936,1,1,1155,1155
937,2,1,1158,1169_1187_1158
938,1,1,1182,1182
939,1,1,1192,1192
940,1,1,1207,1207
941,1,1,1216,1216
942,1,1,1217,1217
943,16,6,1227,1228_880_880_1194_1210_1210_1228_1228_1227_880
944,1,1,1237,1237
945,1,1,1248,1251_1248
946,1,1,1250,1250
947,1,1,1264,1264
948,3,2,1282,78_79_1282
949,1,1,1284,1284
950,1,1,1313,1314_1313
951,1,1,1356,1356
952,1,1,1370,1370
953,2,1,1372,1375_1372
954,1,1,1376,1376
955,2,2,1381,970_1381
956,1,1,12,12
957,2,1,28,333_28
958,1,1,55,158_55
959,1,1,58,168_58
960,2,2,105,104_105
961,2,2,106,107_107_106
962,1,1,131,131
963,2,2,140,140
964,1,1,150,150
965,1,1,154,155_154
966,1,1,161,161
967,1,1,165,165
968,2,1,178,202_203_178
969,1,1,199,200_199
970,2,1,217,812_217
971,1,1,295,1049_295
972,1,1,314,314
973,1,1,322,323_322
974,2,2,328,328
975,1,1,351,351
976,2,2,354,614_354
977,4,4,369,369
978,2,2,371,526_526_371
979,2,1,373,374
980,2,2,401,400_401
981,2,1,409,410_409
982,1,1,414,414
983,1,1,420,421_420
984,2,1,431,432_431
985,3,2,441,442_441
986,2,1,447,447
987,1,1,528,533_528
988,3,3,542,542
989,1,1,555,
990,1,1,560,560
991,1,1,563,563
992,1,1,566,566
993,2,1,583,584_583
994,1,1,617,617
995,1,1,656,656
996,1,1,664,664
997,3,3,673,672_672_673
998,2,2,684,602_684
999,1,1,688,688
1000,3,3,717,752_752_717
1001,3,3,718,719_718
1002,1,1,728,1257_728
1003,1,1,732,732
1004,1,1,735,735
1005,1,1,740,741_740
1006,1,1,752,
1007,1,1,772,772
1008,1,1,775,775
1009,1,1,782,782
1010,1,1,800,839_800
1011,3,2,804,1241_803_804
1012,2,2,831,1299_1299_831
1013,1,1,838,838
1014,1,1,847,848_847
1015,1,1,856,856
1016,1,1,899,899
1017,1,1,900,900
1018,2,2,918,1356
1019,3,2,941,945_761_941
1020,6,2,961,1385_1386_908_962_961
1021,1,1,1021,1021
1022,2,1,1052,1053_1052
1023,1,1,1056,1056
1024,1,1,1073,1073
1025,1,1,1100,1100
1026,1,1,1120,1120
1027,2,2,1149,1181_1149
1028,2,1,1151,1238_1151
1029,1,1,1157,1157
1030,4,2,1183,
1031,71,22,1191,1176_1176_877_1192_1191_1176_1174_1180_1180_1192_1191_1191_1180_1180_1191_877_1176_1180_1180_1180_1175_1176_1176_1191_1180_1180_1180_1180_1180_1180_1180_1176_1191_876_877_877_1191_1175_1180_1176_1175_1192_1192
1032,1,1,1205,1206_1205
1033,2,2,1231,1230_1231
1034,1,1,1232,1233_1232
1035,4,2,1251,1253_1252_1251
1036,1,1,1293,1293
1037,1,1,1307,1350_1307
1038,1,1,1308,1308
1039,1,1,1311,1311
1040,1,1,1317,
1041,1,1,1320,1320
1042,1,1,1335,
1043,1,1,1386,
1044,1,1,25,85_25
1045,3,2,48,152_152_48
1046,1,1,51,51
1047,1,1,60,60
1048,1,1,79,79
1049,1,1,84,84
1050,1,1,103,103
1051,2,2,143,95_143
1052,1,1,169,169
1053,1,1,193,193
1054,1,1,200,200
1055,1,1,204,204
1056,1,1,222,223_222
1057,1,1,236,236
1058,1,1,267,267
1059,3,3,276,276
1060,1,1,277,277
1061,2,2,297,1004_1004_297
1062,1,1,298,298
1063,2,2,299,300_299
1064,1,1,310,310
1065,1,1,330,330
1066,1,1,336,336
1067,3,3,340,340
1068,2,2,362,363_550_362
1069,1,1,365,553_365
1070,1,1,372,372
1071,1,1,404,404
1072,2,2,413,437_414_413
1073,2,1,448,449_448
1074,1,1,453,453
1075,9,4,463,490_460_489_490_464_463
1076,10,6,468,467_467_468_467_469_469
1077,1,1,485,485
1078,1,1,495,495
1079,1,1,503,504_503
1080,1,1,509,509
1081,11,5,511,512_372_373_373_513_513_512_511
1082,1,1,525,525
1083,2,2,532,616_533_532
1084,1,1,535,535
1085,1,1,541,541
1086,1,1,544,
1087,6,5,551,752_671_671_670_550_551
1088,2,2,552,553_552
1089,8,5,557,564_479_558_664_664_558_557
1090,6,4,567,568_566_565_566_567
1091,1,1,573,586_573
1092,1,1,587,624_587
1093,2,2,589,515_589
1094,2,2,595,588_595
1095,1,1,603,632_603
1096,4,2,630,680_631_630
1097,1,1,634,634
1098,1,1,649,649
1099,2,1,654,655_654
1100,1,1,687,687
1101,5,3,695,693_694_695
1102,2,2,701,
1103,2,2,706,707_706
1104,1,1,723,724_723
1105,2,2,729,729
1106,1,1,745,745
1107,1,1,753,754_753
1108,3,3,759,759
1109,1,1,778,778
1110,1,1,781,781
1111,2,1,787,832_787
1112,1,1,844,845_844
1113,1,1,869,869
1114,5,4,875,1266_1266_1266_875
1115,1,1,891,892_891
1116,1,1,894,895_894
1117,1,1,902,902
1118,1,1,904,904
1119,1,1,920,1332_920
1120,1,1,928,929_928
1121,1,1,933,933
1122,1,1,947,947
1123,2,2,958,957_958
1124,1,1,973,973
1125,3,3,980,836_836_980
1126,1,1,1010,1011_1010
1127,2,2,1012,296_1012
1128,1,1,1015,1015
1129,1,1,1061,1065_1061
1130,1,1,1076,1076
1131,1,1,1092,1092
1132,3,3,1174,1180_1180_1174
1133,3,3,1186,1243_1166_1186
1134,1,1,1187,1187
1135,1,1,1206,1206
1136,1,1,1215,1216_1215
1137,1,1,1243,
1138,1,1,1257,1257
1139,1,1,1315,1315
1140,1,1,1327,1327
1141,1,1,1334,1334
1142,1,1,1347,1348_1347
1143,3,2,1351,1350_1307_1351
1144,2,1,1362,1363_1362
1145,3,2,1364,1365_1364
1146,3,2,1371,1374_1371
1147,1,1,1382,1382
1148,1,1,8,170_8
1149,1,1,56,206_56
1150,1,1,82,83_82
1151,12,5,121,139_138_138_139_138_139_137_121
1152,1,1,132,399_132
1153,1,1,141,141
1154,1,1,149,149
1155,1,1,155,155
1156,1,1,199,199
1157,1,1,241,241
1158,1,1,273,273
1159,2,1,278,1197_1209_278
1160,7,4,313,312_315_314_134_313
1161,1,1,316,
1162,1,1,323,323
1163,1,1,335,338_335
1164,4,2,348,665_665_738_348
1165,1,1,355,355
1166,1,1,358,358
1167,1,1,370,370
1168,1,1,373,
1169,2,2,384,384
1170,1,1,402,402
1171,27,12,405,405_408_407_407_408_408_406_405_406_407_407_406_405_404
1172,3,3,432,431_431_432
1173,1,1,445,445
1174,1,1,454,454
1175,1,1,480,480
1176,1,1,487,528_487
1177,1,1,500,500
1178,1,1,527,637_527
1179,1,1,534,534
1180,1,1,538,538
1181,1,1,540,540
1182,1,1,568,568
1183,53,20,585,711_573_573_586_586_711_712_568_566_566_568_566_568_1320_711_1320_1320_1320_567_565_568_568_565_712_712_711_585
1184,1,1,611,611
1185,1,1,614,614
1186,2,2,618,736_619_618
1187,2,1,625,626_625
1188,1,1,647,647
1189,4,1,674,1308_676_675_674
1190,5,4,677,677_678_678_677
1191,2,1,681,709_681
1192,3,1,685,722_685
1193,2,2,689,688_689
1194,1,1,691,692_691
1195,2,2,721,544_721
1196,1,1,742,742
1197,1,1,751,751
1198,3,2,763,217_811_763
1199,1,1,772,772
1200,1,1,775,775
1201,5,3,782,781_782
1202,1,1,784,903_784
1203,4,3,816,815_818_817_817_816
1204,1,1,817,
1205,1,1,818,818
1206,1,1,824,824
1207,1,1,830,959_830
1208,1,1,854,860_854
1209,2,2,887,987_987_887
1210,1,1,908,908
1211,1,1,930,
1212,1,1,942,944_942
1213,1,1,950,950
1214,1,1,988,995_988
1215,1,1,1001,1031_1001
1216,3,2,1020,1050_1019_1020
1217,1,1,1039,1040_1039
1218,2,2,1057,1080_1080_1057
1219,1,1,1066,1066
1220,2,1,1072,1073_1072
1221,1,1,1083,1083
1222,1,1,1085,1086_1085
1223,2,1,1093,1094_1093
1224,2,2,1097,1126_1126_1097
1225,1,1,1102,1102
1226,1,1,1120,1120
1227,2,2,1143,1143
1228,1,1,1158,1159_1158
1229,1,1,1169,1169
1230,4,3,1182,1149
1231,3,3,1189,1218_1189
1232,1,1,1204,1205_1204
1233,1,1,1228,
1234,5,4,1229,1230_1230_1229
1235,1,1,1233,1233
1236,1,1,1247,1247
1237,2,2,1254,679_1254
1238,1,1,1261,1261
1239,1,1,1264,1264
1240,1,1,1280,1280
1241,8,3,1282,78_79_12_12_79_1282
1242,2,1,1309,1310_1309
1243,1,1,1312,1312
1244,1,1,1318,1318
1245,1,1,1381,1381
1246,1,1,1390,1390
1247,2,1,21,1206_21
1248,1,1,50,51_50
1249,1,1,58,168_58
1250,1,1,68,68
1251,1,1,83,100_83
1252,1,1,106,233_106
1253,1,1,107,240_107
1254,1,1,119,119
1255,1,1,236,236
1256,1,1,256,256
1257,1,1,262,262
1258,1,1,277,277
1259,1,1,298,298
1260,2,1,300,1051_300
1261,3,2,308,309_43_309_308
1262,1,1,328,
1263,1,1,330,330
1264,2,1,332,1294_387_332
1265,1,1,345,433_345
1266,4,3,352,575_352
1267,1,1,364,365_364
1268,1,1,388,453_388
1269,1,1,401,401
1270,1,1,403,403
1271,1,1,420,421_420
1272,1,1,442,442
1273,1,1,449,449
1274,1,1,462,462
1275,2,2,471,1352_471
1276,2,1,473,754_753_473
1277,1,1,474,656_474
1278,1,1,483,739_483
1279,1,1,496,1256_496
1280,6,2,499,620_745_498_499
1281,16,9,505,1370_713_465_465_465_678_465_678_465_465_506_506_713_505
1282,1,1,508,509_508
1283,1,1,535,535
1284,2,2,553,365_553
1285,3,1,560,743_560
1286,1,1,562,562
1287,170,19,578,591_579_591_590_577_591_694_694_693_693_590_683_683_590_590_580_580_634_580_635_634_635_634_1319_1318_579_578_577_1315_591_523_523_522_523_709_523_522_706_630_679_680_681_681_709_709_499_498_497_497_620_620_744_745_620_499_745_500_500_744_499_498_592_591_1315_591_591_577_590_693_693_577_581_579_693_693_693
1288,1,1,596,596
1289,2,1,601,602_684_601
1290,1,1,617,617
1291,1,1,624,624
1292,1,1,632,655_632
1293,1,1,638,1289_638
1294,1,1,641,704_641
1295,1,1,653,653
1296,1,1,660,660
1297,1,1,661,662_661
1298,1,1,672,672
1299,2,2,710,707_710
1300,1,1,727,727
1301,1,1,734,734
1302,1,1,748,749_748
1303,1,1,755,755
1304,3,2,773,851_796_796_773
1305,2,1,783,783
1306,1,1,790,847_790
1307,4,3,795,916_1264_795
1308,1,1,802,803_802
1309,1,1,805,1239_805
1310,1,1,808,808
1311,1,1,809,810_809
1312,42,19,812,811_217_217_812_813_947_813_813_217_217_812_217_811_763_763_217_217_813_812
1313,1,1,831,1299_831
1314,1,1,837,984_837
1315,2,2,844,964_964_844
1316,1,1,866,866
1317,1,1,881,1205_881
1318,1,1,933,933
1319,1,1,939,956_939
1320,4,3,947,950_947
1321,1,1,951,951
1322,1,1,957,957
1323,13,7,962,908_911_1386_961_908_961_961_908_908_962
1324,1,1,963,963
1325,1,1,968,968
1326,1,1,969,970_969
1327,1,1,993,994_993
1328,1,1,1018,1018
1329,1,1,1031,1031
1330,1,1,1049,1049
1331,6,3,1052,1029_1052_1053
1332,1,1,1060,1061_1060
1333,1,1,1064,1064
1334,1,1,1099,1100_1099
1335,1,1,1109,1109
1336,1,1,1118,1118
1337,1,1,1129,1130_1129
1338,1,1,1142,1142
1339,1,1,1151,1238_1151
1340,1,1,1155,1155
1341,1,1,1159,1159
1342,2,2,1167,1168_1171_1167
1343,1,1,1198,1198
1344,1,1,1202,1208_1202
1345,2,2,1215,1216_1218_1215
1346,1,1,1219,1220_1219
1347,1,1,1243,1243
1348,1,1,1246,1246
1349,2,1,1248,1249_1248
1350,4,4,1257,728_728_728_1257
1351,1,1,1301,1301
1352,1,1,1308,1308
1353,1,1,1311,1311
1354,1,1,1315,1315
1355,2,2,1327,1326_1327
1356,1,1,1335,1335
1357,1,1,1336,1336
1358,3,3,1354,1353_1353_1354
1359,1,1,1359,1359
1360,1,1,1362,
1361,1,1,1364,1364
1362,1,1,1375,1375
1363,41,18,6,109_109_109_5_109_5_5_109_5_109_5_109_5_109_5_5_5_109_5_109_5_109_5_5_103_103_7_5
1364,1,1,9,67_9
1365,1,1,28,333_28
1366,80,18,29,1294_30_387_327_1294_332_30_30_312_312_312_436_312_456_134_454_433_341_316_454_454_315_454_433_316_315_312_315_314_313_29
1367,1,1,121,121
1368,1,1,144,144
1369,1,1,148,149_148
1370,1,1,150,150
1371,3,3,164,165_165_165_164
1372,1,1,193,193
1373,5,4,199,200_200_200_199
1374,1,1,201,201
1375,1,1,203,203
1376,1,1,205,205
1377,1,1,218,823_218
1378,2,2,273,272_273
1379,1,1,281,282_281
1380,1,1,302,302
1381,1,1,321,322_321
1382,1,1,362,550_362
1383,1,1,363,363
1384,1,1,367,367
1385,1,1,383,383
1386,1,1,407,408
1387,1,1,413,414_413
1388,1,1,430,430
1389,1,1,433,433
1390,1,1,454,
1391,1,1,475,476_475
1392,1,1,484,484
1393,2,1,491,1390_491
1394,2,2,497,498_497
1395,1,1,502,502
1396,3,2,504,503_504
1397,1,1,510,510
1398,1,1,514,515_514
1399,1,1,522,523_522
1400,1,1,525,526_525
1401,1,1,527,637_527
1402,1,1,531,531
1403,2,2,532,616_532
1404,1,1,533,533
1405,2,2,534,535_534
1406,3,2,545,555_546_545
1407,1,1,549,549
1408,1,1,581,634_581
1409,1,1,587,587
1410,1,1,621,724_621
1411,1,1,640,640
1412,1,1,667,667
1413,1,1,674,675_674
1414,1,1,680,680
1415,1,1,681,708_681
1416,1,1,688,688
1417,1,1,695,696_695
1418,3,2,701,701
1419,1,1,706,706
1420,1,1,709,709
1421,14,8,717,752_719_718_717_717_718_719_753_718_717
1422,1,1,729,729
1423,1,1,736,736
1424,1,1,742,742
1425,2,2,744,744
1426,1,1,775,775
1427,2,1,784,920_903_784
1428,1,1,822,822
1429,1,1,828,829_828
1430,2,2,834,908_834
1431,2,2,838,837_838
1432,1,1,845,845
1433,1,1,856,856
1434,40,18,873,782_782_781_781_782_781_782_782_782_780_780_781
1435,1,1,904,904
1436,1,1,909,1298_909
1437,1,1,915,915
1438,1,1,931,931
1439,1,1,956,956
1440,2,2,978,977_978
1441,1,1,979,979
1442,4,3,988,995_995_988
1443,1,1,990,991_990
1444,1,1,1017,1017
1445,1,1,1034,1035_1034
1446,1,1,1041,1044_1041
1447,1,1,1058,1059_1058
1448,3,2,1066,1082_1082_1066
1449,3,2,1075,1074_1075
1450,1,1,1086,1086
1451,1,1,1098,1098
1452,1,1,1104,1115_1104
1453,1,1,1121,1121
1454,1,1,1124,1125_1124
1455,1,1,1166,1166
1456,1,1,1173,1173
1457,1,1,1179,1179
1458,1,1,1223,1223
1459,1,1,1230,1231
1460,1,1,1232,1233_1232
1461,1,1,1236,1236
1462,2,2,1237,1237
1463,1,1,1239,1239
1464,2,2,1240,1144_1240
1465,3,2,1242,1163_1170_1242
1466,2,2,1280,1186_1280
1467,1,1,1284,1284
1468,1,1,1318,1319_1318
1469,1,1,1322,1322
1470,1,1,1332,1332
1471,1,1,1348,1348
1472,1,1,1356,1356
1473,1,1,1371,1374_1371
1474,1,1,1372,1372
1475,1,1,1385,1385
1476,1,1,43,43
1477,2,1,48,152_48
1478,1,1,51,51
1479,1,1,54,55_54
1480,1,1,67,142_67
1481,1,1,83,84_83
1482,2,1,104,105_104
1483,1,1,107,107
1484,2,2,143,95_143
1485,4,3,178,204_203_178
1486,1,1,222,223_222
1487,1,1,236,236
1488,7,7,256,256
1489,1,1,275,275
1490,1,1,299,300_299
1491,1,1,301,301
1492,1,1,327,
1493,10,7,340,328_329_329_340
1494,11,5,354,614_355_562_562_355_354_614
1495,1,1,368,368
1496,2,1,388,453_388
1497,1,1,403,438_403
1498,1,1,411,1376_411
1499,1,1,414,414
1500,1,1,416,416
1501,1,1,417,417
1502,1,1,418,419_418
1503,10,5,446,1317_447_1316_1317_1316_447_447_594_1316_1317_446
1504,1,1,451,451
1505,1,1,460,460
1506,1,1,462,462
1507,2,1,463,463
1508,2,2,483,739_555_483
1509,3,2,487,528_487
1510,1,1,539,539
1511,1,1,560,560
1512,1,1,573,573
1513,1,1,580,580
1514,1,1,584,648_584
1515,1,1,596,596
1516,3,2,618,617_618
1517,1,1,624,624
1518,1,1,632,632
1519,2,2,641,704_704_641
1520,1,1,644,645_644
1521,2,2,671,671
1522,1,1,684,684
1523,2,2,685,722
1524,1,1,689,689
1525,1,1,692,692
1526,1,1,696,697_696
1527,2,1,703,757_703
1528,1,1,716,716
1529,1,1,737,737
1530,1,1,741,741
1531,1,1,751,751
1532,1,1,772,772
1533,1,1,774,774
1534,3,2,776,777_985_777_776
1535,3,3,778,779_779_779_778
1536,2,1,787,832_787
1537,1,1,801,802_801
1538,1,1,807,808_807
1539,1,1,815,815
1540,1,1,848,849_848
1541,1,1,854,854
1542,3,2,855,856_855
1543,56,17,859,870_870_870_870_858_858_870_858_870_870_1266_1266_1266_875_1266_875_1266_860_855_854_853_854_858_858
1544,2,2,876,877_877_876
1545,1,1,878,878
1546,1,1,883,883
1547,1,1,918,918
1548,1,1,920,920
1549,1,1,929,929
1550,1,1,941,941
1551,1,1,952,952
1552,1,1,954,954
1553,1,1,980,980
1554,3,3,984,837_837_984
1555,1,1,1004,1004
1556,2,2,1010,1011_1011_1010
1557,1,1,1018,1018
1558,17,5,1020,1021_1050_1021_1050_1019_1050_1021_1051_300_300_299_297_298_1051_300_1050_1020
1559,1,1,1033,1033
1560,1,1,1048,1048
1561,2,2,1051,1054
1562,13,6,1057,1080_1080_1059_1059_1080_1080_1057_1057_1059_1058_1057
1563,1,1,1061,1061
1564,1,1,1064,1064
1565,1,1,1065,1065
1566,1,1,1083,1106_1083
1567,1,1,1087,1088_1087
1568,2,1,1099,1099
1569,1,1,1110,1110
1570,2,2,1118,1114_1118
1571,1,1,1126,1126
1572,1,1,1131,1132_1131
1573,1,1,1138,1138
1574,1,1,1155,1155
1575,1,1,1160,1160
1576,4,2,1164,1166_1165_1164
1577,1,1,1174,
1578,1,1,1187,1187
1579,1,1,1188,1188
1580,2,1,1190,
1581,1,1,1192,1192
1582,1,1,1194,1194
1583,1,1,1212,1258_1212
1584,2,2,1216,1223_1216
1585,1,1,1220,1224_1220
1586,2,2,1233,1153_1233
1587,1,1,1251,1251
1588,1,1,1293,1293
1589,1,1,1307,1351_1307
1590,2,2,1313,1314_1313
1591,1,1,1342,
1592,1,1,1377,1377
1593,1,1,103,103
1594,3,2,130,88_87_130
1595,1,1,131,131
1596,1,1,160,161_160
1597,1,1,169,169
1598,1,1,193,193
1599,3,2,233,235_234_106_233
1600,1,1,240,240
1601,2,1,261,262_261
1602,2,2,270,270
1603,4,3,309,43_309
1604,1,1,314,315_314
1605,1,1,332,332
1606,1,1,348,348
1607,14,7,362,550_363_550_363_1289_548_549_549_550_363_550_362
1608,1,1,364,552_364
1609,1,1,373,373
1610,1,1,396,396
1611,1,1,399,399
1612,3,3,435,453_454_453_435
1613,1,1,442,442
1614,1,1,448,449_448
1615,3,2,473,473
1616,1,1,476,477_476
1617,1,1,480,480
1618,1,1,488,488
1619,2,1,489,490_489
1620,1,1,491,491
1621,15,4,498,745_499_681_710_709_709_497_744_500_500_498
1622,1,1,500,
1623,6,4,513,729_729_730_730_513
1624,1,1,535,535
1625,16,16,542,
1626,3,2,546,547
1627,1,1,583,583
1628,1,1,586,586
1629,1,1,615,616_615
1630,1,1,630,680_630
1631,1,1,636,636
1632,5,4,653,604_467_604_604_653
1633,1,1,662,662
1634,11,7,674,675_1308_1308_717_1308_675_671_752_752_717_674
1635,1,1,676,676
1636,2,1,706,707_706
1637,1,1,711,711
1638,3,2,713,505_713
1639,2,2,723,724_724_723
1640,1,1,736,736
1641,1,1,767,768_767
1642,1,1,810,810
1643,1,1,816,816
1644,10,5,817,815_815_815_816_818_954_818_817
1645,1,1,818,
1646,1,1,833,833
1647,1,1,851,851
1648,6,4,875,1266_1266_1266_875
1649,1,1,879,879
1650,2,1,881,1206_1205_881
1651,1,1,909,1298_909
1652,1,1,911,1386_911
1653,1,1,931,931
1654,1,1,933,933
1655,5,3,951,946_947_951
1656,2,2,956,983_983_956
1657,1,1,1012,1012
1658,1,1,1013,1013
1659,1,1,1031,1031
1660,1,1,1038,1042_1038
1661,1,1,1044,1044
1662,1,1,1068,1068
1663,2,1,1088,1094_1088
1664,1,1,1125,1125
1665,2,2,1145,1142_1145
1666,1,1,1162,1162
1667,2,2,1184,
1668,9,4,1210,880_1193_1194_880_1210
1669,2,2,1215,1218_1215
1670,1,1,1232,1232
1671,1,1,1236,1236
1672,1,1,1264,1264
1673,3,3,1282,78_79_1282
1674,1,1,1311,1311
1675,1,1,1319,1319
1676,1,1,1327,1327
1677,1,1,1330,1331_1330
1678,1,1,1334,1334
1679,2,2,1351,1307_1351
1680,1,1,1359,1359
1681,3,3,1360,869_869_1360
1682,1,1,1364,1364
1683,2,2,1365,1365
1684,2,1,1372,1375_1372
1685,5,5,42,380_380_380_380_380_42
1686,2,2,54,55_55_54
1687,1,1,57,58_57
1688,1,1,72,72
1689,1,1,77,111_77
1690,1,1,138,138
1691,2,2,151,48_151
1692,1,1,165,165
1693,1,1,230,231_230
1694,1,1,235,235
1695,1,1,236,236
1696,1,1,267,267
1697,1,1,274,274
1698,2,2,301,301
1699,1,1,305,306_305
1700,1,1,310,310
1701,1,1,313,
1702,2,1,315,315
1703,1,1,319,319
1704,3,3,352,575_575_575_352
1705,1,1,369,369
1706,3,2,370,532_370
1707,3,3,388,453_453_388
1708,1,1,403,403
1709,1,1,411,1376_411
1710,1,1,414,414
1711,1,1,418,419_418
1712,1,1,431,432_431
1713,1,1,433,433
1714,2,2,441,437_441
1715,2,2,445,445
1716,59,15,463,490_489_463_464_463_464_464_461_677_461_461_677_677_461_461_461_677_461_461_461_461_462_489_489_290_290_460_290_460_463_489_489_290_290_463_463
1717,5,4,468,467_468
1718,13,6,477,1172_476_1172_1172_476_1172_476_1172_477
1719,1,1,485,698_485
1720,2,2,496,1256_1256_496
1721,1,1,502,502
1722,8,5,503,503_505_503_503_504
1723,1,1,508,509_508
1724,41,15,511,373_373_512_373_373_372_372_372_372_373_513_512_513_372_372_730_513_511
1725,1,1,514,515_514
1726,2,1,522,523_522
1727,1,1,525,526_525
1728,1,1,527,637_527
1729,2,1,533,533
1730,3,2,534,529_534
1731,1,1,541,541
1732,1,1,549,549
1733,3,3,551,551
1734,1,1,552,553_552
1735,1,1,554,554
1736,1,1,558,558
1737,2,2,560,559_560
1738,1,1,568,568
1739,30,15,570,571_692_692_691_569_571_571_571_571_571_571_569_571_571_571_571_594_569_571_594_569_571_1316_691
1740,2,2,573,587_586_573
1741,2,1,579,580_579
1742,1,1,603,632_603
1743,2,2,621,620_621
1744,1,1,623,623
1745,1,1,624,624
1746,1,1,634,634
1747,1,1,651,652_651
1748,1,1,654,749_654
1749,1,1,656,656
1750,3,3,667,666_668_667
1751,6,3,668,664_1301_1300_1300
1752,1,1,672,673_672
1753,1,1,677,677
1754,1,1,679,1254_679
1755,1,1,701,
1756,3,2,704,705_641_704
1757,1,1,710,
1758,1,1,716,716
1759,1,1,721,721
1760,2,2,728,302_728
1761,4,2,738,665_738
1762,4,4,751,608_608_608
1763,1,1,755,755
1764,3,3,774,933_933_774
1765,1,1,789,936_789
1766,2,1,795,795
1767,1,1,802,803_802
1768,11,8,804,803_802_803_803_1267_803_804
1769,1,1,809,809
1770,1,1,844,844
1771,2,2,845,845
1772,2,2,866,867_866
1773,2,1,867,868
1774,1,1,877,877
1775,1,1,878,878
1776,1,1,893,893
1777,4,3,894,895_895_895_894
1778,1,1,903,903
1779,1,1,908,
1780,1,1,935,935
1781,2,1,937,938_937
1782,1,1,957,957
1783,1,1,960,960
1784,3,2,969,970_969
1785,1,1,981,981
1786,1,1,995,995
1787,22,13,1007,1006_1006_1034_1006_1034_1006_1006_1006_1006_1003_1003_1006_1034_1006_1006_1007
1788,1,1,1011,1011
1789,1,1,1015,1015
1790,1,1,1021,
1791,1,1,1035,1035
1792,1,1,1043,1043
1793,1,1,1053,1053
1794,4,3,1073,1096_1110_1095_1095_1073
1795,7,3,1138,1167_1168_1167_1139_1170_1138
1796,30,10,1143,1144_1238_1142_1144_1240_1240_1142_1145_1144_1143
1797,1,1,1150,1150
1798,2,1,1154,1207_1154
1799,1,1,1155,1155
1800,1,1,1160,1160
1801,2,1,1170,1242_1170
1802,1,1,1173,1173
1803,2,2,1181,1181
1804,1,1,1186,1186
1805,2,2,1187,1169_1187
1806,1,1,1203,1209_1203
1807,3,3,1228,1228
1808,1,1,1248,1248
1809,1,1,1253,1253
1810,1,1,1259,1283_1259
1811,1,1,1274,1275_1274
1812,1,1,1277,1277
1813,3,3,1290,1291_1290
1814,1,1,1331,1332_1331
1815,1,1,1353,1353
1816,1,1,1362,1362
1817,21,15,1371,1374_1374_1374_1374_1374_1374_1374_1374_1374
1818,1,1,1390,1390
1819,3,2,74,73_74
1820,1,1,88,131_88
1821,1,1,103,103
1822,3,3,107,106_106_107
1823,1,1,108,108
1824,1,1,111,111
1825,1,1,127,127
1826,1,1,128,129_128
1827,1,1,132,399_132
1828,1,1,143,143
1829,1,1,144,144
1830,1,1,160,160
1831,2,2,193,192_193
1832,1,1,196,197_196
1833,1,1,204,204
1834,1,1,205,205
1835,2,1,206,206
1836,1,1,215,807_215
1837,1,1,222,223_222
1838,2,1,265,383_265
1839,5,3,275,276_276_275
1840,1,1,292,1055_292
1841,2,1,297,1004_297
1842,1,1,312,
1843,4,2,331,394_394_331
1844,5,4,349,650_746_746_650_349
1845,1,1,364,365_364
1846,8,3,371,526_372_637_533_528_528_527_637_371
1847,1,1,402,402
1848,3,2,413,414_413
1849,1,1,422,422
1850,1,1,432,432
1851,1,1,444,444
1852,3,2,462,677_462
1853,2,2,488,487_488
1854,1,1,489,510_489
1855,2,2,493,494_726_493
1856,5,3,531,526_531
1857,1,1,540,540
1858,1,1,553,553
1859,1,1,591,591
1860,2,1,602,684_602
1861,1,1,611,611
1862,1,1,627,628_627
1863,1,1,632,632
1864,1,1,635,636_635
1865,1,1,638,1289_638
1866,1,1,643,644_643
1867,1,1,648,648
1868,1,1,649,649
1869,2,1,675,676_675
1870,1,1,681,681
1871,1,1,688,689_688
1872,2,2,695,696_696_695
1873,1,1,733,733
1874,1,1,754,754
1875,1,1,776,777_776
1876,9,6,779,778_214_779_214_779_778_779
1877,1,1,806,966_806
1878,4,3,810,809_810
1879,1,1,824,824
1880,1,1,831,1299_831
1881,2,2,832,787_832
1882,2,2,837,836_837
1883,1,1,847,848_847
1884,1,1,849,849
1885,1,1,860,952_860
1886,2,2,879,878_879
1887,2,1,898,1130_1129_898
1888,1,1,927,928_927
1889,1,1,931,931
1890,2,2,939,940_939
1891,1,1,941,941
1892,1,1,977,978_977
1893,5,3,983,982_956_983
1894,1,1,988,988
1895,1,1,997,1045_997
1896,2,2,1003,1003
1897,2,1,1027,1037_1027
1898,2,1,1051,1054
1899,1,1,1068,1068
1900,1,1,1072,1072
1901,1,1,1075,1075
1902,1,1,1078,1121_1078
1903,1,1,1120,1120
1904,1,1,1125,1125
1905,1,1,1134,1220_1134
1906,35,14,1165,1280_1166_1166_1166_1166_1186_1243_1166_1280_1280_1166_1166_1280_1280_1166_1166_1166_1164_1164_1166
1907,1,1,1198,1198
1908,3,3,1206,21_21_1206
1909,1,1,1208,1208
1910,1,1,1225,1225
1911,1,1,1231,1231
1912,1,1,1240,1240
1913,1,1,1243,1243
1914,1,1,1263,1263
1915,2,2,1291,1291
1916,4,2,1294,
1917,1,1,1311,1311
1918,1,1,1317,
1919,1,1,1318,1318
1920,1,1,1327,1327
1921,1,1,1329,1329
1922,1,1,1330,1330
1923,1,1,1334,1334
1924,9,3,1335,1210_1193_1194_1194
1925,2,1,1346,1348_1347_1346
1926,1,1,1352,1352
1927,1,1,7,7
1928,1,1,9,67_9
1929,1,1,13,72_13
1930,32,13,43,43_310_310_310
1931,2,2,48,47_48
1932,1,1,58,168_58
1933,1,1,76,77_76
1934,2,2,95,143_95
1935,1,1,100,100
1936,5,4,104,104_105_105_104
1937,1,1,116,116
1938,1,1,123,1288_123
1939,28,13,137,139_138_138_139_139_138_139_139_138_139_138_138_139_139_138_120_101_121
1940,1,1,140,140
1941,2,1,148,149_148
1942,14,6,185,200_200_200_200_197_200_199_185
1943,2,1,237,238_237
1944,1,1,302,303_302
1945,8,4,314,315_315_315_315
1946,2,1,319,320_319
1947,1,1,327,327
1948,1,1,341,341
1949,1,1,345,433_345
1950,1,1,365,365
1951,1,1,374,374
1952,1,1,409,410_409
1953,2,2,431,432_431
1954,3,1,448,558_557_448
1955,1,1,460,460
1956,1,1,474,656_474
1957,1,1,502,502
1958,1,1,508,509_508
1959,1,1,522,522
1960,1,1,532,532
1961,7,4,533,661_532_533_661_662
1962,1,1,539,556_539
1963,1,1,547,
1964,1,1,554,554
1965,1,1,555,555
1966,1,1,606,742_606
1967,2,1,620,745_620
1968,1,1,623,623
1969,1,1,625,626_625
1970,1,1,634,634
1971,1,1,654,749_654
1972,1,1,666,666
1973,2,2,671,752_752_671
1974,1,1,679,1255_679
1975,1,1,680,680
1976,1,1,687,687
1977,1,1,700,700
1978,1,1,710,710
1979,1,1,711,711
1980,1,1,712,712
1981,1,1,713,713
1982,1,1,716,716
1983,1,1,725,725
1984,3,3,727,494_726_727
1985,1,1,767,768_767
1986,1,1,771,791_771
1987,1,1,772,773_772
1988,1,1,790,790
1989,5,2,794,1264_795_851_851_794
1990,1,1,814,814
1991,1,1,838,838
1992,1,1,853,854_853
1993,1,1,901,902_901
1994,1,1,916,916
1995,2,2,949,946_949
1996,1,1,950,950
1997,1,1,952,952
1998,1,1,957,963_957
1999,1,1,961,961
2000,1,1,995,995
2001,1,1,1017,1017
2002,1,1,1019,1019
2003,14,13,1026,1025_1025_1025_1025_1025_1025_1025_1025_1025_1025_1025
2004,1,1,1028,1028
2005,2,1,1029,1053_1029
2006,1,1,1052,1052
2007,1,1,1054,1054
2008,1,1,1077,1077
2009,1,1,1079,1079
2010,1,1,1089,1090_1089
2011,1,1,1117,1117
2012,1,1,1150,1150
2013,2,1,1151,1152_1151
2014,1,1,1155,1155
2015,1,1,1169,1169
2016,1,1,1177,1177
2017,1,1,1210,
2018,1,1,1216,1223_1216
2019,9,5,1236,1237_1237_1237_878_1237_1236
2020,2,2,1247,1246_1247
2021,1,1,1249,1249
2022,1,1,1257,1257
2023,1,1,1297,1377_1297
2024,1,1,1315,1315
2025,2,2,1359,358_1359
2026,1,1,1361,
2027,1,1,1365,1365
2028,1,1,1370,1370
2029,1,1,1376,1376
2030,1,1,1381,1381
2031,1,1,1382,1382
2032,1,1,1384,1385_1384
2033,2,1,2,51_50_2
2034,1,1,27,277_27
2035,1,1,65,65
2036,3,2,67,142_67
2037,1,1,68,68
2038,1,1,72,72
2039,1,1,83,83
2040,2,2,87,416_88_87
2041,1,1,88,
2042,1,1,111,111
2043,1,1,121,121
2044,1,1,139,
2045,2,1,154,156_155_154
2046,1,1,157,159_157
2047,35,12,202,241_241_203_178_178_242_204_204_241_178_203_241_241_178
2048,3,2,222,223_1384_223_222
2049,4,4,228,227_227_227_228
2050,2,2,265,383_383_265
2051,2,2,308,308
2052,2,2,310,310
2053,5,4,317,317_319_318_317
2054,3,2,348,737_737_348
2055,24,12,354,562_354_354_354_562_354_562_663_663
2056,28,12,370,616_533_532_531_531_531_526_526_371_371_532_532_371_531_616_532_371_532
2057,1,1,376,376
2058,3,1,384,403_384
2059,1,1,396,396
2060,1,1,400,401_400
2061,2,2,404,404
2062,1,1,433,433
2063,13,5,435,453_454_454_408_408_388_388_453_453_435
2064,22,11,441,442_442_442_442_442_437_437_442_442_437_129_129_442_441
2065,1,1,445,690_445
2066,4,4,480,479_479_576_480
2067,2,2,487,529_487
2068,4,3,505,505
2069,1,1,510,510
2070,1,1,525,525
2071,4,2,534,757_534
2072,14,6,553,365_365_364_364_553_553_553_552_554
2073,2,1,556,556
2074,1,1,574,574
2075,2,1,580,581
2076,3,3,585,585
2077,1,1,591,
2078,1,1,595,595
2079,1,1,626,626
2080,1,1,632,684_632
2081,1,1,644,645_644
2082,1,1,646,646
2083,1,1,648,649_648
2084,1,1,668,669_668
2085,1,1,672,672
2086,1,1,675,676
2087,2,1,688,689_688
2088,1,1,701,702_701
2089,2,2,704,641_704
2090,13,6,706,680_706_680_680_706_707
2091,1,1,708,708
2092,1,1,728,728
2093,1,1,729,729
2094,2,2,753,753
2095,1,1,784,903_784
2096,1,1,787,787
2097,1,1,798,798
2098,1,1,821,821
2099,1,1,839,839
2100,3,3,844,964_964_964_844
2101,1,1,855,856_855
2102,7,5,869,1360_869_1360_869
2103,1,1,870,870
2104,1,1,878,878
2105,1,1,886,886
2106,1,1,904,904
2107,1,1,906,906
2108,2,1,918,1355_918
2109,2,1,920,1332_920
2110,1,1,927,928_927
2111,1,1,947,947
2112,1,1,951,951
2113,1,1,963,963
2114,1,1,978,979_978
2115,1,1,985,985
2116,1,1,988,988
2117,1,1,994,994
2118,19,5,1004,1035_1035_296_297_1035_1019_1021_1021_1020_300_299_1050_1050_1021_1019_1021_1004
2119,1,1,1037,1037
2120,9,5,1051,300_1054_301_301_300_1051
2121,1,1,1055,1055
2122,1,1,1063,1064_1063
2123,9,7,1067,1067_1067_1067_1067_1067_1068_1067
2124,1,1,1075,1075
2125,1,1,1099,1121_1099
2126,6,4,1110,1095_1081_1095_1110
2127,1,1,1125,1125
2128,1,1,1129,1130_1129
2129,1,1,1139,1139
2130,1,1,1140,1140
2131,1,1,1158,1159_1158
2132,3,3,1170,1138_1138_1170
2133,1,1,1176,1176
2134,2,1,1205,1225_1205
2135,2,2,1224,1220_1224
2136,1,1,1229,1229
2137,3,2,1232,1233_1232
2138,1,1,1240,1240
2139,1,1,1248,1248
2140,1,1,1267,1267
2141,1,1,1282,1282
2142,1,1,1283,1283
2143,1,1,1284,1284
2144,2,1,1298,1298
2145,1,1,1317,1317
2146,4,3,1318,1319_1319_1318
2147,1,1,1320,
2148,2,2,1327,1326_1327
2149,3,3,1328,1329_1329_1329_1328
2150,1,1,1351,1351
2151,4,3,1364,1365_1364
2152,1,1,7,103_7
2153,3,2,12,95_143_12
2154,3,3,13,72_72_13
2155,1,1,21,21
2156,1,1,25,85_25
2157,3,3,51,50_50_51
2158,3,2,58,168_168_58
2159,1,1,74,74
2160,9,4,78,79_79_78_1282_78
2161,1,1,81,82_81
2162,1,1,130,130
2163,1,1,161,161
2164,12,11,184,138
2165,1,1,186,253_186
2166,9,9,198,185_185_185_185_198
2167,1,1,203,
2168,1,1,237,237
2169,1,1,277,277
2170,32,9,298,1018_1018_300_1021_1035_297_1005_1036_1035_296_297_1004_1005_1004_1019_1021_1020_1050_1056_300_299_298
2171,1,1,311,311
2172,1,1,324,324
2173,5,3,327,329_328
2174,12,6,341,315_316_341
2175,1,1,350,448_350
2176,6,3,352,352_575
2177,8,4,353,451_559_450_450_451_353
2178,1,1,369,369
2179,2,2,381,282_381
2180,1,1,394,394
2181,1,1,399,399
2182,1,1,410,410
2183,1,1,411,411
2184,1,1,413,414_413
2185,2,1,415,416_415
2186,1,1,427,
2187,2,2,428,428
2188,3,3,446,1317_445_446
2189,1,1,460,460
2190,1,1,466,466
2191,1,1,497,497
2192,2,2,500,
2193,1,1,515,589_515
2194,1,1,538,538
2195,9,4,551,670_670_672_671_551
2196,4,4,558,559_664_557_449_558
2197,1,1,562,562
2198,1,1,573,587_573
2199,1,1,596,596
2200,1,1,618,618
2201,1,1,619,620_619
2202,1,1,623,623
2203,2,2,625,626_625
2204,1,1,653,653
2205,17,11,654,655_604_604_604_604_604_604_604_684_632_632_655_655_604_604_604_655
2206,1,1,657,657
2207,1,1,664,
2208,1,1,665,738_665
2209,1,1,677,677
2210,2,2,681,709_709_681
2211,1,1,685,
2212,14,7,695,696_696_696_697_697_694_695_696_694
2213,1,1,712,712
2214,2,2,713,1370_713
2215,1,1,719,719
2216,1,1,732,732
2217,1,1,743,743
2218,2,1,748,749_748
2219,1,1,791,849_791
2220,8,4,795,916_1264_776_852_852_916_795
2221,1,1,802,802
2222,1,1,807,808_807
2223,1,1,820,820
2224,1,1,824,824
2225,3,2,832,787_832
2226,1,1,837,837
2227,1,1,852,
2228,1,1,853,853
2229,1,1,876,877_876
2230,23,11,879,878_1237_1233_1192_1237_1237_878_1236_879
2231,1,1,881,
2232,2,1,901,902_901
2233,1,1,903,903
2234,9,6,909,1298_1298_909
2235,4,3,924,985_925_924
2236,2,2,930,
2237,16,10,933,775_933_933_775_933_933_774_775_933_933
2238,1,1,946,946
2239,1,1,961,1386_961
2240,4,3,962,961_962
2241,8,4,975,976_1311_1311_975
2242,1,1,980,980
2243,17,7,983,982_982_983_963_957_963_983_983_956
2244,1,1,995,995
2245,1,1,1005,1005
2246,1,1,1012,1012
2247,2,1,1041,1044_1041
2248,1,1,1049,1049
2249,4,4,1053,1029_1052_1029_1053
2250,1,1,1054,
2251,1,1,1061,1062_1061
2252,3,2,1073,1088_1094_1073
2253,1,1,1114,1118_1114
2254,1,1,1151,1152_1151
2255,1,1,1155,1155
2256,1,1,1164,1164
2257,1,1,1167,1167
2258,1,1,1168,1169_1168
2259,1,1,1171,1171
2260,2,2,1187,1169_1187
2261,1,1,1188,1188
2262,1,1,1215,1218_1215
2263,1,1,1231,1231
2264,1,1,1245,1245
2265,1,1,1281,1281
2266,1,1,1290,1290
2267,1,1,1314,1314
2268,1,1,1321,1321
2269,4,3,1322,1322
2270,1,1,1331,1331
2271,1,1,1346,1347_1346
2272,2,1,1372,1375_1372
2273,3,2,1381,970_1381
2274,1,1,27,27
2275,14,10,29,
2276,4,2,48,151_47_49_48
2277,2,1,54,55_54
2278,2,2,57,56_57
2279,2,2,65,
2280,1,1,73,73
2281,1,1,76,76
2282,1,1,77,111_77
2283,1,1,88,88
2284,1,1,89,89
2285,4,3,103,7_103
2286,14,10,106,106_106_106_106_233_107_106
2287,2,2,108,108
2288,1,1,140,140
2289,2,2,149,148_149
2290,2,1,164,165_164
2291,1,1,169,169
2292,3,1,181,197_196_181
2293,26,10,236,238_236_206_206_206_238_238
2294,3,2,267,267
2295,1,1,319,320
2296,3,2,347,584_347
2297,21,10,362,550_550_550_363_363_550_670_551_550
2298,3,2,371,637_637_527
2299,2,2,401,330_401
2300,1,1,430,431_430
2301,1,1,437,437
2302,9,8,448,557_350_557_350_350_350_557_449_350_448
2303,1,1,456,456
2304,1,1,468,468
2305,1,1,473,473
2306,1,1,485,485
2307,1,1,489,510_489
2308,2,2,508,509_509_508
2309,1,1,518,519_518
2310,1,1,523,523
2311,1,1,528,528
2312,1,1,546,547_546
2313,7,4,548,548_549
2314,1,1,559,
2315,2,2,560,560
2316,2,2,586,573_586
2317,1,1,594,1316_594
2318,1,1,617,617
2319,1,1,620,
2320,3,2,645,645
2321,1,1,673,673
2322,2,2,684,602_684
2323,1,1,691,691
2324,1,1,692,692
2325,1,1,698,698
2326,1,1,702,
2327,3,2,705,704_705
2328,1,1,711,711
2329,1,1,715,715
2330,5,4,724,724_723_724
2331,1,1,758,758
2332,3,2,769,1106_1106_1083_769
2333,43,10,771,772_791_851_790_791_791_796_796_796_796_796_773_791_851_772
2334,2,1,773,773
2335,1,1,790,790
2336,1,1,796,796
2337,8,4,815,816_817_817_816_815
2338,1,1,817,
2339,1,1,835,835
2340,1,1,838,838
2341,1,1,839,839
2342,2,2,845,845
2343,1,1,886,886
2344,1,1,906,906
2345,1,1,907,981_907
2346,27,10,908,833_834_961_962_834_834_1386_1386_962_961_961_834_834_834_834
2347,3,3,920,1332_1332_1332_920
2348,2,2,923,923
2349,1,1,932,932
2350,1,1,936,936
2351,2,1,937,938_937
2352,9,5,941,941_761_945
2353,7,3,947,951_949_946_947
2354,1,1,969,969
2355,1,1,974,974
2356,33,10,984,836_980_980_984_984_980_984_984_980
2357,4,3,988,995_988
2358,1,1,1036,1036
2359,1,1,1048,1048
2360,1,1,1055,1055
2361,1,1,1064,1064
2362,2,2,1066,1082_1066
2363,1,1,1081,1081
2364,1,1,1119,1338_1119
2365,2,2,1126,1097_1126
2366,1,1,1128,1128
2367,1,1,1129,1130_1129
2368,1,1,1139,1139
2369,1,1,1152,1152
2370,17,9,1153,1293_1293_1293_1293_1207_1207_1207_1207_1153_1153_1154_1207_1207_1207_1207_1153
2371,3,2,1159,1243_1158_1159
2372,1,1,1162,1162
2373,1,1,1173,1173
2374,3,2,1193,
2375,1,1,1206,1206
2376,1,1,1210,
2377,1,1,1225,1225
2378,1,1,1230,1230
2379,1,1,1246,1246
2380,1,1,1248,1249_1248
2381,1,1,1250,1251_1250
2382,2,2,1254,679_1254
2383,3,3,1257,728_728_1257
2384,1,1,1283,1283
2385,1,1,1354,1354
2386,1,1,1359,1359
2387,1,1,1363,1363
2388,1,1,1376,1376
2389,1,1,1384,1384
2390,1,1,1387,1387
2391,1,1,12,12
2392,1,1,67,142_67
2393,4,3,74,113_73_73_74
2394,1,1,100,100
2395,1,1,104,104
2396,1,1,111,111
2397,3,3,121,120_121
2398,2,1,132,399_132
2399,2,2,173,227_173
2400,23,9,193,192_201_201_246_246_201_193_192
2401,2,2,204,204
2402,2,2,205,205
2403,1,1,218,764_218
2404,9,9,222,223_223_223_223_223_223_223_223_223
2405,1,1,238,238
2406,3,3,240,183_183_240
2407,1,1,256,256
2408,1,1,275,275
2409,1,1,282,282
2410,1,1,290,460_290
2411,1,1,308,308
2412,1,1,335,338_335
2413,14,9,340,329_329_329_329_329_327_327_328_328
2414,1,1,345,433_345
2415,1,1,356,492_356
2416,9,9,367,
2417,1,1,372,372
2418,2,2,374,1276_1276_374
2419,1,1,376,376
2420,1,1,404,405_404
2421,2,2,413,414_414_413
2422,1,1,431,431
2423,1,1,469,469
2424,1,1,471,471
2425,3,2,474,656_656_474
2426,15,5,476,475_475_1172_1172_477_1172_1172_476
2427,22,9,487,528_527_528_529_637_527_527_528_529_529_534_533_533
2428,5,5,510,489_489_510
2429,2,1,513,513
2430,1,1,556,556
2431,1,1,563,563
2432,1,1,565,
2433,1,1,569,569
2434,1,1,615,616_615
2435,14,5,618,619_735_618_736_735
2436,1,1,621,622_621
2437,12,7,623,573_573_586_573_624_573_624_573_587_623
2438,1,1,624,624
2439,11,5,632,655_360_602_602
2440,12,6,641,640_728_1257_640_704_641
2441,6,2,649,746_652_651_650_649
2442,9,8,653,467_653
2443,1,1,664,664
2444,3,3,665,738_738_738_665
2445,1,1,667,667
2446,1,1,668,668
2447,1,1,677,677
2448,2,2,682,633_682
2449,2,2,689,445_689
2450,1,1,694,694
2451,1,1,712,712
2452,8,4,718,719_717_1290_718
2453,1,1,730,730
2454,4,3,737,348_737
2455,2,2,754,753_754
2456,1,1,757,757
2457,4,2,777,1265_985_777
2458,4,3,783,885_218_823_783
2459,3,2,785,784_785
2460,3,2,794,794
2461,1,1,802,802
2462,2,1,808,973_814_808
2463,12,9,846,176_176_872_872_872_872_872_872
2464,1,1,848,849_848
2465,4,2,854,861_861_860_854
2466,1,1,855,856_855
2467,1,1,857,858_857
2468,1,1,867,868_867
2469,1,1,871,871
2470,1,1,894,895_894
2471,1,1,899,902_899
2472,1,1,901,901
2473,1,1,911,911
2474,2,2,918,1356_1356_918
2475,1,1,955,955
2476,1,1,958,958
2477,1,1,966,966
2478,1,1,967,968_967
2479,1,1,978,978
2480,1,1,996,996
2481,1,1,1010,1011_1010
2482,8,6,1012,1011_296_1011_296_296_296_1012
2483,1,1,1014,1014
2484,1,1,1037,1037
2485,9,6,1057,1080_1059_1059_1059_1058_1058_1080_1080_1080_1080_1057
2486,1,1,1076,1098_1076
2487,1,1,1079,1079
2488,1,1,1085,1273_1085
2489,5,2,1087,1088_1094_1093_1094_1087
2490,3,2,1099,1120_1098_1099
2491,1,1,1114,1118_1114
2492,8,5,1138,1138_1167_1138
2493,17,9,1151,1238_1238_1152_1238_1152_1152_1238_1238
2494,3,3,1155,1155
2495,1,1,1168,1168
2496,1,1,1222,1222
2497,2,2,1229,1228_1229
2498,1,1,1249,1270_1249
2499,1,1,1264,1264
2500,1,1,1274,1275_1274
2501,9,9,1284,1006_1006
2502,1,1,1290,1290
2503,1,1,1333,1333
2504,5,3,1372,1375_1375_1372
2505,1,1,1377,1377
2506,1,1,9,9
2507,3,3,11,95_95_95_11
2508,2,2,19,18_19
2509,1,1,20,1204_20
2510,1,1,35,153_35
2511,4,4,54,55_55_55_55_54
2512,1,1,58,168_58
2513,1,1,60,60
2514,3,3,63,62_62_63
2515,1,1,83,83
2516,1,1,88,88
2517,1,1,92,92
2518,1,1,118,118
2519,1,1,151,151
2520,1,1,155,155
2521,2,2,164,165_165_164
2522,10,4,169,58_57_104_168_169
2523,1,1,233,233
2524,1,1,252,252
2525,1,1,297,297
2526,3,3,302,303_303_303_302
2527,1,1,310,310
2528,34,8,317,320_318
2529,7,5,327,328_328
2530,1,1,330,330
2531,1,1,338,338
2532,2,1,349,350_349
2533,2,2,364,365_364
2534,1,1,405,405
2535,3,3,411,1376_411
2536,3,2,433,432
2537,3,3,468,469_467_468
2538,1,1,473,473
2539,11,8,496,1256_495_1256_1256_1256_1256_728_1256_728
2540,9,4,503,506_713_506_505_504_504_503
2541,16,8,533,534_529_757_703_535_703_757_533
2542,24,8,559,451_559
2543,2,2,562,562
2544,1,1,572,711_572
2545,3,3,589,515_515_589
2546,3,3,592,592
2547,1,1,606,742_606
2548,1,1,634,634
2549,1,1,635,635
2550,1,1,636,636
2551,1,1,646,646
2552,2,2,647,584_647
2553,1,1,660,660
2554,3,2,661,662_661
2555,1,1,669,669
2556,1,1,674,674
2557,1,1,693,
2558,1,1,698,698
2559,1,1,710,710
2560,1,1,713,
2561,1,1,732,732
2562,2,1,733,
2563,1,1,740,740
2564,1,1,755,755
2565,4,3,779,778_779
2566,2,2,789,790_936_789
2567,1,1,798,798
2568,1,1,832,832
2569,1,1,835,835
2570,1,1,838,838
2571,1,1,841,841
2572,5,4,843,844_844_845_964_844_843
2573,1,1,849,849
2574,1,1,858,858
2575,1,1,866,866
2576,2,2,884,884
2577,1,1,896,897_896
2578,2,1,939,940_939
2579,1,1,986,986
2580,1,1,991,991
2581,4,3,993,994_994_994_993
2582,1,1,1000,1048_1000
2583,3,2,1031,292_1055_1031
2584,1,1,1035,1036_1035
2585,1,1,1046,1047_1046
2586,4,4,1064,1063_1063_1063_1064
2587,3,3,1073,1095_1095_1072_1073
2588,1,1,1082,1082
2589,1,1,1120,1120
2590,1,1,1124,1125_1124
2591,2,2,1169,1187_1187_1169
2592,1,1,1170,1170
2593,4,4,1171,1187_1187_1171
2594,1,1,1211,1211
2595,3,2,1215,1218_1217_1216_1216_1215
2596,5,2,1232,1232
2597,2,2,1242,1242
2598,1,1,1247,1247
2599,6,3,1248,1270_1270_1249_1247_1248
2600,2,2,1267,803_1267
2601,1,1,1275,1275
2602,3,2,1297,1377_1297
2603,5,3,1318,1319_1318
2604,11,7,1328,1329_1330_1330_1330_1329_1329_1328
2605,3,3,1331,1332_1332_1331
2606,5,2,1347,1348_1346_1347
2607,1,1,1354,1354
2608,1,1,1365,1365
2609,2,2,1370,1370
2610,3,3,34,160_160_160_34
2611,2,1,48,152_48
2612,2,2,51,50_51
2613,5,3,86,277_88_87_86
2614,4,3,103,
2615,17,7,123,97_118_97_123
2616,2,2,132,399_399_132
2617,8,7,135,
2618,1,1,143,143
2619,2,2,162,162
2620,3,2,181,196_181
2621,4,4,228,227_227_227_228
2622,1,1,267,267
2623,2,2,272,273_273_272
2624,2,2,278,1197_1197_278
2625,3,3,308,308
2626,2,1,328,
2627,3,2,331,394
2628,1,1,351,351
2629,1,1,358,1359_358
2630,1,1,396,396
2631,1,1,400,401_400
2632,3,3,406,407_407_405_406
2633,19,6,408,407_407_435_388_89_453_453_435_406_407_408
2634,2,1,416,416
2635,1,1,421,421
2636,1,1,431,431
2637,1,1,438,438
2638,4,4,456,456
2639,1,1,467,
2640,1,1,471,471
2641,3,1,483,485_484_483
2642,1,1,508,509_508
2643,1,1,539,540_539
2644,1,1,541,541
2645,2,1,554,721_554
2646,2,2,557,
2647,2,2,560,560
2648,9,7,574,573_573
2649,2,2,595,588_595
2650,1,1,603,603
2651,1,1,611,611
2652,2,2,615,616_616_615
2653,1,1,619,619
2654,2,2,621,622_621
2655,1,1,625,625
2656,1,1,627,628_627
2657,1,1,637,637
2658,2,2,638,1289_1289_638
2659,1,1,645,
2660,22,7,648,746_650_347_584_347_584_648_349_349_746_649_649
2661,2,2,655,
2662,1,1,659,659
2663,3,3,663,663
2664,2,1,664,1301_664
2665,1,1,668,668
2666,1,1,671,671
2667,7,3,677,465_506_678
2668,5,3,681,
2669,1,1,683,683
2670,2,2,691,569_691
2671,1,1,711,711
2672,1,1,735,735
2673,1,1,746,
2674,1,1,753,753
2675,1,1,768,768
2676,1,1,802,802
2677,2,2,809,810_825_809
2678,2,2,824,783_824
2679,1,1,834,
2680,1,1,839,839
2681,1,1,857,975_857
2682,1,1,868,868
2683,3,2,903,920_904_903
2684,3,2,911,912_937_937_911
2685,2,2,932,932
2686,1,1,948,948
2687,2,2,988,995_988
2688,2,2,1019,
2689,1,1,1027,1028_1027
2690,2,2,1054,1051_1054
2691,1,1,1072,
2692,1,1,1081,1081
2693,4,3,1090,1096_1095_1090
2694,7,6,1110,1096_1095_1095_1095_1110
2695,1,1,1126,1126
2696,6,2,1150,1181_1149_1150
2697,4,2,1158,1243_1159_1186_1158
2698,4,3,1192,
2699,2,2,1206,21_1206
2700,1,1,1224,1224
2701,1,1,1245,1246_1245
2702,1,1,1251,1251
2703,1,1,1290,
2704,1,1,1299,1299
2705,1,1,1327,1327
2706,1,1,1334,
2707,1,1,1350,1350
2708,4,4,1351,1307_1307_1307_1351
2709,5,3,1352,1353_1353_470_471_1352
2710,10,6,1360,1360_869
2711,1,1,1376,1376
2712,1,1,1384,1385_1384
2713,1,1,1386,1386
2714,1,1,67,67
2715,1,1,68,68
2716,6,6,108,
2717,1,1,149,149
2718,1,1,150,150
2719,1,1,161,161
2720,2,2,173,173
2721,6,6,216,
2722,1,1,250,250
2723,1,1,254,254
2724,1,1,276,276
2725,2,2,281,282_422_281
2726,1,1,286,287_286
2727,12,6,301,1051_1051_1054_1051_301_301_301
2728,1,1,323,323
2729,1,1,333,333
2730,1,1,338,338
2731,1,1,402,402
2732,1,1,405,
2733,1,1,410,410
2734,10,6,413,414
2735,1,1,422,
2736,1,1,430,430
2737,1,1,479,479
2738,1,1,480,480
2739,3,3,488,488
2740,2,1,556,556
2741,1,1,670,670
2742,1,1,676,676
2743,5,4,679,1255_1255_1255_679
2744,1,1,685,685
2745,7,4,688,689_445_688_689
2746,10,6,713,713_713
2747,1,1,717,752_717
2748,3,3,727,726_726_727
2749,2,2,730,730
2750,1,1,738,738
2751,2,1,772,772
2752,2,1,787,832_787
2753,1,1,792,841_792
2754,1,1,794,795_794
2755,5,5,798,212_797_212_212_798
2756,1,1,803,803
2757,1,1,807,807
2758,2,2,810,810
2759,1,1,816,816
2760,4,3,831,1299_831
2761,1,1,847,847
2762,2,1,848,849_848
2763,2,1,854,860
2764,4,1,855,905_856_855
2765,2,2,866,866
2766,1,1,885,886_885
2767,1,1,891,892_891
2768,6,4,894,894_894_895_894
2769,1,1,898,899_898
2770,1,1,918,918
2771,1,1,927,928_927
2772,1,1,939,940_939
2773,1,1,946,949_946
2774,2,2,947,947
2775,1,1,955,955
2776,3,3,985,916_916_985
2777,2,1,1035,1036
2778,1,1,1048,1048
2779,2,2,1049,295_1049
2780,3,2,1053,1052_1053
2781,1,1,1056,1056
2782,1,1,1061,1066_1061
2783,2,1,1062,1062
2784,1,1,1077,1078_1077
2785,1,1,1093,1094_1093
2786,1,1,1099,1100_1099
2787,1,1,1129,1129
2788,1,1,1156,1156
2789,11,6,1170,1163_1163_1163_1138_1163_1167_1138_1163
2790,1,1,1173,1173
2791,1,1,1218,
2792,4,4,1246,1247_1247_1246
2793,14,6,1264,1263_1263_843_964_964_1263_845_795_1264
2794,1,1,1291,1291
2795,1,1,1308,1309_1308
2796,1,1,1317,1317
2797,3,3,1319,1318_1319
2798,1,1,1339,1340_1339
2799,1,1,1346,1346
2800,1,1,1356,1356
2801,1,1,1359,1359
2802,3,2,1381,970_1381
2803,1,1,2,50_2
2804,1,1,12,143_12
2805,19,5,13,73_113_73_143_143
2806,2,2,38,37_38
2807,2,2,48,152_47_48
2808,5,5,60,
2809,1,1,78,1282_78
2810,4,3,83,100_100_100_83
2811,3,3,89,452_89
2812,1,1,95,95
2813,2,2,111,71_111
2814,1,1,121,
2815,1,1,155,156_155
2816,2,2,165,164_165
2817,3,3,178,178
2818,6,3,189,191_190_189
2819,7,5,199,200_200_200
2820,1,1,218,218
2821,3,3,233,234_234
2822,1,1,256,256
2823,1,1,267,267
2824,10,5,277,87_87_87_379
2825,1,1,349,
2826,1,1,353,353
2827,2,2,360,360
2828,8,5,364,365_365_363_365_553_553
2829,1,1,384,
2830,5,4,416,415_416
2831,1,1,434,434
2832,1,1,449,
2833,6,4,472,752_672_752_472_671_472
2834,1,1,515,515
2835,5,5,530,531_531_608_608
2836,1,1,533,
2837,9,5,549,1312_549_548_549
2838,8,5,552,553
2839,3,2,585,712_585
2840,2,2,586,586
2841,1,1,588,588
2842,1,1,596,596
2843,1,1,634,635
2844,2,2,639,1014_1014_639
2845,2,2,660,659_660
2846,2,1,661,662_661
2847,1,1,687,687
2848,1,1,697,697
2849,2,1,706,707_706
2850,1,1,710,723_710
2851,2,2,719,718_719
2852,4,3,729,730_729
2853,2,2,735,735
2854,1,1,746,746
2855,1,1,761,
2856,1,1,785,785
2857,4,2,808,813_814_807_808
2858,2,2,815,816_815
2859,5,5,838,
2860,1,1,839,839
2861,5,5,841,792_792_792_792
2862,5,5,879,878
2863,1,1,907,907
2864,1,1,909,909
2865,2,1,923,924_923
2866,1,1,928,928
2867,2,2,938,937_938
2868,1,1,943,943
2869,1,1,949,949
2870,1,1,951,951
2871,3,3,968,967_969_968
2872,3,3,975,975
2873,1,1,992,992
2874,1,1,1000,1000
2875,3,3,1001,1030_1030_1030_1001
2876,2,1,1002,1003_1002
2877,2,2,1010,1011_1011_1010
2878,1,1,1081,1081
2879,1,1,1102,1102
2880,6,5,1140,1140_1140_1140_1140
2881,3,3,1169,1187_1187_1169
2882,22,5,1191,877_1176_1210_1193
2883,1,1,1198,1198
2884,5,4,1212,1258_1258_1160_1160_1258_1212
2885,9,5,1216,1223_1223_1217_1215_1218_1223
2886,1,1,1223,
2887,1,1,1229,1229
2888,1,1,1232,1233_1232
2889,1,1,1261,1261
2890,1,1,1293,1293
2891,1,1,1314,1314
2892,2,1,1347,1348_1347
2893,1,1,1376,1376
2894,1,1,17,18_17
2895,6,4,19,18_17_18
2896,3,3,51,50_50_51
2897,6,2,57,168_105_104_57
2898,4,4,63,62_62_62
2899,9,4,79,78_78_78_79
2900,1,1,116,116
2901,3,3,117,117
2902,1,1,130,130
2903,1,1,132,399_132
2904,1,1,143,
2905,1,1,150,150
2906,3,3,153,156_156_35_153
2907,1,1,169,169
2908,2,1,181,196_181
2909,9,4,183,240
2910,14,4,219,885_823_824_783_218
2911,1,1,272,273_272
2912,1,1,295,295
2913,1,1,298,1018_298
2914,1,1,299,299
2915,2,2,302,303_303_302
2916,2,2,321,322_322_321
2917,2,1,338,338
2918,1,1,347,347
2919,1,1,348,737_348
2920,1,1,363,
2921,1,1,390,390
2922,1,1,400,401_400
2923,4,3,405,404_404_405
2924,3,2,411,1376_411
2925,2,1,444,445_444
2926,1,1,467,468_467
2927,1,1,473,753_473
2928,5,4,480,479_576_479_479
2929,1,1,492,563_492
2930,1,1,494,494
2931,1,1,508,509_508
2932,1,1,526,526
2933,1,1,529,529
2934,2,2,547,546_547
2935,6,3,554,721_554
2936,11,4,558,576_664_557_560_560_559_557
2937,1,1,560,560
2938,1,1,565,565
2939,1,1,568,568
2940,1,1,589,589
2941,1,1,603,603
2942,2,1,618,619_618
2943,1,1,621,621
2944,3,3,623,623
2945,1,1,624,
2946,4,4,636,635
2947,7,4,646,644
2948,2,2,665,738_738_665
2949,7,4,693,694_694_693
2950,1,1,711,711
2951,4,4,717,674
2952,1,1,743,743
2953,1,1,749,749
2954,2,1,763,811_763
2955,1,1,772,772
2956,2,1,778,779_778
2957,1,1,787,832_787
2958,8,4,802,804_803_1267_802
2959,1,1,809,809
2960,1,1,818,954_818
2961,1,1,848,849_848
2962,2,1,860,952
2963,2,2,897,896_897
2964,1,1,919,919
2965,3,2,936,790_789_936
2966,1,1,941,
2967,1,1,948,948
2968,1,1,958,958
2969,1,1,965,966_965
2970,1,1,978,978
2971,3,3,979,978_979
2972,8,4,988,
2973,8,4,993,996
2974,1,1,997,1045_997
2975,4,4,1005,1004_1004
2976,6,4,1019,1021_1050_1019_1019
2977,1,1,1027,1027
2978,1,1,1032,1032
2979,3,2,1066,1083_1082_1082_1066
2980,1,1,1068,1068
2981,1,1,1075,1075
2982,3,1,1087,1094_1088_1087
2983,1,1,1096,1096
2984,1,1,1117,1117
2985,1,1,1130,1130
2986,1,1,1139,1139
2987,1,1,1181,1181
2988,2,1,1193,1211
2989,2,2,1194,1194
2990,1,1,1218,1219
2991,2,1,1220,1224_1220
2992,1,1,1228,1228
2993,1,1,1231,1231
2994,2,2,1243,1159_1243
2995,1,1,1254,1254
2996,1,1,1290,1290
2997,1,1,1297,1297
2998,1,1,1312,1312
2999,1,1,1313,1313
3000,1,1,1327,1327
3001,1,1,1332,1332
3002,1,1,1338,1338
3003,1,1,1353,1353
3004,4,3,1354,1353_1354
3005,2,1,1364,1365_1364
3006,1,1,1392,1393_1392
3007,4,3,4,38_37
3008,2,2,8,170_170_8
3009,1,1,12,12
3010,2,1,34,160_34
3011,1,1,66,66
3012,2,1,95,95
3013,3,3,98,
3014,3,3,114,113_113
3015,1,1,119,119
3016,1,1,123,123
3017,1,1,141,141
3018,1,1,149,149
3019,6,3,154,154
3020,1,1,164,164
3021,4,3,205,
3022,1,1,208,252_208
3023,1,1,225,225
3024,1,1,263,380_263
3025,1,1,265,383_265
3026,1,1,275,276_275
3027,1,1,293,294_293
3028,2,2,308,308
3029,3,3,353,
3030,2,1,356,357_356
3031,2,2,374,1276_1276_374
3032,1,1,393,393
3033,1,1,398,399_398
3034,1,1,410,410
3035,2,2,432,433_432
3036,1,1,433,
3037,2,1,446,447_446
3038,3,3,471,472_1352_470
3039,10,3,476,1172_1172_476
3040,8,3,499,500_498_500_500
3041,4,3,506,465
3042,3,3,510,
3043,3,3,511,
3044,1,1,564,564
3045,5,2,590,683_590
3046,2,1,602,684_602
3047,2,1,606,742_606
3048,1,1,627,628_627
3049,1,1,676,676
3050,1,1,691,691
3051,1,1,701,701
3052,1,1,712,712
3053,1,1,718,718
3054,1,1,736,736
3055,1,1,744,744
3056,2,1,745,745
3057,1,1,755,755
3058,8,3,795,916_916
3059,7,3,816,815_817_931
3060,1,1,835,835
3061,3,2,839,800_839
3062,1,1,849,849
3063,1,1,866,866
3064,4,3,867,868
3065,1,1,871,871
3066,5,3,876,
3067,1,1,892,892
3068,5,3,909,1298
3069,1,1,918,1355
3070,2,2,930,930
3071,5,3,935,934
3072,3,2,946,949_949_947_946
3073,1,1,951,951
3074,1,1,953,953
3075,2,2,956,957_956
3076,1,1,964,
3077,1,1,967,967
3078,1,1,1002,1002
3079,1,1,1011,1011
3080,1,1,1041,1041
3081,1,1,1048,1048
3082,4,2,1050,1056_299
3083,1,1,1070,1080_1070
3084,1,1,1079,1079
3085,1,1,1123,1123
3086,1,1,1150,1150
3087,3,3,1152,
3088,1,1,1158,1158
3089,1,1,1164,1164
3090,1,1,1167,
3091,1,1,1171,1171
3092,1,1,1173,1173
3093,1,1,1186,1186
3094,1,1,1188,1188
3095,1,1,1230,1230
3096,6,3,1233,1234
3097,1,1,1237,
3098,1,1,1240,1240
3099,5,3,1244,1246_1244
3100,1,1,1253,1253
3101,1,1,1322,1322
3102,2,2,1330,1330
3103,1,1,1339,1340_1339
3104,1,1,1366,1366
3105,1,1,1370,1370
3106,1,1,1377,1377
3107,8,3,1381,
3108,1,1,3,3
3109,2,2,58,168
3110,2,1,76,111_77_76
3111,1,1,96,96
3112,4,2,104,105
3113,1,1,128,128
3114,1,1,129,129
3115,1,1,142,142
3116,2,2,144,
3117,1,1,151,151
3118,1,1,191,191
3119,1,1,214,214
3120,1,1,257,257
3121,1,1,278,1197_278
3122,1,1,281,282_281
3123,1,1,288,288
3124,1,1,298,298
3125,2,2,358,1359_1359
3126,3,2,388,453
3127,1,1,394,
3128,2,2,406,
3129,1,1,429,429
3130,4,2,430,
3131,2,1,449,449
3132,2,1,456,459
3133,4,2,468,469
3134,2,2,473,753_472
3135,2,2,474,656_656
3136,1,1,503,504_503
3137,2,2,508,509_509
3138,1,1,516,517_516
3139,2,2,522,523_523
3140,1,1,526,526
3141,1,1,556,556
3142,1,1,562,
3143,1,1,583,583
3144,1,1,586,586
3145,1,1,603,632_603
3146,3,2,611,704_641
3147,2,1,618,618
3148,1,1,624,624
3149,3,2,637,
3150,2,2,639,1032_1032
3151,1,1,647,647
3152,1,1,659,659
3153,1,1,688,688
3154,1,1,695,696_695
3155,4,2,707,
3156,6,2,724,
3157,1,1,727,727
3158,1,1,743,743
3159,1,1,752,752
3160,2,2,763,764_764
3161,2,1,778,779_778
3162,1,1,780,
3163,3,2,787,787
3164,3,2,790,847_789
3165,1,1,811,811
3166,1,1,818,818
3167,1,1,852,852
3168,1,1,856,856
3169,1,1,861,861
3170,1,1,923,924_923
3171,1,1,928,928
3172,1,1,938,938
3173,1,1,942,944_942
3174,1,1,981,981
3175,1,1,1000,1000
3176,2,2,1009,1008
3177,1,1,1010,1010
3178,2,2,1012,296
3179,2,2,1016,
3180,2,2,1018,
3181,3,2,1027,1028
3182,1,1,1029,1029
3183,1,1,1034,1034
3184,1,1,1052,1053_1052
3185,2,2,1057,1080_1080
3186,1,1,1058,1059_1058
3187,4,2,1061,1062_1062
3188,2,2,1073,1095
3189,3,2,1075,
3190,1,1,1083,1106_1083
3191,2,2,1093,1094_1094
3192,1,1,1101,1101
3193,2,1,1108,1262_1109_1108
3194,1,1,1131,1132_1131
3195,1,1,1156,1156
3196,1,1,1157,1157
3197,2,2,1217,
3198,2,2,1225,1205
3199,1,1,1228,1229_1228
3200,1,1,1232,1232
3201,2,2,1267,
3202,2,2,1278,
3203,3,2,1290,1291
3204,1,1,1297,1297
3205,1,1,1299,1299
3206,3,2,1301,668
3207,1,1,1309,1309
3208,1,1,1311,1311
3209,2,1,1319,1320
3210,1,1,1334,1334
3211,1,1,1347,1347
3212,1,1,1351,1351
3213,3,2,1365,
3214,1,1,1372,1375_1372
3215,1,1,2,50
3216,1,1,25,85
3217,1,1,28,
3218,1,1,31,32
3219,1,1,41,
3220,1,1,48,152
3221,1,1,56,
3222,1,1,57,
3223,1,1,61,258
3224,1,1,67,
3225,1,1,86,
3226,1,1,103,
3227,2,1,118,119
3228,1,1,131,
3229,1,1,132,399
3230,1,1,140,
3231,1,1,160,
3232,1,1,164,
3233,1,1,169,
3234,2,1,181,197
3235,2,1,189,
3236,1,1,198,
3237,1,1,225,
3238,1,1,228,
3239,1,1,229,
3240,4,1,232,
3241,1,1,236,
3242,1,1,274,275
3243,2,1,297,
3244,1,1,302,303
3245,1,1,347,
3246,2,1,348,737_738
3247,1,1,351,
3248,1,1,398,
3249,1,1,404,
3250,1,1,408,
3251,1,1,411,
3252,1,1,422,
3253,1,1,435,
3254,1,1,437,
3255,1,1,445,446
3256,1,1,467,
3257,1,1,504,
3258,1,1,518,
3259,1,1,539,733
3260,1,1,540,740
3261,1,1,564,
3262,1,1,568,
3263,1,1,585,
3264,1,1,591,
3265,1,1,595,
3266,1,1,644,
3267,1,1,664,
3268,1,1,665,
3269,2,1,675,
3270,1,1,678,
3271,1,1,694,
3272,1,1,709,
3273,2,1,734,
3274,2,1,736,
3275,1,1,746,
3276,1,1,751,
3277,1,1,783,
3278,1,1,794,
3279,1,1,801,
3280,1,1,810,982
3281,1,1,821,
3282,3,1,823,
3283,1,1,835,
3284,3,1,848,
3285,1,1,850,
3286,1,1,858,
3287,1,1,860,
3288,1,1,866,
3289,1,1,893,
3290,2,1,894,
3291,1,1,903,920
3292,1,1,936,
3293,1,1,947,951
3294,1,1,948,
3295,1,1,952,
3296,1,1,963,
3297,1,1,974,
3298,1,1,985,
3299,1,1,1001,1030
3300,1,1,1007,
3301,1,1,1017,
3302,1,1,1035,1036
3303,1,1,1041,
3304,1,1,1048,
3305,1,1,1049,
3306,1,1,1053,
3307,1,1,1054,
3308,1,1,1088,
3309,1,1,1126,
3310,1,1,1150,
3311,2,1,1158,
3312,1,1,1160,1259
3313,2,1,1171,
3314,1,1,1173,
3315,1,1,1184,
3316,1,1,1186,
3317,1,1,1204,
3318,1,1,1218,
3319,1,1,1222,
3320,1,1,1240,
3321,1,1,1241,
3322,1,1,1243,
3323,1,1,1248,1249
3324,1,1,1253,
3325,1,1,1257,
3326,1,1,1263,
3327,1,1,1315,
3328,1,1,1327,
3329,1,1,1329,
3330,1,1,1332,
3331,1,1,1366,
3332,1,1,1370,
3333,1,1,1375,
