,ID,FR,TO,LEN,JAM
0,11301,0,1,1004,30
1,11302,1,2,715,30
2,11303,2,3,1167,30
3,11304,3,4,751,30
4,11401,4,3,627,30
5,11402,3,2,1124,30
6,11403,2,1,840,30
7,11404,1,0,924,30
8,12101,5,6,796,30
9,12102,6,7,627,30
10,12103,7,8,1181,30
11,12104,8,9,1215,30
12,12105,9,10,477,30
13,12106,10,11,573,30
14,12107,11,12,359,30
15,12108,12,13,805,30
16,12109,13,14,936,30
17,12110,14,15,870,30
18,12111,15,0,1216,30
19,12112,0,16,717,30
20,12201,16,0,1377,30
21,12202,0,15,241,30
22,12203,15,14,1112,30
23,12204,14,13,775,30
24,12205,13,12,782,30
25,12206,12,11,627,30
26,12207,11,10,297,30
27,12208,10,9,711,30
28,12209,9,8,1308,30
29,12210,8,7,548,30
30,12211,7,6,1328,30
31,12212,6,5,888,30
32,13301,17,18,3277,30
33,13302,18,19,1657,30
34,13303,19,20,2371,30
35,13304,20,21,2375,30
36,13305,21,22,4355,30
37,13401,22,21,4348,30
38,13402,21,20,2379,30
39,13403,20,19,2366,30
40,13404,19,18,1634,30
41,13405,18,17,3443,30
42,14101,16,23,1925,30
43,14102,23,24,1843,30
44,14103,24,25,2262,30
45,14104,25,26,824,30
46,14105,26,27,1008,30
47,14106,27,28,1055,30
48,14107,28,29,796,30
49,14108,29,30,321,30
50,14201,30,29,785,30
51,14202,29,28,520,30
52,14203,28,27,956,30
53,14204,27,26,921,30
54,14205,26,25,1318,30
55,14206,25,24,1770,30
56,14207,24,23,1847,30
57,14208,23,16,2174,30
58,15101,31,32,2355,30
59,15102,32,33,786,30
60,15103,33,34,492,30
61,15104,34,35,589,30
62,15105,35,36,859,30
63,15106,36,37,890,30
64,15107,37,38,1185,30
65,15108,38,4,943,30
66,15109,4,39,3070,30
67,15110,39,40,1478,30
68,15111,40,41,1398,30
69,15112,41,42,597,30
70,15113,42,43,1534,30
71,15114,43,44,1215,30
72,15115,44,45,675,30
73,15116,45,46,1301,30
74,15201,46,45,1380,30
75,15202,45,44,1025,30
76,15203,44,43,1334,30
77,15204,43,42,1066,30
78,15205,42,41,1012,30
79,15206,41,40,1134,30
80,15207,40,39,1307,30
81,15208,39,4,3184,30
82,15209,4,38,1036,30
83,15210,38,37,575,30
84,15211,37,36,635,30
85,15212,36,35,1361,30
86,15213,35,34,140,30
87,15214,34,33,1200,30
88,15215,33,32,550,30
89,15216,32,31,2341,30
90,17101,47,48,455,20
91,17102,48,49,583,20
92,17103,49,2,1037,20
93,17104,2,50,784,20
94,17105,50,51,553,20
95,17201,51,50,542,20
96,17202,50,2,798,20
97,17203,2,49,1032,20
98,17204,49,48,571,20
99,17205,48,47,463,20
100,18301,52,53,1198,20
101,18401,53,52,1183,20
102,19301,54,55,708,20
103,19401,55,54,992,20
104,20101,56,57,875,20
105,20102,57,58,984,20
106,20103,58,59,573,20
107,20104,59,60,428,20
108,20201,60,59,398,20
109,20202,59,58,565,20
110,20203,58,57,984,20
111,20204,57,56,875,20
112,21301,53,61,2189,20
113,21302,61,62,1307,20
114,21303,62,63,496,20
115,21401,63,62,560,20
116,21402,62,61,1651,20
117,21403,61,53,1830,20
118,22301,59,64,452,20
119,22302,64,65,511,20
120,22303,65,66,610,20
121,22401,66,65,604,20
122,22402,65,64,503,20
123,22403,64,59,460,20
124,23301,9,67,751,20
125,23302,67,68,472,20
126,23401,68,67,478,20
127,23402,67,9,751,20
128,24301,69,70,789,20
129,24302,70,71,843,20
130,24303,71,13,779,20
131,24304,13,72,519,20
132,24305,72,73,603,20
133,24306,73,74,841,20
134,24401,74,73,713,20
135,24402,73,72,732,20
136,24403,72,13,721,20
137,24404,13,71,570,20
138,24405,71,70,852,20
139,24406,70,69,791,20
140,25301,75,76,953,20
141,25302,76,77,1103,20
142,25303,77,70,1012,20
143,25304,70,78,1114,20
144,25305,78,79,598,20
145,25306,79,80,641,20
146,25401,80,79,645,20
147,25402,79,78,589,20
148,25403,78,70,1097,20
149,25404,70,77,1007,20
150,25405,77,76,1103,20
151,25406,76,75,942,20
152,26101,81,82,837,20
153,26102,82,83,1098,20
154,26103,83,84,1625,20
155,26104,84,85,2023,20
156,26105,85,86,920,20
157,26106,86,87,545,20
158,26107,87,88,449,20
159,26108,88,89,1451,20
160,26201,89,88,1434,20
161,26202,88,87,449,20
162,26203,87,86,540,20
163,26204,86,85,910,20
164,26205,85,84,2037,20
165,26206,84,83,1640,20
166,26207,83,82,1090,20
167,26208,82,81,847,20
168,27101,90,3,1382,20
169,27102,3,91,871,20
170,27103,91,92,490,20
171,27104,92,93,1714,20
172,27105,93,94,1421,20
173,27106,94,40,893,20
174,27201,40,94,904,20
175,27202,94,93,1436,20
176,27203,93,92,1734,20
177,27204,92,91,490,20
178,27205,91,3,862,20
179,27206,3,90,1386,20
180,28301,11,95,655,20
181,28302,95,96,868,20
182,28303,96,97,665,20
183,28304,97,98,987,20
184,28305,98,33,924,20
185,28306,33,99,1168,20
186,28401,99,33,1298,20
187,28402,33,98,934,20
188,28403,98,97,842,20
189,28404,97,96,680,20
190,28405,96,95,852,20
191,28406,95,11,658,20
192,29301,83,100,598,20
193,29302,100,93,929,20
194,29401,93,100,925,20
195,29402,100,83,603,20
196,30301,101,102,962,20
197,30401,102,101,953,20
198,31301,7,103,227,20
199,31401,103,7,508,20
200,32301,57,104,906,20
201,32302,104,105,744,20
202,32401,105,104,744,20
203,32402,104,57,906,20
204,33301,106,107,687,20
205,33302,107,108,593,20
206,33401,108,107,529,20
207,33402,107,106,687,20
208,34301,6,109,459,20
209,34401,109,6,563,20
210,36301,110,77,717,20
211,36302,77,111,563,20
212,36303,111,14,643,20
213,36304,14,112,1094,20
214,36305,112,113,1031,20
215,36306,113,114,711,20
216,36307,114,36,1116,20
217,36401,36,114,1120,20
218,36402,114,113,689,20
219,36403,113,112,994,20
220,36404,112,14,1147,20
221,36405,14,111,633,20
222,36406,111,77,563,20
223,36407,77,110,716,20
224,37301,115,10,1849,20
225,37302,10,116,795,20
226,37303,116,117,723,20
227,37304,117,118,724,20
228,37305,118,119,802,20
229,37306,119,32,1447,20
230,37401,32,119,1445,20
231,37402,119,118,801,20
232,37403,118,117,785,20
233,37404,117,116,651,20
234,37405,116,10,790,20
235,37406,10,115,1755,20
236,38101,120,121,429,20
237,38102,121,101,426,20
238,38103,101,122,1062,20
239,38104,122,119,1318,20
240,38105,119,98,669,20
241,38201,98,119,568,20
242,38202,119,122,1185,20
243,38203,122,101,1197,20
244,38204,101,121,426,20
245,38205,121,120,442,20
246,39101,60,96,994,20
247,39102,96,123,471,20
248,39103,123,73,750,20
249,39104,73,112,683,20
250,39105,112,124,830,20
251,39106,124,1,1138,20
252,39107,1,125,675,20
253,39108,125,126,774,20
254,39109,126,100,2101,20
255,39110,100,127,3357,20
256,39111,127,128,561,20
257,39112,128,129,557,20
258,39113,129,130,504,20
259,39114,130,131,443,20
260,39115,131,132,693,20
261,39116,132,133,686,20
262,39117,133,134,752,20
263,39118,134,135,1104,20
264,39119,135,136,1177,20
265,39201,136,135,1267,20
266,39202,135,134,679,20
267,39203,134,133,752,20
268,39204,133,132,613,20
269,39205,132,131,880,20
270,39206,131,130,322,20
271,39207,130,129,509,20
272,39208,129,128,552,20
273,39209,128,127,559,20
274,39210,127,100,3375,20
275,39211,100,126,1854,20
276,39212,126,125,1008,20
277,39213,125,1,584,20
278,39214,1,124,1234,20
279,39215,124,112,953,20
280,39216,112,73,596,20
281,39217,73,123,697,20
282,39218,123,96,609,20
283,39219,96,60,909,20
284,40301,121,137,665,15
285,40302,137,138,385,15
286,40401,138,137,382,15
287,40402,137,121,664,15
288,41101,139,137,492,15
289,41102,137,140,691,15
290,41103,140,141,195,15
291,41201,141,140,212,15
292,41202,140,137,682,15
293,41203,137,139,492,15
294,42101,142,67,1033,15
295,42102,67,116,211,15
296,42103,116,95,735,15
297,42104,95,143,504,15
298,42105,143,72,705,15
299,42106,72,144,485,15
300,42201,144,72,548,15
301,42202,72,143,693,15
302,42203,143,95,504,15
303,42204,95,116,751,15
304,42205,116,67,239,15
305,42206,67,142,1002,15
306,43101,145,110,1336,15
307,43102,110,146,1124,15
308,43103,146,147,1822,15
309,43201,147,146,1805,15
310,43202,146,110,1127,15
311,43203,110,145,1348,15
312,46301,148,149,204,15
313,46401,149,148,203,15
314,47301,150,48,586,15
315,47302,48,151,749,15
316,47303,151,37,861,15
317,47401,37,151,850,15
318,47402,151,48,766,15
319,47403,48,152,584,15
320,49301,35,153,767,15
321,49401,153,35,763,15
322,51101,154,155,605,15
323,51102,155,156,771,15
324,51103,156,153,569,15
325,51104,153,157,666,15
326,51105,157,55,774,15
327,51106,55,158,710,15
328,51201,158,55,686,15
329,51202,55,157,781,15
330,51203,157,153,658,15
331,51204,153,156,575,15
332,51205,156,155,772,15
333,51206,155,154,604,15
334,53301,159,157,655,15
335,53401,157,159,651,15
336,54301,160,161,750,15
337,54401,161,160,747,15
338,57301,162,51,578,15
339,57302,51,92,958,15
340,57401,92,51,956,15
341,57402,51,162,563,15
342,58301,125,50,640,15
343,58302,50,91,1333,15
344,58401,91,50,1323,15
345,58402,50,125,640,15
346,59301,146,76,716,15
347,59302,76,15,472,15
348,59401,15,76,466,15
349,59402,76,146,716,15
350,62301,124,49,749,15
351,62302,49,163,623,15
352,62303,163,90,539,15
353,62304,90,38,858,15
354,62401,38,90,858,15
355,62402,90,163,562,15
356,62403,163,49,591,15
357,62404,49,124,764,15
358,63301,164,165,325,15
359,63401,165,164,337,15
360,64102,166,64,562,15
361,64201,64,166,562,15
362,64202,166,167,983,15
363,66301,34,160,872,15
364,66401,160,34,872,15
365,67301,58,168,918,15
366,67302,168,169,721,15
367,67401,169,168,918,15
368,67402,168,58,675,15
369,68301,8,170,1125,15
370,68401,170,8,1195,15
371,73301,171,172,3715,30
372,73302,172,173,2013,30
373,73303,173,174,1803,30
374,73304,174,175,1069,30
375,73305,175,176,866,30
376,73401,176,175,871,30
377,73402,175,174,1065,30
378,73403,174,173,1807,30
379,73404,173,172,1989,30
380,73405,172,171,3747,30
381,74201,177,178,1591,30
382,74202,178,179,1164,30
383,74203,179,180,1103,30
384,74204,180,181,621,30
385,75101,182,183,1162,30
386,75102,183,184,1079,30
387,75201,184,183,1055,30
388,75202,183,182,1090,30
389,76101,185,186,1286,30
390,76102,186,187,727,30
391,76201,187,186,566,30
392,76202,186,185,1267,30
393,77101,188,5,1647,30
394,77201,5,188,478,30
395,78101,189,190,764,20
396,78102,190,191,431,20
397,78201,191,190,422,20
398,78202,190,189,759,20
399,79301,192,193,547,20
400,79302,193,194,502,20
401,79401,194,193,536,20
402,79402,193,192,534,20
403,81101,195,196,818,20
404,81102,196,197,488,20
405,81201,197,196,487,20
406,81202,196,195,825,20
407,82101,198,185,445,20
408,82102,185,199,715,20
409,82103,199,200,245,20
410,82104,200,197,747,20
411,82105,197,201,691,20
412,82106,201,193,494,20
413,82201,193,201,489,20
414,82202,201,197,713,20
415,82203,197,200,729,20
416,82204,200,199,298,20
417,82205,199,185,667,20
418,82206,185,198,439,20
419,84101,179,202,700,20
420,84102,202,203,388,20
421,84103,203,204,908,20
422,84104,204,205,620,20
423,84105,205,206,525,20
424,84106,206,56,682,20
425,84201,56,206,685,20
426,84202,206,205,495,20
427,84203,205,204,651,20
428,84204,204,203,906,20
429,84205,203,202,390,20
430,84206,202,179,720,20
431,85101,207,208,323,20
432,85102,208,209,1544,20
433,85201,209,208,1624,20
434,85202,208,207,373,20
435,86101,210,211,2354,20
436,86102,211,212,2265,20
437,86103,212,213,1618,20
438,86104,213,214,950,20
439,86105,214,215,2083,20
440,86106,215,216,1885,20
441,86107,216,217,1800,20
442,86108,217,218,1586,20
443,86109,218,219,1278,20
444,86110,219,220,1724,20
445,86111,220,221,926,20
446,86112,221,222,1159,20
447,86113,222,223,570,20
448,86114,223,211,1528,20
449,86115,211,224,972,20
450,86116,224,225,2840,20
451,86117,225,226,2465,20
452,86118,226,173,1953,20
453,86119,173,227,1466,20
454,86120,227,228,1566,20
455,86121,228,209,2874,20
456,86201,209,228,3101,20
457,86202,228,227,1282,20
458,86203,227,173,1836,20
459,86204,173,226,1593,20
460,86205,226,225,2561,20
461,86206,225,224,2731,20
462,86207,224,211,1039,20
463,86208,211,223,1468,20
464,86209,223,222,922,20
465,86210,222,221,673,20
466,86211,221,220,1053,20
467,86212,220,219,1736,20
468,86213,219,218,1252,20
469,86214,218,217,1591,20
470,86215,217,216,1545,20
471,86216,216,215,1872,20
472,86217,215,214,2180,20
473,86218,214,213,846,20
474,86219,213,212,1615,20
475,86220,212,211,2266,20
476,86221,211,210,2379,20
477,87301,194,229,1423,20
478,87302,229,187,1064,20
479,87401,187,229,838,20
480,87402,229,194,1482,20
481,88301,178,203,602,20
482,88401,203,178,606,20
483,89101,230,231,330,20
484,89102,231,232,355,20
485,89103,232,233,770,20
486,89104,233,106,492,20
487,89201,106,233,484,20
488,89202,233,232,724,20
489,89203,232,231,406,20
490,89204,231,230,313,20
491,90301,233,234,695,15
492,90302,234,235,834,15
493,90401,235,234,820,15
494,90402,234,233,695,15
495,91301,236,206,622,15
496,91302,206,237,990,15
497,91303,237,238,594,15
498,91401,238,237,597,15
499,91402,237,206,973,15
500,91403,206,236,632,15
501,92301,239,240,724,15
502,92302,240,183,727,15
503,92401,183,240,722,15
504,92402,240,239,708,15
505,93301,241,202,504,15
506,93401,202,241,505,15
507,97301,204,242,1372,15
508,97401,242,204,1382,15
509,99301,231,243,1166,15
510,99401,243,231,1152,15
511,100301,232,244,858,15
512,100302,244,245,894,15
513,100401,245,244,894,15
514,100402,244,232,909,15
515,102101,201,246,1188,15
516,102201,246,201,1196,15
517,103101,181,196,879,15
518,103102,196,247,741,15
519,103201,247,196,743,15
520,103202,196,181,879,15
521,107101,248,249,1459,15
522,107102,249,250,1546,15
523,107201,250,249,1549,15
524,107202,249,248,1446,15
525,118101,251,252,1558,15
526,118102,252,208,817,15
527,118201,208,252,811,15
528,118202,252,252,1566,15
529,119101,199,253,1449,15
530,119201,253,199,1438,15
531,120101,254,229,830,15
532,120102,229,244,552,15
533,120201,244,229,570,15
534,120202,229,254,814,15
535,125101,255,256,1899,30
536,125102,256,257,2519,30
537,125103,257,61,2859,30
538,125104,61,258,3327,30
539,125105,258,18,1474,30
540,125106,18,259,2507,30
541,125107,259,260,8022,30
542,125201,260,259,8117,30
543,125202,259,18,2345,30
544,125203,18,258,2020,30
545,125204,258,61,3290,30
546,125205,61,257,3044,30
547,125206,257,256,2328,30
548,125207,256,255,1582,30
549,126301,261,262,533,20
550,126401,262,261,620,20
551,127101,263,264,2217,20
552,127201,264,263,2216,20
553,128101,265,266,1405,20
554,128201,266,266,1405,20
555,129101,267,268,691,20
556,129102,268,269,966,20
557,129103,269,270,809,20
558,129201,270,269,801,20
559,129202,269,268,975,20
560,129203,268,271,694,20
561,130301,272,273,729,20
562,130302,273,274,752,20
563,130303,274,275,520,20
564,130304,275,276,802,20
565,130305,276,27,1027,20
566,130306,27,277,631,20
567,130307,277,88,635,20
568,130308,88,131,846,20
569,130401,131,88,846,20
570,130402,88,277,635,20
571,130403,277,27,644,20
572,130404,27,276,1056,20
573,130405,276,275,779,20
574,130406,275,274,524,20
575,130407,274,273,752,20
576,130408,273,272,694,20
577,132101,278,279,1106,20
578,132102,279,19,1335,20
579,132103,19,280,6619,20
580,132104,280,281,5299,20
581,132105,281,282,595,20
582,132106,282,283,1078,20
583,132107,283,284,1454,20
584,132201,284,283,1453,20
585,132202,283,282,1076,20
586,132203,282,281,579,20
587,132204,281,280,5050,20
588,132205,280,19,7156,20
589,132206,19,279,1386,20
590,132207,279,278,1052,20
591,133301,285,286,2131,20
592,133302,286,287,1329,20
593,133303,287,288,1139,20
594,133304,288,289,1258,20
595,133305,289,290,1484,20
596,133306,290,291,1675,15
597,133307,291,292,2373,20
598,133308,292,293,1050,20
599,133309,293,294,1354,20
600,133310,294,295,2527,20
601,133311,295,296,890,20
602,133312,296,297,774,20
603,133313,297,298,749,20
604,133314,298,299,368,20
605,133315,299,300,1229,20
606,133316,300,301,844,20
607,133317,301,302,1639,20
608,133318,302,303,1364,20
609,133401,303,302,1375,20
610,133402,302,301,1635,20
611,133403,301,300,829,20
612,133404,300,299,1236,20
613,133405,299,298,366,20
614,133406,298,297,731,20
615,133407,297,296,789,20
616,133408,296,295,852,20
617,133409,295,294,2570,20
618,133410,294,293,1327,20
619,133411,293,292,1062,20
620,133412,292,291,2345,20
621,133413,291,290,2005,15
622,133414,290,289,1608,20
623,133415,289,288,1672,20
624,133416,288,287,606,20
625,133417,287,286,1351,20
626,133418,286,285,2127,20
627,134301,304,264,491,20
628,134302,264,305,949,20
629,134303,305,306,567,20
630,134304,306,307,2954,20
631,134401,307,306,2969,20
632,134402,306,305,569,20
633,134403,305,264,955,20
634,134404,264,304,488,20
635,136301,308,309,719,20
636,136302,309,43,553,20
637,136303,43,310,556,20
638,136304,310,311,510,20
639,136401,311,310,511,20
640,136402,310,43,556,20
641,136403,43,309,550,20
642,136404,309,308,723,20
643,138101,312,313,738,20
644,138102,313,314,595,20
645,138103,314,315,409,20
646,138104,315,316,575,20
647,138201,316,315,576,20
648,138202,315,314,407,20
649,138203,314,313,596,20
650,138204,313,312,735,20
651,139101,317,318,452,20
652,139102,318,319,511,20
653,139103,319,320,496,20
654,139201,320,319,508,20
655,139202,319,318,502,20
656,139203,318,317,442,20
657,140101,321,322,576,20
658,140102,322,323,593,20
659,140103,323,324,595,20
660,140104,324,325,859,20
661,140105,325,326,722,20
662,140106,326,327,436,20
663,140107,327,328,793,20
664,140108,328,329,368,20
665,140201,329,328,366,20
666,140202,328,327,803,20
667,140203,327,326,429,20
668,140204,326,325,726,20
669,140205,325,324,864,20
670,140206,324,323,595,20
671,140207,323,322,594,20
672,140208,322,321,553,20
673,141301,262,268,1001,20
674,141302,268,330,543,20
675,141303,330,324,573,20
676,141304,324,331,559,20
677,141305,331,332,535,20
678,141306,332,28,771,20
679,141307,28,333,408,20
680,141401,333,28,406,20
681,141402,28,332,772,20
682,141403,332,331,532,20
683,141404,331,324,568,20
684,141405,324,330,569,20
685,141406,330,268,539,20
686,141407,268,262,1006,20
687,142301,334,335,5342,20
688,142302,335,336,3075,20
689,142401,336,335,3225,20
690,142402,335,334,5346,20
691,143301,337,338,2894,20
692,143302,338,339,2157,20
693,143401,339,338,2151,20
694,143402,338,337,2899,20
695,144301,338,335,1720,20
696,144302,335,340,1774,20
697,144303,340,329,846,20
698,144304,329,320,895,20
699,144305,320,341,653,20
700,144306,341,316,410,20
701,144307,316,342,996,20
702,144308,342,343,912,20
703,144401,343,342,748,20
704,144402,342,316,1183,20
705,144403,316,341,410,20
706,144404,341,320,641,20
707,144405,320,329,885,20
708,144406,329,340,1035,20
709,144407,340,335,1597,20
710,144408,335,338,1700,20
711,145301,344,345,354,20
712,145302,345,342,673,20
713,145303,342,346,930,20
714,145304,346,347,436,20
715,145305,347,348,563,20
716,145306,348,349,1062,20
717,145307,349,350,1159,20
718,145308,350,351,821,20
719,145309,351,352,750,20
720,145310,352,353,1154,20
721,145311,353,354,1780,20
722,145312,354,355,906,20
723,145313,355,356,658,20
724,145314,356,357,929,20
725,145315,357,358,2819,20
726,145316,358,359,743,20
727,145317,359,360,1973,20
728,145318,360,361,466,20
729,145319,361,362,702,20
730,145320,362,363,794,20
731,145321,363,364,909,20
732,145322,364,365,376,20
733,145323,365,366,1819,20
734,145324,366,367,777,20
735,145325,367,368,750,20
736,145326,368,369,1801,20
737,145327,369,370,1750,20
738,145328,370,371,679,20
739,145329,371,372,1383,20
740,145330,372,373,443,20
741,145331,373,374,792,20
742,145332,374,375,3268,20
743,145401,375,374,3291,20
744,145402,374,373,789,20
745,145403,373,372,485,20
746,145404,372,371,1331,20
747,145405,371,370,678,20
748,145406,370,369,1752,20
749,145407,369,368,1802,20
750,145408,368,367,764,20
751,145409,367,366,762,20
752,145410,366,365,1814,20
753,145411,365,364,388,20
754,145412,364,363,902,20
755,145413,363,362,803,20
756,145414,362,361,730,20
757,145415,361,360,446,20
758,145416,360,359,1975,20
759,145417,359,358,747,20
760,145418,358,357,3104,20
761,145419,357,356,658,20
762,145420,356,355,640,20
763,145421,355,354,913,20
764,145422,354,353,1854,20
765,145423,353,352,1096,20
766,145424,352,351,746,20
767,145425,351,350,825,20
768,145426,350,349,1155,20
769,145427,349,348,1058,20
770,145428,348,347,602,20
771,145429,347,346,518,20
772,145430,346,342,897,20
773,145431,342,345,594,20
774,145432,345,344,274,20
775,146301,25,85,924,20
776,146302,85,127,967,20
777,146303,127,376,1055,20
778,146304,376,41,542,20
779,146305,41,377,814,20
780,146401,377,41,978,20
781,146402,41,376,382,20
782,146403,376,127,1068,20
783,146404,127,85,952,20
784,146405,85,25,925,20
785,147301,378,26,1747,20
786,147302,26,379,656,20
787,147303,379,86,766,20
788,147304,86,128,934,20
789,147305,128,42,1138,20
790,147306,42,380,976,20
791,147307,380,263,975,20
792,147308,263,282,1350,20
793,147309,282,381,792,20
794,147310,381,382,1142,20
795,147311,382,307,1576,20
796,147312,307,285,2281,20
797,147401,285,307,2282,20
798,147402,307,382,1578,20
799,147403,382,381,1135,20
800,147404,381,282,793,20
801,147405,282,263,1351,20
802,147406,263,380,877,20
803,147407,380,42,1075,20
804,147408,42,128,1367,20
805,147409,128,86,933,20
806,147410,86,379,536,20
807,147411,379,26,760,20
808,147412,26,378,1751,20
809,148301,265,383,1267,20
810,148302,383,384,727,20
811,148303,384,270,452,20
812,148304,270,385,414,20
813,148305,385,325,527,20
814,148306,325,386,676,20
815,148307,386,387,507,20
816,148308,387,29,548,20
817,148309,29,388,799,20
818,148310,388,312,997,20
819,148311,312,133,589,20
820,148312,133,389,762,20
821,148313,389,44,477,20
822,148314,44,390,684,20
823,148315,390,304,733,20
824,148401,304,390,819,20
825,148402,390,44,588,20
826,148403,44,389,474,20
827,148404,389,133,773,20
828,148405,133,312,549,20
829,148406,312,388,1040,20
830,148407,388,29,775,20
831,148408,29,387,579,20
832,148409,387,386,497,20
833,148410,386,325,675,20
834,148411,325,385,540,20
835,148412,385,270,402,20
836,148413,270,384,460,20
837,148414,384,383,717,20
838,148415,383,265,1280,20
839,149301,391,392,879,15
840,149302,392,393,583,15
841,149401,393,392,583,15
842,149402,392,391,881,15
843,150101,394,331,540,15
844,150102,331,386,664,15
845,150103,386,395,882,15
846,150104,395,396,248,15
847,150201,396,395,248,15
848,150202,395,386,882,15
849,150203,386,331,664,15
850,150204,331,394,503,15
851,151101,397,305,2219,15
852,151201,305,397,2212,15
853,152101,379,277,923,15
854,152201,277,379,922,15
855,154101,398,399,695,15
856,154102,399,389,521,15
857,154201,389,399,521,15
858,154202,399,398,698,15
859,155101,400,401,624,15
860,155102,401,330,493,15
861,155103,330,402,860,15
862,155104,402,385,534,15
863,155201,385,402,543,15
864,155202,402,330,849,15
865,155203,330,401,489,15
866,155204,401,400,641,15
867,156101,403,384,321,15
868,156201,384,403,316,15
869,158101,404,405,747,15
870,158102,405,406,437,15
871,158103,406,407,616,15
872,158104,407,408,377,15
873,158201,408,407,376,15
874,158202,407,406,616,15
875,158203,406,405,437,15
876,158204,405,404,747,15
877,159301,409,410,768,15
878,159302,410,401,470,15
879,159303,401,323,536,15
880,159304,323,394,545,15
881,159305,394,411,418,15
882,159306,411,412,651,15
883,159401,412,411,634,15
884,159402,411,394,463,15
885,159403,394,323,533,15
886,159404,323,401,520,15
887,159405,401,410,472,15
888,159406,410,409,769,15
889,160101,413,414,490,15
890,160201,414,413,490,15
891,161301,415,416,581,15
892,161302,416,87,631,15
893,161303,87,130,814,15
894,161401,130,87,801,15
895,161402,87,416,635,15
896,161403,416,415,589,15
897,163301,132,399,713,15
898,163302,399,417,640,15
899,163401,417,399,640,15
900,163402,399,132,713,15
901,165101,418,419,607,15
902,165102,419,420,674,15
903,165103,420,421,669,15
904,165104,421,390,507,15
905,165201,390,421,514,15
906,165202,421,420,662,15
907,165203,420,419,671,15
908,165204,419,418,606,15
909,166101,280,422,675,15
910,166102,422,423,2346,15
911,166201,423,422,2338,15
912,166202,422,280,676,15
913,169301,326,424,639,15
914,169302,424,425,395,15
915,169303,425,426,811,15
916,169304,426,427,383,15
917,169305,427,428,623,15
918,169306,428,429,819,15
919,169401,429,428,821,15
920,169402,428,427,623,15
921,169403,427,426,400,15
922,169404,426,425,811,15
923,169405,425,424,395,15
924,169406,424,326,639,15
925,172101,430,431,295,15
926,172102,431,432,511,15
927,172103,432,433,467,15
928,172201,433,432,466,15
929,172202,432,431,514,15
930,172203,431,430,295,15
931,173301,434,396,730,15
932,173302,396,408,644,15
933,173303,408,435,687,15
934,173304,435,314,531,15
935,173305,314,436,833,15
936,173401,436,314,835,15
937,173402,314,435,530,15
938,173403,435,408,771,15
939,173404,408,396,554,15
940,173405,396,434,737,15
941,174101,437,413,287,15
942,174201,413,437,287,15
943,176301,24,84,654,15
944,176401,84,24,688,15
945,177301,438,403,179,15
946,177401,403,438,173,15
947,180101,439,440,2061,15
948,180201,440,439,1849,15
949,182301,283,382,1523,15
950,182401,382,283,1530,15
951,183301,129,441,821,15
952,183302,441,442,550,15
953,183401,442,441,559,15
954,183402,441,129,820,15
955,184101,441,437,299,15
956,184201,437,441,299,15
957,186101,423,381,1076,15
958,186201,381,423,1088,15
959,187101,443,376,1551,15
960,187201,376,443,1553,15
961,188301,444,445,810,15
962,188302,445,446,821,15
963,188303,446,447,557,15
964,188304,447,448,1115,15
965,188305,448,449,700,15
966,188306,449,450,858,15
967,188307,450,451,998,15
968,188401,451,450,999,15
969,188402,450,449,858,15
970,188403,449,448,698,15
971,188404,448,447,1115,15
972,188405,447,446,543,15
973,188406,446,445,772,15
974,188407,445,444,871,15
975,189101,452,89,1161,15
976,189102,89,388,662,15
977,189103,388,453,515,15
978,189104,453,435,596,15
979,189105,435,454,353,15
980,189106,454,341,568,15
981,189201,341,454,566,15
982,189202,454,435,354,15
983,189203,435,453,607,15
984,189204,453,388,508,15
985,189205,388,89,645,15
986,189206,89,452,1165,15
987,190101,440,422,1085,15
988,190102,422,281,2974,15
989,190201,281,422,2960,15
990,190202,422,440,1082,15
991,194101,455,456,1032,15
992,194201,456,455,1031,15
993,196101,391,438,1051,15
994,196201,438,391,1049,15
995,197101,457,458,1057,15
996,197102,458,459,1238,15
997,197201,459,458,1203,15
998,197202,458,457,1054,15
999,216301,290,460,1813,20
1000,216401,460,290,1810,20
1001,217101,461,462,1215,15
1002,217102,462,463,366,15
1003,217103,463,464,403,15
1004,217201,464,463,410,15
1005,217202,463,462,367,15
1006,217203,462,461,1228,15
1007,218101,465,466,841,15
1008,218201,466,465,838,15
1009,220101,467,468,703,20
1010,220102,468,469,1041,20
1011,220201,469,468,1169,20
1012,220202,468,467,550,20
1013,221101,470,471,421,20
1014,221102,471,472,474,20
1015,221103,472,473,510,20
1016,221104,473,474,935,20
1017,221202,474,473,950,20
1018,221203,473,472,495,20
1019,221204,472,471,448,20
1020,221205,471,470,446,20
1021,222101,475,476,1835,20
1022,222102,476,477,877,20
1023,222201,477,476,879,20
1024,222202,476,475,1869,20
1025,223301,478,479,601,20
1026,223302,479,480,913,20
1027,223401,480,479,917,20
1028,223402,479,478,624,20
1029,225101,481,482,568,20
1030,225102,482,359,811,20
1031,225201,359,482,894,20
1032,225202,482,481,480,20
1033,227301,483,484,1239,20
1034,227302,484,485,526,20
1035,227303,485,486,1038,20
1036,227304,487,488,774,20
1037,227401,488,487,791,20
1038,227402,486,485,1041,20
1039,227403,485,484,526,20
1040,227404,484,483,1241,20
1041,228101,489,490,1571,20
1042,228102,490,460,1102,20
1043,228103,460,491,929,20
1044,228104,491,291,598,20
1045,228201,291,491,626,20
1046,228202,491,460,901,20
1047,228203,460,490,1095,20
1048,228204,490,489,1563,20
1049,229101,356,492,1377,20
1050,229201,492,356,1387,20
1051,232301,493,494,657,20
1052,232302,494,495,811,20
1053,232303,495,496,854,20
1054,232401,496,495,859,20
1055,232402,495,494,812,20
1056,232403,494,493,650,20
1057,233301,497,498,457,20
1058,233302,498,499,507,20
1059,233303,499,500,536,20
1060,233401,500,499,544,20
1061,233402,499,498,509,20
1062,233403,498,497,445,20
1063,234101,501,502,545,20
1064,234201,502,501,543,20
1065,237301,503,504,287,20
1066,237302,504,505,719,20
1067,237303,505,506,468,20
1068,237304,506,465,266,20
1069,237401,465,506,325,20
1070,237402,506,505,409,20
1071,237403,505,504,720,20
1072,237404,504,503,269,20
1073,238101,507,508,744,20
1074,238102,508,509,337,20
1075,238103,509,510,965,20
1076,238104,510,489,521,20
1077,238201,489,510,519,20
1078,238202,510,509,1011,20
1079,238203,509,508,526,20
1080,238204,508,507,499,20
1081,239101,511,512,556,20
1082,239102,512,513,476,20
1083,239103,513,373,635,20
1084,239201,373,512,649,20
1085,239202,513,513,467,20
1086,239203,512,373,563,20
1087,240301,514,515,494,20
1088,240302,515,516,665,20
1089,240303,516,517,1245,20
1090,240304,517,518,1737,20
1091,240305,518,519,2129,20
1092,240306,519,520,2177,20
1093,240307,520,521,2862,20
1094,240308,521,289,841,20
1095,240401,289,521,858,20
1096,240402,521,520,2638,20
1097,240403,520,519,2504,20
1098,240404,519,518,2053,20
1099,240405,518,517,1460,20
1100,240406,517,516,1553,20
1101,240407,516,515,606,20
1102,240408,515,514,496,20
1103,241301,522,523,407,20
1104,241302,523,524,3219,20
1105,241303,524,286,2842,20
1106,241401,286,524,2867,20
1107,241402,524,523,3205,20
1108,241403,523,522,409,20
1109,242101,525,526,1898,20
1110,242102,526,371,525,20
1111,242103,371,527,665,20
1112,242104,527,528,481,20
1113,242105,528,487,557,20
1114,242106,487,529,1863,20
1115,242201,529,487,1879,20
1116,242202,487,528,546,20
1117,242203,528,527,483,20
1118,242204,527,371,679,20
1119,242205,371,526,514,20
1120,242206,526,525,1889,20
1121,243104,530,531,2098,20
1122,243105,531,370,526,20
1123,243106,370,532,537,20
1124,243107,532,533,720,20
1125,243108,533,534,1256,20
1126,243109,534,535,1720,20
1127,243201,535,534,1643,20
1128,243202,534,533,1256,20
1129,243203,533,532,719,20
1130,243204,532,370,551,20
1131,243205,370,531,525,20
1132,243206,531,530,2105,20
1133,244101,536,537,694,20
1134,244102,537,368,1097,20
1135,244103,368,538,470,20
1136,244104,538,484,743,20
1137,244105,484,539,519,20
1138,244106,539,540,797,20
1139,244107,540,541,768,20
1140,244201,541,540,784,20
1141,244202,540,539,786,20
1142,244203,539,484,517,20
1143,244204,484,538,745,20
1144,244205,538,368,479,20
1145,244206,368,537,1097,20
1146,244207,537,536,680,20
1147,245101,542,543,750,20
1148,245102,543,366,1096,20
1149,245103,366,544,1177,20
1150,245104,544,545,772,20
1151,245105,545,546,975,20
1152,245106,546,547,770,20
1153,245201,547,546,1936,20
1154,245202,546,545,970,20
1155,245203,545,544,768,20
1156,245204,544,366,1147,20
1157,245205,366,543,1079,20
1158,245206,543,542,763,20
1159,246101,548,549,1045,20
1160,246102,549,363,690,20
1161,246103,363,550,436,20
1162,246201,550,363,419,20
1163,246202,363,549,707,20
1164,246203,549,548,1045,20
1165,247301,362,550,919,20
1166,247302,550,551,496,20
1167,247303,551,552,468,20
1168,247304,552,553,520,20
1169,247305,553,554,983,20
1170,247306,554,545,482,20
1171,247307,545,555,675,20
1172,247308,555,556,551,20
1173,247401,556,555,558,20
1174,247402,555,545,680,20
1175,247403,545,554,478,20
1176,247404,554,553,988,20
1177,247405,553,552,577,20
1178,247406,552,551,401,20
1179,247407,551,550,486,20
1180,247408,550,362,942,20
1181,248301,557,558,635,20
1182,248302,558,559,880,20
1183,248303,559,560,1082,20
1184,248304,560,561,1478,20
1185,248305,561,562,733,20
1186,248306,562,563,1157,20
1187,248307,563,492,662,20
1188,248401,492,563,672,20
1189,248402,563,562,1179,20
1190,248403,562,561,989,20
1191,248404,561,560,1293,20
1192,248405,560,559,1003,20
1193,248406,559,558,874,20
1194,248407,558,557,625,20
1195,249301,350,448,648,20
1196,249302,448,557,425,20
1197,249303,557,564,1074,20
1198,249401,564,557,1096,20
1199,249402,557,448,422,20
1200,249403,448,350,634,20
1201,250101,565,566,587,20
1202,250102,566,567,660,20
1203,250103,567,568,392,20
1204,250201,568,567,400,20
1205,250202,567,566,647,20
1206,250203,566,565,577,20
1207,251101,569,570,693,20
1208,251102,570,571,708,20
1209,251201,571,570,935,20
1210,251202,570,569,472,20
1211,252101,572,573,1610,20
1212,252102,573,574,936,20
1213,252103,574,575,784,20
1214,252104,575,352,329,20
1215,252105,352,450,586,20
1216,252106,450,559,465,20
1217,252107,559,576,563,20
1218,252108,576,480,412,20
1219,252201,480,576,434,20
1220,252202,576,559,567,20
1221,252203,559,450,465,20
1222,252204,450,352,591,20
1223,252205,352,575,320,20
1224,252206,575,574,938,20
1225,252207,574,573,786,20
1226,252208,573,572,1711,20
1227,253301,577,578,406,20
1228,253302,578,579,484,20
1229,253303,579,580,328,20
1230,253304,580,581,413,20
1231,253401,581,580,411,20
1232,253402,580,579,328,20
1233,253403,579,578,491,20
1234,253404,578,577,393,20
1235,254101,582,583,537,20
1236,254102,583,584,313,20
1237,254103,584,347,485,20
1238,254104,347,444,604,20
1239,254201,444,347,661,20
1240,254202,347,584,456,20
1241,254203,584,583,223,20
1242,254204,583,582,602,20
1243,255301,567,585,600,20
1244,255302,585,586,517,20
1245,255303,586,573,316,20
1246,255304,573,587,760,20
1247,255305,587,588,639,20
1248,255306,588,589,1825,20
1249,255307,589,515,833,20
1250,255401,515,589,844,20
1251,255402,589,588,1805,20
1252,255403,588,587,666,20
1253,255404,587,573,760,20
1254,255405,573,586,341,20
1255,255406,586,585,492,20
1256,255407,585,567,587,20
1257,256301,590,578,666,20
1258,256302,578,591,1133,20
1259,256303,591,592,1665,20
1260,256401,592,591,1664,20
1261,256402,591,578,1134,20
1262,256403,578,590,674,20
1263,257301,593,583,586,20
1264,257302,583,594,1296,20
1265,257303,594,570,1577,20
1266,257304,570,574,1453,20
1267,257305,574,595,1526,20
1268,257306,595,596,1763,20
1269,257307,596,514,864,20
1270,257308,514,597,503,20
1271,257309,597,598,1402,20
1272,257310,598,599,1049,20
1273,257311,599,600,535,20
1274,257312,600,482,708,20
1275,257313,482,601,1092,20
1276,257314,601,602,770,20
1277,257315,602,603,610,20
1278,257316,603,604,402,20
1279,257317,604,548,666,20
1280,257318,548,605,2078,20
1281,257319,605,606,992,20
1282,257320,606,536,611,20
1283,257321,536,607,1188,20
1284,257322,607,608,810,20
1285,257323,608,530,782,20
1286,257324,530,609,1428,20
1287,257325,609,610,1362,20
1288,257326,610,611,612,20
1289,257327,611,511,840,20
1290,257328,511,612,978,20
1291,257329,612,613,1196,20
1292,257330,613,375,1408,20
1293,257401,375,613,889,20
1294,257402,613,612,1968,20
1295,257403,612,511,1117,20
1296,257404,511,611,721,20
1297,257405,611,610,983,20
1298,257406,610,609,884,20
1299,257407,609,530,1405,20
1300,257408,530,608,830,20
1301,257409,608,607,839,20
1302,257410,607,536,1107,20
1303,257411,536,606,1132,20
1304,257412,606,605,741,20
1305,257413,605,548,1463,20
1306,257414,548,604,779,20
1307,257415,604,603,889,20
1308,257416,603,602,528,20
1309,257417,602,601,394,20
1310,257418,601,482,1264,20
1311,257419,482,600,554,20
1312,257420,600,599,744,20
1313,257421,599,598,841,20
1314,257422,598,597,1510,20
1315,257423,597,514,690,20
1316,257424,514,596,854,20
1317,257425,596,595,1948,20
1318,257426,595,574,1180,20
1319,257427,574,570,1567,20
1320,257428,570,594,1685,20
1321,257429,594,583,1006,20
1322,257430,583,593,548,20
1323,258102,354,614,1168,15
1324,258301,615,616,750,15
1325,258401,616,615,742,15
1326,262301,617,618,728,15
1327,262302,618,619,457,15
1328,262303,619,620,487,15
1329,262304,620,621,552,15
1330,262305,621,622,592,15
1331,262401,622,621,592,15
1332,262402,621,620,549,15
1333,262403,620,619,472,15
1334,262404,619,618,476,15
1335,262405,618,617,728,15
1336,263101,588,595,553,15
1337,263201,595,588,555,15
1338,265101,623,587,1371,15
1339,265102,587,624,540,15
1340,265201,624,587,541,15
1341,265202,587,623,1369,15
1342,266301,625,626,854,15
1343,266401,626,625,857,15
1344,267301,627,628,663,15
1345,267302,628,629,1728,15
1346,267303,629,630,471,15
1347,267304,630,631,330,15
1348,267401,631,630,330,15
1349,267402,630,629,471,15
1350,267403,629,628,1728,15
1351,267404,628,627,663,15
1352,270101,603,632,874,15
1353,270102,632,360,763,15
1354,270201,360,632,750,15
1355,270202,632,603,879,15
1356,271301,633,634,577,15
1357,271302,634,635,472,15
1358,271303,635,636,851,15
1359,271401,636,635,851,15
1360,271402,635,634,472,15
1361,272301,637,527,1084,15
1362,272401,527,637,1083,15
1363,273101,543,638,2495,15
1364,273201,638,543,2503,15
1365,275101,639,495,1062,15
1366,275102,495,640,953,15
1367,275103,640,641,609,15
1368,275104,641,611,473,15
1369,275105,611,642,960,15
1370,275201,642,611,1234,15
1371,275202,611,641,205,15
1372,275203,641,640,620,15
1373,275204,640,495,922,15
1374,275205,495,639,1087,15
1375,276301,643,644,624,15
1376,276302,644,645,1160,15
1377,276303,645,646,1185,15
1378,276401,646,645,1231,15
1379,276402,645,644,1161,15
1380,276403,644,643,624,15
1381,277301,647,584,543,15
1382,277302,584,648,700,15
1383,277303,648,649,456,15
1384,277304,649,650,490,15
1385,277305,650,651,593,15
1386,277306,651,652,567,15
1387,277401,652,651,570,15
1388,277402,651,650,593,15
1389,277403,650,649,490,15
1390,277404,649,648,447,15
1391,277405,648,584,709,15
1392,277406,584,647,543,15
1393,278101,467,653,1290,15
1394,278201,653,467,1307,15
1395,279101,653,604,1132,15
1396,279102,604,654,743,15
1397,279103,654,655,545,15
1398,279104,655,361,979,15
1399,279201,361,655,976,15
1400,279202,655,654,547,15
1401,279203,654,604,736,15
1402,279204,604,653,1132,15
1403,280301,474,656,951,15
1404,280302,656,657,588,15
1405,280303,657,658,919,15
1406,280304,658,659,494,15
1407,280305,659,660,638,15
1408,280401,660,659,638,15
1409,280402,659,658,494,15
1410,280403,658,657,919,15
1411,280404,657,656,575,15
1412,280405,656,474,964,15
1413,281101,661,662,857,15
1414,281201,662,661,857,15
1415,282301,616,532,1222,15
1416,282401,532,616,1228,15
1417,285101,663,354,2014,15
1418,285201,614,354,1168,15
1419,285202,354,663,2014,15
1420,287101,351,449,569,15
1421,287102,449,558,454,15
1422,287103,558,664,609,15
1423,287104,664,479,446,15
1424,287201,479,664,446,15
1425,287202,664,558,596,15
1426,287203,558,449,466,15
1427,287204,449,351,573,15
1428,288101,502,665,585,15
1429,288102,665,625,550,15
1430,288201,625,665,547,15
1431,288202,665,502,579,15
1432,289101,666,667,734,15
1433,289102,667,668,719,15
1434,289103,668,669,686,15
1435,289201,669,668,704,15
1436,289202,668,667,701,15
1437,289203,667,666,714,15
1438,290101,589,596,290,15
1439,290102,596,355,1543,15
1440,290103,355,563,1359,15
1441,290201,563,355,1340,15
1442,290202,355,596,1561,15
1443,290203,596,589,291,15
1444,291101,670,551,460,15
1445,291102,551,671,900,15
1446,291103,671,672,461,15
1447,291104,672,673,775,15
1448,291201,673,672,771,15
1449,291202,672,671,462,15
1450,291203,671,551,900,15
1451,291204,551,670,459,15
1452,292101,674,675,326,15
1453,292102,675,676,776,15
1454,292201,676,675,776,15
1455,292202,675,674,325,15
1456,293101,677,678,368,15
1457,293102,678,506,508,15
1458,293201,506,678,508,15
1459,293202,678,677,365,15
1460,295101,679,680,583,15
1461,295102,680,681,463,15
1462,295201,681,680,454,15
1463,295202,680,679,595,15
1464,296101,634,581,483,15
1465,296201,581,634,482,15
1466,297201,682,633,863,15
1467,300101,590,683,713,15
1468,300201,683,590,713,15
1469,301101,593,346,907,15
1470,301201,346,593,895,15
1471,302301,601,684,663,15
1472,302302,684,632,524,15
1473,302303,632,655,377,15
1474,302401,655,632,375,15
1475,302402,632,684,533,15
1476,302403,684,601,677,15
1477,303301,538,685,814,15
1478,303302,685,686,1112,15
1479,303303,686,662,1258,15
1480,303304,662,533,447,15
1481,303305,533,528,829,15
1482,303401,528,533,830,15
1483,303402,533,662,446,15
1484,303403,662,686,1261,15
1485,303404,686,685,1111,15
1486,303405,685,538,810,15
1487,304101,644,687,1073,15
1488,304201,687,644,1077,15
1489,305101,688,689,832,15
1490,305102,689,445,610,15
1491,305103,445,690,486,15
1492,305201,690,445,483,15
1493,305202,445,689,615,15
1494,305203,689,688,832,15
1495,307301,569,691,624,15
1496,307302,691,692,527,15
1497,307401,692,691,535,15
1498,307402,691,569,618,15
1499,308301,577,693,708,15
1500,308302,693,694,451,15
1501,308303,694,695,504,15
1502,308304,695,696,550,15
1503,308305,696,697,589,15
1504,308401,697,696,589,15
1505,308402,696,695,552,15
1506,308403,695,694,513,15
1507,308404,694,693,442,15
1508,308405,693,577,707,15
1509,310101,485,698,335,15
1510,310201,698,485,336,15
1511,311301,699,541,1240,15
1512,311302,541,700,661,15
1513,311303,700,701,684,15
1514,311304,701,702,425,15
1515,311305,702,703,678,15
1516,311306,703,535,928,15
1517,311401,535,703,925,15
1518,311402,703,702,686,15
1519,311403,702,701,433,15
1520,311404,701,700,674,15
1521,311405,700,541,652,15
1522,311406,541,699,1235,15
1523,315301,641,704,518,15
1524,315302,704,705,566,15
1525,315401,705,704,565,15
1526,315402,704,641,517,15
1527,316301,630,680,669,15
1528,316302,680,706,476,15
1529,316303,706,707,416,15
1530,316401,707,706,416,15
1531,316402,706,680,476,15
1532,316403,680,630,670,15
1533,317301,708,681,603,15
1534,317302,681,709,490,15
1535,317303,709,710,850,15
1536,317401,710,709,855,15
1537,317402,709,681,490,15
1538,317403,681,708,603,15
1539,318101,711,585,950,15
1540,318102,585,712,891,15
1541,318201,712,585,877,15
1542,318202,585,711,958,15
1543,321101,713,505,726,15
1544,321201,505,713,726,15
1545,322101,714,702,2644,15
1546,322201,702,714,2635,15
1547,324101,715,643,579,15
1548,324102,643,716,1096,15
1549,324201,716,643,1099,15
1550,324202,643,715,576,15
1551,325101,365,553,1117,15
1552,325102,553,717,922,15
1553,325103,717,718,369,15
1554,325104,718,719,776,15
1555,325201,719,718,776,15
1556,325202,718,717,369,15
1557,325203,717,553,909,15
1558,325204,553,365,1140,15
1559,326301,720,721,848,15
1560,326302,721,544,424,15
1561,326401,544,721,427,15
1562,326402,721,720,845,15
1563,327101,685,722,924,15
1564,327201,722,685,924,15
1565,328101,523,707,597,15
1566,328102,707,710,636,15
1567,328103,710,723,771,15
1568,328104,723,724,914,15
1569,328105,724,621,717,15
1570,328201,621,724,707,15
1571,328202,724,723,928,15
1572,328203,723,710,771,15
1573,328204,710,707,636,15
1574,328205,707,523,596,15
1575,331301,509,725,1421,15
1576,331401,725,509,1423,15
1577,333301,726,727,702,15
1578,333302,727,640,995,15
1579,333303,640,728,690,15
1580,333304,728,302,1025,15
1581,333401,302,728,1014,15
1582,333402,728,640,676,15
1583,333403,640,727,888,15
1584,333404,727,726,818,15
1585,336301,729,513,1175,15
1586,336302,513,730,690,15
1587,336401,730,513,701,15
1588,336402,513,729,1150,15
1589,337101,610,731,1125,15
1590,337201,731,610,1112,15
1591,338301,287,732,916,15
1592,338302,732,521,1671,15
1593,338401,521,732,1670,15
1594,338402,732,287,926,15
1595,341301,463,490,959,20
1596,341401,490,463,962,20
1597,343101,733,734,1038,15
1598,343102,734,700,788,15
1599,343201,700,734,788,15
1600,343202,734,733,1037,15
1601,344101,614,562,619,15
1602,344201,562,614,619,15
1603,348101,735,736,531,15
1604,348102,736,618,702,15
1605,348201,618,736,702,15
1606,348202,736,735,531,15
1607,349101,737,348,795,15
1608,349102,348,738,610,15
1609,349103,738,665,644,15
1610,349201,665,738,636,15
1611,349202,738,348,607,15
1612,349203,348,737,797,15
1613,350101,739,483,1120,15
1614,350102,483,555,580,15
1615,350103,555,740,884,15
1616,350104,740,741,782,15
1617,350201,741,740,781,15
1618,350202,740,555,898,15
1619,350203,555,483,565,15
1620,350204,483,739,1132,15
1621,351101,742,606,1508,15
1622,351201,606,742,1508,15
1623,356101,353,451,543,15
1624,356102,451,560,485,15
1625,356103,560,743,864,15
1626,356201,743,560,864,15
1627,356202,560,451,496,15
1628,356203,451,353,536,15
1629,357101,744,499,608,15
1630,357102,499,745,906,15
1631,357103,745,620,721,15
1632,357201,620,745,721,15
1633,357202,745,499,906,15
1634,357203,499,744,608,15
1635,359101,746,650,485,15
1636,359102,650,349,389,15
1637,359103,349,447,615,15
1638,359104,447,747,507,15
1639,359201,747,447,519,15
1640,359202,447,349,624,15
1641,359203,349,650,378,15
1642,359204,650,746,476,15
1643,360301,748,749,530,15
1644,360302,749,654,568,15
1645,360401,654,749,576,15
1646,360402,749,748,518,15
1647,361301,750,537,1405,15
1648,361302,537,751,1901,15
1649,361303,751,531,1534,15
1650,361304,531,526,711,15
1651,361401,526,531,705,15
1652,361402,531,751,1548,15
1653,361403,751,537,1885,15
1654,361404,537,750,1414,15
1655,362101,364,552,618,15
1656,362102,552,752,882,15
1657,362103,752,753,423,15
1658,362104,753,754,776,15
1659,362201,754,753,776,15
1660,362202,753,752,424,15
1661,362203,752,552,883,15
1662,362204,552,364,588,15
1663,364101,586,755,872,15
1664,364201,755,586,872,15
1665,366101,493,726,1029,15
1666,366102,726,756,1186,15
1667,366201,756,726,1198,15
1668,366202,726,493,1023,15
1669,369101,757,703,1559,15
1670,369201,703,757,1559,15
1671,372101,758,759,1022,20
1672,372102,759,760,456,20
1673,372103,760,761,568,20
1674,372104,761,762,1639,20
1675,372105,762,763,1325,20
1676,372106,763,764,1342,20
1677,372107,764,765,1724,20
1678,372108,765,766,734,20
1679,372109,766,767,1375,20
1680,372110,767,768,945,20
1681,372201,768,767,1038,20
1682,372202,767,766,1314,20
1683,372203,766,765,727,20
1684,372204,765,764,1713,20
1685,372205,764,763,1336,20
1686,372206,763,762,1322,20
1687,372207,762,761,1655,20
1688,372208,761,760,567,20
1689,372209,760,759,452,20
1690,372210,759,758,1025,20
1691,374101,769,770,4950,20
1692,374201,770,769,4336,20
1693,378101,771,772,868,15
1694,378102,772,773,529,15
1695,378201,773,772,518,15
1696,378202,772,771,858,15
1697,381101,774,775,875,20
1698,381201,775,774,872,20
1699,382301,776,777,982,20
1700,382401,777,776,1077,20
1701,383301,778,779,899,20
1702,383401,779,778,899,20
1703,385101,780,781,1249,20
1704,385102,781,782,859,20
1705,385201,782,781,859,20
1706,385202,781,780,1256,20
1707,386101,783,784,913,20
1708,386102,784,785,564,20
1709,386103,785,786,952,20
1710,386104,786,787,1141,20
1711,386105,787,788,1248,20
1712,386201,788,787,1147,20
1713,386202,787,786,1138,20
1714,386203,786,785,954,20
1715,386204,785,784,569,20
1716,386205,784,783,921,20
1717,387301,789,790,894,20
1718,387302,790,791,1362,20
1719,387401,791,790,1363,20
1720,387402,790,789,900,20
1721,388101,792,793,1898,20
1722,388201,793,792,1883,20
1723,389301,794,795,477,20
1724,389401,795,794,479,20
1725,390301,793,796,939,20
1726,390401,796,793,944,20
1727,391101,797,798,1883,20
1728,391201,798,797,1882,20
1729,392101,174,799,1397,20
1730,392102,799,800,855,20
1731,392201,800,799,844,20
1732,392202,799,174,1396,20
1733,393301,801,802,1187,20
1734,393302,802,803,418,20
1735,393303,803,804,191,20
1736,393304,804,805,506,20
1737,393401,805,804,507,20
1738,393402,804,803,186,20
1739,393403,803,802,418,20
1740,393404,802,801,1186,20
1741,394301,798,212,1801,20
1742,394401,212,798,1805,20
1743,395301,806,778,910,20
1744,395302,778,214,1521,20
1745,395401,214,778,1536,20
1746,395402,778,806,911,20
1747,396101,215,807,1228,20
1748,396102,807,808,707,20
1749,396201,808,807,682,20
1750,396202,807,215,1238,20
1751,397301,809,810,593,20
1752,397302,763,811,869,20
1753,397303,811,217,718,20
1754,397304,217,812,548,20
1755,397305,812,813,785,20
1756,397306,813,814,978,20
1757,397307,814,808,384,20
1758,397401,808,814,379,20
1759,397402,814,813,978,20
1760,397403,813,812,802,20
1761,397404,812,217,532,20
1762,397405,217,811,736,20
1763,397406,811,763,865,20
1764,397407,810,809,583,20
1765,399101,815,816,192,20
1766,399102,816,817,541,20
1767,399103,817,818,587,20
1768,399104,818,819,844,20
1769,399105,819,820,803,20
1770,399106,820,821,771,20
1771,399107,821,822,744,20
1772,399201,822,821,752,20
1773,399202,821,820,770,20
1774,399203,820,819,804,20
1775,399204,819,818,863,20
1776,399205,818,817,585,20
1777,399206,817,816,527,20
1778,399207,816,815,193,20
1779,400301,764,218,1079,20
1780,400302,218,823,789,20
1781,400303,823,783,893,20
1782,400304,783,824,728,20
1783,400401,824,783,722,20
1784,400402,783,823,900,20
1785,400403,823,218,776,20
1786,400404,218,764,1096,20
1787,401101,825,809,950,20
1788,401102,809,826,1128,20
1789,401103,826,827,1059,20
1790,401104,827,765,1419,20
1791,401203,765,827,1419,20
1792,401204,827,826,1024,20
1793,401205,826,809,1159,20
1794,401206,809,825,963,20
1795,402302,828,829,1192,20
1796,402303,829,830,552,20
1797,402304,830,831,1061,20
1798,402305,831,787,896,20
1799,402306,787,832,437,20
1800,402401,832,787,427,20
1801,402402,787,831,893,20
1802,402403,831,830,1061,20
1803,402404,830,829,552,20
1804,402405,829,828,1222,20
1805,403301,833,834,1554,20
1806,403302,834,835,986,20
1807,403401,835,834,976,20
1808,403402,834,833,1554,20
1809,406101,172,836,923,20
1810,406102,836,837,1609,20
1811,406103,837,838,700,20
1812,406201,838,837,586,20
1813,406202,837,836,1647,20
1814,406203,836,172,924,20
1815,407301,227,839,528,20
1816,407302,839,800,622,20
1817,407303,800,840,1441,20
1818,407304,840,792,1201,20
1819,407305,792,841,1126,20
1820,407401,841,792,1064,20
1821,407402,792,840,1196,20
1822,407403,840,800,1449,20
1823,407404,800,839,638,20
1824,407405,839,227,521,20
1825,408101,839,842,2109,20
1826,408201,842,839,2127,20
1827,409301,843,844,2112,20
1828,409302,844,845,738,20
1829,409401,845,844,736,20
1830,409402,844,843,2116,20
1831,410301,846,847,504,20
1832,410302,847,848,835,20
1833,410303,848,849,1018,20
1834,410304,849,850,1437,20
1835,410401,850,849,1440,20
1836,410402,849,848,1015,20
1837,410403,848,847,826,20
1838,410404,847,846,655,20
1839,411101,849,791,786,20
1840,411102,791,771,478,20
1841,411103,771,851,847,20
1842,411104,851,852,1625,20
1843,411105,852,776,806,20
1844,411201,776,852,1097,20
1845,411202,852,851,1455,20
1846,411203,851,771,840,20
1847,411204,771,791,498,20
1848,411205,791,849,796,20
1849,412301,796,773,707,20
1850,412302,773,851,529,20
1851,412303,851,794,986,20
1852,412401,794,851,986,20
1853,412402,851,773,529,20
1854,412403,773,796,707,20
1855,413101,853,854,733,20
1856,413102,854,855,422,20
1857,413103,855,856,307,20
1858,413201,856,855,302,20
1859,413202,855,854,424,20
1860,413203,854,853,739,20
1861,414301,257,857,821,20
1862,414302,857,858,880,20
1863,414303,858,859,1026,20
1864,414304,859,854,626,20
1865,414305,854,860,509,20
1866,414306,860,861,457,20
1867,414307,861,801,1385,20
1868,414401,801,861,1384,20
1869,414402,861,860,466,20
1870,414403,860,854,518,20
1871,414404,854,859,623,20
1872,414405,859,858,1018,20
1873,414406,858,857,1181,20
1874,414407,857,257,526,20
1875,415101,862,863,661,20
1876,415102,863,864,437,20
1877,415103,864,865,287,20
1878,415104,865,866,833,20
1879,415105,866,867,1082,20
1880,415106,867,868,722,20
1881,415107,868,869,2178,20
1882,415108,869,853,914,20
1883,415109,853,859,882,20
1884,415110,859,870,825,20
1885,415111,870,871,1037,20
1886,415201,871,870,1050,20
1887,415202,870,859,827,20
1888,415203,859,853,898,20
1889,415204,853,869,921,20
1890,415205,869,868,2384,20
1891,415206,868,867,336,20
1892,415207,867,866,1174,20
1893,415208,866,865,755,20
1894,415209,865,864,278,20
1895,415210,864,863,461,20
1896,415211,863,862,644,20
1897,416301,176,872,749,20
1898,416302,872,846,1424,20
1899,416401,846,872,1428,20
1900,416402,872,176,596,20
1901,417301,228,842,403,20
1902,417302,842,873,933,20
1903,417303,873,782,387,20
1904,417304,782,867,2159,20
1905,417305,867,874,1220,20
1906,417306,874,858,2270,20
1907,417307,858,875,1199,20
1908,417308,875,876,1149,20
1909,417309,876,877,413,20
1910,417310,877,878,740,20
1911,417311,878,879,150,20
1912,417312,879,880,1424,20
1913,417313,880,881,629,20
1914,417314,881,882,855,20
1915,417315,882,883,915,20
1916,417316,883,884,995,20
1917,417401,884,883,986,20
1918,417402,883,882,933,20
1919,417403,882,881,936,20
1920,417404,881,880,541,20
1921,417405,880,879,1412,20
1922,417406,879,878,163,20
1923,417407,878,877,735,20
1924,417408,877,876,571,20
1925,417409,876,875,1208,20
1926,417410,875,858,991,20
1927,417411,858,874,2318,20
1928,417412,874,867,1227,20
1929,417413,867,782,2116,20
1930,417414,782,873,497,20
1931,417415,873,842,917,20
1932,417416,842,228,417,20
1933,418101,823,885,1166,20
1934,418102,885,886,645,20
1935,418103,886,887,895,20
1936,418104,887,888,861,20
1937,418105,888,828,934,20
1938,418106,828,889,590,20
1939,418107,889,890,1708,20
1940,418201,890,889,1686,20
1941,418202,889,828,578,20
1942,418203,828,888,942,20
1943,418204,888,887,863,20
1944,418205,887,886,894,20
1945,418206,886,885,649,20
1946,418207,885,823,1166,20
1947,420301,891,892,332,15
1948,420302,892,786,722,15
1949,420303,786,893,517,15
1950,420401,893,786,510,15
1951,420402,786,892,733,15
1952,420403,892,891,333,15
1953,422301,894,895,943,15
1954,422401,895,894,936,15
1955,424301,896,897,1060,15
1956,424401,897,896,1056,15
1957,425301,898,899,660,15
1958,425401,899,898,660,15
1959,426301,900,820,294,15
1960,426401,820,900,294,15
1961,427301,901,902,963,15
1962,427401,902,901,957,15
1963,430301,784,903,488,15
1964,430302,903,904,465,15
1965,430401,904,903,455,15
1966,430402,903,784,497,15
1967,433301,855,905,538,15
1968,433302,905,906,556,15
1969,433303,906,907,781,15
1970,433304,907,802,363,15
1971,433401,802,907,369,15
1972,433402,907,906,788,15
1973,433403,906,905,555,15
1974,433404,905,855,530,15
1975,435101,908,834,1164,15
1976,435201,834,908,1164,15
1977,437301,885,909,579,15
1978,437302,909,910,708,15
1979,437401,910,909,719,15
1980,437402,909,885,583,15
1981,443301,911,912,1366,15
1982,443401,912,911,1366,15
1983,445301,913,841,2142,15
1984,445401,841,913,2142,15
1985,446101,914,915,804,15
1986,446102,915,899,774,15
1987,446103,899,902,756,15
1988,446201,902,899,756,15
1989,446202,899,915,774,15
1990,446203,915,914,804,15
1991,447301,852,916,1362,15
1992,447401,916,852,1364,15
1993,450301,249,894,478,15
1994,450401,894,249,478,15
1995,452301,917,918,671,15
1996,452401,918,917,670,15
1997,455101,847,790,1120,15
1998,455201,790,847,1122,15
1999,456101,919,903,878,15
2000,456102,903,920,576,15
2001,456103,920,921,1107,15
2002,456201,921,920,1115,15
2003,456202,920,903,576,15
2004,456203,903,919,877,15
2005,457101,922,923,830,20
2006,457102,923,924,573,20
2007,457103,924,925,527,20
2008,457201,925,924,541,20
2009,457202,924,923,565,20
2010,457203,923,922,915,20
2011,461101,861,926,1056,15
2012,461201,926,861,1054,15
2013,463301,927,928,576,20
2014,463302,928,929,685,15
2015,463401,929,928,667,15
2016,463402,928,927,591,20
2017,464301,863,930,402,15
2018,464401,930,863,389,15
2019,465101,817,931,646,15
2020,465201,931,817,643,15
2021,466301,873,781,905,15
2022,466401,781,873,905,15
2023,468301,225,775,478,15
2024,468302,775,932,1073,15
2025,468401,932,775,1073,15
2026,468402,775,225,475,15
2027,471301,933,774,615,15
2028,471401,774,933,615,15
2029,472301,934,935,1492,15
2030,472302,935,789,767,15
2031,472303,789,936,861,15
2032,472401,936,789,861,15
2033,472402,789,935,767,15
2034,472403,935,934,1492,15
2035,473301,937,938,1554,15
2036,473401,938,937,1555,15
2037,476301,939,940,808,15
2038,476401,940,939,815,15
2039,478101,761,941,1122,15
2040,478201,941,761,1122,15
2041,479301,942,943,907,15
2042,479401,943,942,907,15
2043,480301,944,942,812,15
2044,480302,942,941,974,15
2045,480303,941,945,599,15
2046,480401,945,941,599,15
2047,480402,941,942,974,15
2048,480403,942,944,812,15
2049,481101,946,947,663,15
2050,481102,947,813,587,15
2051,481103,813,948,953,15
2052,481201,948,813,953,15
2053,481202,813,947,586,15
2054,481203,947,946,662,15
2055,483101,949,946,334,15
2056,483201,946,949,334,15
2057,484101,950,947,1852,15
2058,484102,947,951,754,15
2059,484201,951,947,767,15
2060,484202,947,950,1841,15
2061,485101,860,952,800,15
2062,485201,952,860,799,15
2063,490101,953,931,489,15
2064,490102,931,954,510,15
2065,490103,954,955,546,15
2066,490201,955,954,570,15
2067,490202,954,931,510,15
2068,490203,931,953,477,15
2069,492101,939,956,719,15
2070,492102,956,957,560,15
2071,492103,957,958,822,15
2072,492201,958,957,827,15
2073,492202,957,956,563,15
2074,492203,956,956,721,15
2075,496101,830,959,1040,15
2076,496201,959,830,1040,15
2077,503301,960,923,640,15
2078,503401,923,960,639,15
2079,504101,961,962,2042,15
2080,504201,962,961,2042,15
2081,505301,957,963,529,15
2082,505401,963,957,528,15
2083,509101,844,964,1010,15
2084,509201,964,844,1010,15
2085,511101,965,966,769,15
2086,511201,966,965,762,15
2087,516301,967,968,706,15
2088,516302,968,969,664,15
2089,516401,969,968,664,15
2090,516402,968,967,697,15
2091,518101,969,970,628,15
2092,518201,970,969,632,15
2093,519101,966,806,572,15
2094,519102,806,971,1112,15
2095,519201,971,806,1110,15
2096,519202,806,966,572,15
2097,524101,962,908,324,15
2098,524201,908,962,324,15
2099,527101,972,973,1634,15
2100,527102,973,814,803,15
2101,527103,814,974,774,15
2102,527201,974,814,777,15
2103,527202,814,973,805,15
2104,527203,973,972,1627,15
2105,531301,868,913,1638,15
2106,531401,913,868,1638,15
2107,532101,857,975,1137,15
2108,532102,975,976,505,15
2109,532201,976,975,513,15
2110,532202,975,857,1134,15
2111,536301,977,978,984,15
2112,536302,978,979,431,15
2113,536401,979,978,429,15
2114,536402,978,977,983,15
2115,541301,836,980,708,15
2116,541401,980,836,706,15
2117,542101,907,981,768,15
2118,542201,981,907,773,15
2119,543301,810,982,2005,15
2120,543302,982,956,803,15
2121,543303,956,983,660,15
2122,543401,983,956,658,15
2123,543402,956,982,800,15
2124,543403,982,810,2011,15
2125,544301,837,984,940,15
2126,544401,984,837,930,15
2127,545301,985,924,531,15
2128,545401,924,985,532,15
2129,546101,827,986,2759,15
2130,546201,986,827,2776,15
2131,547301,987,887,594,15
2132,547401,887,987,597,15
2133,549301,848,843,943,15
2134,549401,843,848,943,15
2135,550301,988,989,1028,20
2136,550302,989,990,1426,20
2137,550303,990,991,1071,20
2138,550304,991,992,613,20
2139,550401,992,991,615,20
2140,550402,991,990,1068,20
2141,550403,990,989,1431,20
2142,550404,989,988,1020,20
2143,551101,993,994,730,20
2144,551201,994,993,673,20
2145,552101,988,995,1006,20
2146,552102,995,996,1047,20
2147,552201,996,995,1047,20
2148,552202,995,988,1003,20
2149,553101,997,998,1728,15
2150,553102,998,999,1119,15
2151,553103,999,1000,1341,20
2152,553104,1000,293,2771,20
2153,553105,293,1001,1808,20
2154,553201,1001,293,1853,20
2155,553202,293,1000,2754,20
2156,553203,1000,999,1333,20
2157,553204,999,998,1148,15
2158,553205,998,997,1706,15
2159,554301,1002,1003,593,20
2160,554401,1003,1002,593,20
2161,555301,297,1004,406,20
2162,555302,1004,1005,382,20
2163,555401,1005,1004,384,20
2164,555402,1004,297,402,20
2165,556101,993,996,2074,20
2166,556201,996,993,2074,20
2167,557101,1006,1007,432,20
2168,557102,1007,1003,425,20
2169,557103,1003,1008,1021,20
2170,557104,1008,1009,803,20
2171,557201,1009,1008,807,20
2172,557202,1008,1003,1028,20
2173,557203,1003,1007,425,20
2174,557204,1007,1006,422,20
2175,558101,1010,1011,390,20
2176,558102,1011,1012,1003,20
2177,558103,1012,296,627,20
2178,558104,296,1013,1654,20
2179,558105,1013,1014,1381,20
2180,558201,1014,1013,1384,20
2181,558202,1013,296,1653,20
2182,558203,296,1012,624,20
2183,558204,1012,1011,1010,20
2184,558205,1011,1010,388,20
2185,559301,301,1015,954,20
2186,559401,1015,301,975,20
2187,563301,1008,1016,619,20
2188,563302,1016,1017,640,20
2189,563401,1017,1016,641,20
2190,563402,1016,1008,620,20
2191,564301,1018,298,654,20
2192,564401,298,1018,654,20
2193,565301,1019,1020,371,20
2194,565302,1020,1021,430,20
2195,565401,1021,1020,430,20
2196,565402,1020,1019,378,20
2197,566101,1022,1023,1971,20
2198,566102,1023,992,1274,20
2199,566103,992,1024,1029,20
2200,566104,1024,1025,2285,20
2201,566105,1025,1026,949,20
2202,566201,1026,1025,869,20
2203,566202,1025,1024,2436,20
2204,566203,1024,992,972,20
2205,566204,992,1023,1331,20
2206,566205,1023,1022,1929,20
2207,567101,995,1027,806,20
2208,567102,1027,1028,1126,20
2209,567103,1028,1029,1224,20
2210,567104,1029,294,2057,20
2211,567105,294,1030,1825,20
2212,567201,1030,294,1822,20
2213,567202,294,1029,2076,20
2214,567203,1029,1028,1229,20
2215,567204,1028,1027,1122,20
2216,567205,1027,995,802,20
2217,568301,1031,1001,969,20
2218,568302,1001,1030,1862,20
2219,568303,1030,1032,969,20
2220,568304,1032,639,1684,20
2221,568305,639,1014,1256,20
2222,568306,1014,1033,1891,20
2223,568401,1033,1014,1900,20
2224,568402,1014,639,1252,20
2225,568403,639,1032,1945,20
2226,568404,1032,1030,823,20
2227,568405,1030,1001,1890,20
2228,568406,1001,1031,957,20
2229,569301,1034,1035,558,15
2230,569302,1035,1036,513,15
2231,569401,1036,1035,507,15
2232,569402,1035,1034,554,15
2233,575101,1037,1038,3746,15
2234,575201,1038,1037,3794,15
2235,577301,1039,1040,976,15
2236,577302,1040,1041,733,15
2237,577401,1041,1040,733,15
2238,577402,1040,1039,976,15
2239,578301,1042,1038,731,15
2240,578401,1038,1042,726,15
2241,580301,1027,1037,598,15
2242,580302,1037,1043,446,15
2243,580303,1043,1044,833,15
2244,580304,1044,1041,738,15
2245,580401,1041,1044,738,15
2246,580402,1044,1043,832,15
2247,580403,1043,1037,449,15
2248,580404,1037,1027,585,15
2249,581301,997,1045,1401,15
2250,581401,1045,997,1407,15
2251,582301,1046,1047,742,15
2252,582302,1047,1044,612,15
2253,582401,1044,1047,603,15
2254,582402,1047,1046,767,15
2255,583301,1000,1048,2487,15
2256,583401,1048,1000,2487,15
2257,584301,1049,1032,1231,15
2258,584401,1032,1049,1231,15
2259,585301,299,1050,520,15
2260,585401,1050,299,518,15
2261,587301,300,1051,1029,15
2262,587401,1051,300,993,15
2263,588301,1052,1053,826,15
2264,588401,1053,1052,826,15
2265,589301,1034,1007,545,15
2266,589401,1007,1034,548,15
2267,590101,1054,1051,431,15
2268,590201,1051,1054,431,15
2269,591101,292,1055,966,15
2270,591201,1055,292,963,15
2271,592101,1055,1031,898,15
2272,592201,1031,1055,885,15
2273,593101,1035,1004,381,15
2274,593102,1004,1020,936,15
2275,593103,1020,1050,520,15
2276,593104,1050,1056,1416,15
2277,593201,1056,1050,1400,15
2278,593202,1050,1020,518,15
2279,593203,1020,1004,933,15
2280,593204,1004,1035,381,15
2281,595301,295,1049,1161,15
2282,595401,1049,295,1161,15
2283,597301,1057,1058,891,20
2284,597302,1058,1059,716,20
2285,597401,1059,1058,716,20
2286,597402,1058,1057,891,20
2287,598101,1060,1061,1848,20
2288,598102,1061,1062,2356,20
2289,598201,1062,1061,2323,20
2290,598202,1061,1060,1864,20
2291,599301,1063,1064,210,20
2292,599401,1064,1063,198,20
2293,600301,1065,1061,1847,20
2294,600302,1061,1066,754,20
2295,600401,1066,1061,734,20
2296,600402,1061,1065,1864,20
2297,601301,1067,1068,1247,20
2298,601401,1068,1067,1247,20
2299,602301,1069,1070,1586,20
2300,602302,1070,1071,800,20
2301,602401,1071,1070,1046,20
2302,602402,1070,1069,1354,20
2303,603301,1072,1073,642,20
2304,603401,1073,1072,640,20
2305,604301,1074,1075,1331,15
2306,604401,1075,1074,1331,15
2307,606101,1076,1060,2195,20
2308,606201,1060,1076,2189,20
2309,607301,1077,1078,666,20
2310,607302,1078,1079,503,20
2311,607303,1079,1080,794,20
2312,607304,1080,1063,558,20
2313,607401,1063,1080,576,20
2314,607402,1080,1079,781,20
2315,607403,1079,1078,500,20
2316,607404,1078,1077,663,20
2317,608301,1062,1081,503,20
2318,608401,1081,1062,500,20
2319,609301,1066,1082,881,20
2320,609302,1082,1083,530,20
2321,609401,1083,1082,535,20
2322,609402,1082,1066,871,20
2323,610101,1084,1085,1412,20
2324,610102,1085,1086,1451,20
2325,610103,1086,1087,969,20
2326,610104,1087,1088,791,20
2327,610105,1088,1089,618,20
2328,610106,1089,1090,1478,20
2329,610201,1090,1089,1492,20
2330,610202,1089,1088,616,20
2331,610203,1088,1087,880,20
2332,610204,1087,1086,661,20
2333,610205,1086,1085,1664,20
2334,610206,1085,1084,1429,20
2335,611101,1091,1092,830,20
2336,611102,1092,1093,893,20
2337,611103,1093,1094,686,20
2338,611104,1094,1073,572,20
2339,611105,1073,1095,917,20
2340,611106,1095,1096,1027,20
2341,611201,1096,1095,1043,20
2342,611202,1095,1073,917,20
2343,611203,1073,1094,577,20
2344,611204,1094,1093,687,20
2345,611205,1093,1092,886,20
2346,611206,1092,1091,828,20
2347,612101,1097,1098,1439,20
2348,612102,1098,1099,763,20
2349,612103,1099,1100,510,20
2350,612104,1100,1101,1005,20
2351,612105,1101,1102,683,20
2352,612106,1102,1103,1684,20
2353,612201,1103,1102,1682,20
2354,612202,1102,1101,687,20
2355,612203,1101,1100,995,20
2356,612204,1100,1099,523,20
2357,612205,1099,1098,793,20
2358,612206,1098,1097,1412,20
2359,613101,1104,1105,3165,20
2360,613102,1105,1057,865,20
2361,613103,1057,1080,182,20
2362,613104,1080,1070,567,20
2363,613105,1070,1106,676,20
2364,613106,1106,1083,385,20
2365,613107,1083,769,924,20
2366,613201,769,1083,944,20
2367,613202,1083,1106,386,20
2368,613203,1106,1070,766,20
2369,613204,1070,1080,488,20
2370,613205,1080,1057,172,20
2371,613206,1057,1105,863,20
2372,613207,1105,1104,3168,20
2373,615301,1107,1108,3088,20
2374,615302,1108,1109,2894,20
2375,615303,1109,1090,1091,20
2376,615304,1090,1095,742,20
2377,615305,1095,1110,412,20
2378,615306,1110,1081,1276,20
2379,615307,1081,1103,678,20
2380,615308,1103,1111,1241,20
2381,615309,1111,1112,987,20
2382,615310,1112,1113,710,20
2383,615311,1113,1067,1818,20
2384,615312,1067,1074,1081,20
2385,615313,1074,1114,542,20
2386,615314,1114,1115,1955,20
2387,615315,1115,1116,621,20
2388,615316,1116,1117,1299,20
2389,615401,1117,1116,1298,20
2390,615402,1116,1115,793,20
2391,615403,1115,1114,1790,20
2392,615404,1114,1074,534,20
2393,615405,1074,1067,1084,20
2394,615406,1067,1113,1825,20
2395,615407,1113,1112,717,20
2396,615408,1112,1111,1025,20
2397,615409,1111,1103,1211,20
2398,615410,1103,1081,669,20
2399,615411,1081,1110,1276,20
2400,615412,1110,1095,410,20
2401,615413,1095,1090,739,20
2402,615414,1090,1109,1094,20
2403,615415,1109,1108,2877,20
2404,615416,1108,1107,3085,20
2405,616301,1118,1114,418,15
2406,616401,1114,1118,418,15
2407,619301,1119,1076,2030,15
2408,619302,1076,1098,708,15
2409,619401,1098,1076,698,15
2410,619402,1076,1119,2041,15
2411,620301,1120,1099,803,15
2412,620302,1099,1121,855,15
2413,620303,1121,1122,719,15
2414,620304,1122,1123,667,15
2415,620401,1123,1122,672,15
2416,620402,1122,1121,715,15
2417,620403,1121,1099,845,15
2418,620404,1099,1120,802,15
2419,626101,1124,1125,742,15
2420,626102,1125,1113,1313,15
2421,626201,1113,1125,1313,15
2422,626202,1125,1124,742,15
2423,627301,1088,1094,2286,15
2424,627401,1094,1088,2286,15
2425,628101,816,953,752,15
2426,628201,953,816,753,15
2427,633301,1086,1092,520,15
2428,633401,1092,1086,520,15
2429,634301,1101,1106,1980,15
2430,634401,1106,1101,1980,15
2431,635301,1087,1093,657,15
2432,635401,1093,1087,657,15
2433,637301,1097,1126,798,15
2434,637401,1126,1097,798,15
2435,638301,1127,1128,809,15
2436,638401,1128,1127,809,15
2437,640101,1126,1128,634,15
2438,640102,1128,1121,856,15
2439,640103,1121,1078,522,15
2440,640201,1078,1121,521,15
2441,640202,1121,1128,853,15
2442,640203,1128,1126,634,15
2443,641101,896,900,806,15
2444,641102,900,898,777,15
2445,641103,898,1129,755,15
2446,641104,1129,1130,911,15
2447,641201,1130,1129,994,15
2448,641202,1129,898,755,15
2449,641203,898,900,777,15
2450,641204,900,896,806,15
2451,648301,1131,1132,749,15
2452,648401,1132,1131,749,15
2453,655301,884,1133,1196,20
2454,655302,1133,1134,1249,20
2455,655303,1134,1135,540,20
2456,655401,1135,1134,594,20
2457,655402,1134,1133,1232,20
2458,655403,1133,884,1196,20
2459,657301,1136,1137,215,20
2460,657401,1137,1136,201,20
2461,658301,1138,1139,1243,20
2462,658401,1139,1138,1241,20
2463,659101,1140,1141,456,20
2464,659102,1141,1142,507,20
2465,659201,1142,1141,506,20
2466,659202,1141,1140,456,20
2467,660301,1143,1144,495,20
2468,660302,1144,1145,711,20
2469,660303,1145,1142,324,20
2470,660402,1142,1145,361,20
2471,660403,1145,1144,667,20
2472,660404,1144,1143,482,20
2473,661301,1146,1147,838,20
2474,661401,1147,1146,886,20
2475,662301,1148,1149,762,20
2476,662302,1149,1150,419,20
2477,662303,1150,1151,1366,20
2478,662304,1151,1152,507,20
2479,662401,1152,1151,511,20
2480,662402,1151,1150,1360,20
2481,662403,1150,1149,419,20
2482,662404,1149,1148,767,20
2483,663101,1153,1154,275,20
2484,663201,1154,1153,273,20
2485,664101,1155,1140,506,20
2486,664201,1140,1155,531,20
2487,665301,1156,1157,777,20
2488,665401,1157,1156,795,20
2489,666301,1158,1159,663,20
2490,666302,1159,1160,1399,20
2491,666303,1160,1161,2655,20
2492,666304,1161,1162,2096,20
2493,666401,1162,1161,2095,20
2494,666402,1161,1160,2652,20
2495,666403,1160,1159,1401,20
2496,666404,1159,1158,672,20
2497,667101,475,1163,3641,20
2498,667102,1163,1164,4344,20
2499,667103,1164,1165,470,20
2500,667104,1165,1166,922,20
2501,667201,1166,1165,932,20
2502,667202,1165,1164,619,20
2503,667203,1164,1163,4209,20
2504,667204,1163,475,3649,20
2505,668101,1167,1168,2910,20
2506,668102,1168,1169,519,20
2507,668201,1169,1168,524,20
2508,668202,1168,1167,2926,20
2509,669301,1163,1170,1123,20
2510,669302,1170,1138,1088,20
2511,669303,1138,1167,538,20
2512,669304,1167,1171,895,20
2513,669401,1171,1167,934,20
2514,669402,1167,1138,522,20
2515,669403,1138,1170,1089,20
2516,669404,1170,1163,1127,20
2517,670101,477,1172,1093,20
2518,670102,1172,1173,498,20
2519,670201,1173,1172,493,20
2520,670202,1172,477,1089,20
2521,671101,1174,1175,657,20
2522,671102,1175,1176,894,20
2523,671103,1176,1177,1030,20
2524,671104,1177,1178,412,20
2525,671105,1178,1179,1069,20
2526,671201,1179,1178,1086,20
2527,671202,1178,1177,398,20
2528,671203,1177,1176,1055,20
2529,671204,1176,1175,874,20
2530,671205,1175,1174,658,20
2531,672101,1180,1174,583,20
2532,672102,1174,1181,974,20
2533,672103,1181,1149,856,20
2534,672104,1149,1182,733,20
2535,672105,1182,1183,415,20
2536,672106,1183,1184,1017,20
2537,672201,1184,1183,1030,20
2538,672202,1183,1182,405,20
2539,672203,1182,1149,733,20
2540,672204,1149,1181,844,20
2541,672205,1181,1174,972,20
2542,672206,1174,1180,570,20
2543,674301,1185,1166,1910,20
2544,674302,1166,1186,1327,20
2545,674303,1186,1158,490,20
2546,674304,1158,1187,854,20
2547,674305,1187,1171,2118,20
2548,674401,1171,1187,2128,20
2549,674402,1187,1158,867,20
2550,674403,1158,1186,490,20
2551,674404,1186,1166,1329,20
2552,674405,1166,1185,1906,20
2553,675301,1188,1189,491,20
2554,675302,1189,1136,595,20
2555,675303,1136,1190,459,20
2556,675304,1190,1179,615,20
2557,675305,1179,1143,540,20
2558,675401,1143,1179,550,20
2559,675402,1179,1190,612,20
2560,675403,1190,1136,453,20
2561,675404,1136,1189,492,20
2562,675405,1189,1188,594,20
2563,676101,1180,1191,870,20
2564,676102,1191,1192,501,20
2565,676103,1192,1193,611,20
2566,676104,1193,1194,459,20
2567,676105,1194,1195,881,20
2568,676106,1195,1196,444,20
2569,676107,1196,1137,1073,20
2570,676201,1137,1196,1087,20
2571,676202,1196,1195,431,20
2572,676203,1195,1194,895,20
2573,676204,1194,1193,447,20
2574,676205,1193,1192,628,20
2575,676206,1192,1191,504,20
2576,676207,1191,1180,863,20
2577,677101,1197,1198,768,20
2578,677102,1198,1199,1062,20
2579,677103,1199,258,1002,20
2580,677201,258,1199,1068,20
2581,677202,1199,1198,1075,20
2582,677203,1198,1197,745,20
2583,678301,1200,1201,3373,20
2584,678302,1201,1202,1205,20
2585,678303,1202,1198,699,20
2586,678304,1198,279,403,20
2587,678305,279,1203,788,20
2588,678306,1203,1204,1094,20
2589,678307,1204,1205,1088,20
2590,678308,1205,1206,944,20
2591,678401,1206,1205,943,20
2592,678402,1205,1204,1076,20
2593,678403,1204,1203,1111,20
2594,678404,1203,279,785,20
2595,678405,279,1198,725,20
2596,678406,1198,1202,388,20
2597,678407,1202,1201,1199,20
2598,678408,1201,1200,3364,20
2599,679301,1207,1154,642,20
2600,679302,1154,1208,565,20
2601,679303,1208,1197,485,20
2602,679304,1197,278,320,20
2603,679305,278,1209,745,20
2604,679306,1209,879,1441,20
2605,679307,879,1210,488,20
2606,679308,1210,1193,548,20
2607,679309,1193,1211,610,20
2608,679401,1211,1193,616,20
2609,679402,1193,1210,541,20
2610,679403,1210,879,488,20
2611,679404,879,1209,1444,20
2612,679405,1209,278,628,20
2613,679406,278,1197,444,20
2614,679407,1197,1208,490,20
2615,679408,1208,1154,563,20
2616,679409,1154,1207,640,20
2617,680301,1208,1202,665,15
2618,680302,1202,1199,764,15
2619,680401,1199,1202,787,15
2620,680402,1202,1208,651,15
2621,682301,1212,1213,2577,15
2622,682401,1213,1212,2575,15
2623,683101,1213,1161,2387,15
2624,683102,1161,1214,1716,15
2625,683201,1214,1161,1677,15
2626,683202,1161,1213,2421,15
2627,684301,1215,1216,858,15
2628,684302,1216,1217,844,15
2629,684401,1217,1216,846,15
2630,684402,1216,1215,854,15
2631,685301,1218,1215,413,15
2632,685401,1215,1218,413,15
2633,687301,1189,1218,1143,15
2634,687302,1218,1219,621,15
2635,687303,1219,1220,915,15
2636,687304,1220,1221,1303,15
2637,687401,1221,1220,1291,15
2638,687402,1220,1219,943,15
2639,687403,1219,1218,622,15
2640,687404,1218,1189,1130,15
2641,689101,1222,1216,782,15
2642,689102,1216,1223,810,15
2643,689103,1223,1133,599,15
2644,689201,1133,1223,593,15
2645,689202,1223,1216,803,15
2646,689203,1216,1222,786,15
2647,690101,1224,1220,780,15
2648,690102,1220,1134,1844,15
2649,690201,1134,1220,1854,15
2650,690202,1220,1224,779,15
2651,691101,881,1205,853,15
2652,691102,1205,1225,451,15
2653,691201,1225,1205,453,15
2654,691202,1205,881,856,15
2655,693301,1207,1201,630,15
2656,693302,1201,1226,1637,15
2657,693401,1226,1201,1638,15
2658,693402,1201,1207,645,15
2659,694101,1210,1227,415,15
2660,694102,1227,1228,551,15
2661,694103,1228,1229,575,15
2662,694104,1229,1230,452,15
2663,694105,1230,1231,906,15
2664,694201,1231,1230,903,15
2665,694202,1230,1229,452,15
2666,694203,1229,1228,582,15
2667,694204,1228,1227,558,15
2668,694205,1227,1210,406,15
2669,695101,1209,1203,1235,15
2670,695201,1203,1209,1229,15
2671,696301,1232,1233,479,15
2672,696302,1233,1234,672,15
2673,696401,1234,1233,664,15
2674,696402,1233,1232,473,15
2675,697301,1232,1235,1082,15
2676,697401,1235,1232,1079,15
2677,700101,1236,1237,718,15
2678,700201,1237,1236,717,15
2679,701101,1151,1238,492,15
2680,701102,1238,1145,592,15
2681,701201,1145,1238,595,15
2682,701202,1238,1151,493,15
2683,703301,805,1239,1407,15
2684,703401,1239,805,1402,15
2685,704301,1150,1240,1016,15
2686,704302,1240,1144,953,15
2687,704401,1144,1240,958,15
2688,704402,1240,1150,1015,15
2689,705301,804,1241,1417,15
2690,705401,1241,804,1419,15
2691,707301,1170,1242,721,15
2692,707401,1242,1170,721,15
2693,708301,877,1191,1086,15
2694,708302,1191,1175,505,15
2695,708303,1175,1181,593,15
2696,708401,1181,1175,602,15
2697,708402,1175,1191,505,15
2698,708403,1191,877,1081,15
2699,710101,1159,1243,1169,15
2700,710201,1243,1159,1169,15
2701,716301,1244,1245,2511,20
2702,716302,1245,1246,1274,20
2703,716303,1245,1246,1625,20
2704,716304,1246,1247,2600,20
2705,716401,1247,1246,2600,20
2706,716402,1246,1245,1618,20
2707,716403,1246,1245,1274,20
2708,716404,1245,1244,2511,20
2709,720101,1248,1249,728,20
2710,720201,1249,1248,725,20
2711,721101,1250,1251,1413,15
2712,721201,1251,1250,1415,15
2713,722101,1252,1253,922,20
2714,722201,1253,1252,910,20
2715,723301,1247,1248,1176,20
2716,723302,1248,1251,514,20
2717,723303,1251,1252,1007,20
2718,723401,1252,1251,993,20
2719,723402,1251,1248,512,20
2720,723403,1248,1247,1188,20
2721,736301,1254,679,383,20
2722,736302,679,1255,477,20
2723,736401,1255,679,476,20
2724,736402,679,1254,400,20
2725,738101,1256,496,403,20
2726,738102,496,728,945,20
2727,738103,728,1257,1026,20
2728,738201,1257,728,1042,20
2729,738202,728,496,949,20
2730,738203,496,1256,391,20
2731,741101,1258,1212,1791,20
2732,741102,1212,1160,2030,20
2733,741103,1160,1259,1750,20
2734,741104,1259,1260,3783,20
2735,741105,1260,998,4503,20
2736,741106,998,1028,2725,20
2737,741201,1028,998,2604,20
2738,741202,998,1260,4673,20
2739,741203,1260,1259,3762,20
2740,741204,1259,1160,1784,20
2741,741205,1160,1212,2243,20
2742,741206,1212,1258,1526,20
2743,742301,1068,797,2506,20
2744,742401,797,1068,2506,20
2745,743301,1261,1109,1600,20
2746,743302,1109,1262,766,20
2747,743303,1262,818,1466,20
2748,743304,818,954,557,20
2749,743401,954,818,562,20
2750,743402,818,1262,1450,20
2751,743403,1262,1109,781,20
2752,743404,1109,1261,1601,20
2753,745101,1263,845,1493,20
2754,745102,845,1264,1205,20
2755,745103,1264,795,533,20
2756,745104,795,916,925,20
2757,745105,916,985,468,20
2758,745106,985,777,722,20
2759,745107,777,1265,962,20
2760,745201,1265,777,958,20
2761,745202,777,985,732,20
2762,745203,985,916,472,20
2763,745204,916,795,920,20
2764,745205,795,1264,543,20
2765,745206,1264,845,1194,20
2766,745207,845,1263,1495,20
2767,746301,1147,975,1844,20
2768,746302,975,1266,635,20
2769,746303,1266,875,558,20
2770,746304,875,870,665,20
2771,746305,870,856,946,20
2772,746306,856,926,1077,20
2773,746307,926,803,1499,20
2774,746308,803,1267,464,20
2775,746309,1267,1268,951,20
2776,746310,1268,1269,2334,20
2777,746401,1269,1268,2316,20
2778,746402,1268,1267,979,20
2779,746403,1267,803,464,20
2780,746404,803,926,1502,20
2781,746405,926,856,1080,20
2782,746406,856,870,938,20
2783,746407,870,875,738,20
2784,746408,875,1266,480,20
2785,746409,1266,975,642,20
2786,746410,975,1147,1822,20
2787,747301,1270,1249,594,20
2788,747302,1249,1253,1408,20
2789,747303,1253,1271,3011,20
2790,747304,1271,1272,2216,20
2791,747305,1272,1085,1373,20
2792,747306,1085,1273,534,20
2793,747401,1273,1085,517,20
2794,747402,1085,1272,1428,20
2795,747403,1272,1271,2567,20
2796,747404,1271,1253,2612,20
2797,747405,1253,1249,1418,20
2798,747406,1249,1270,600,20
2799,748101,1274,1275,857,20
2800,748102,1275,1276,1319,20
2801,748103,1276,374,1334,20
2802,748104,374,1277,1127,20
2803,748201,1277,374,1136,20
2804,748202,374,1276,1469,20
2805,748203,1276,1275,1161,20
2806,748204,1275,1274,849,20
2807,749301,1278,1155,676,20
2808,749302,1155,1156,628,20
2809,749303,1156,1279,410,20
2810,749304,1279,1165,999,20
2811,749305,1165,1280,1312,20
2812,749306,1280,1169,901,20
2813,749307,1169,1187,394,20
2814,749401,1187,1169,373,20
2815,749402,1169,1280,904,20
2816,749403,1280,1165,1306,20
2817,749404,1165,1279,1010,20
2818,749405,1279,1156,433,20
2819,749406,1156,1155,605,20
2820,749407,1155,1278,685,20
2821,750101,1281,251,384,15
2822,750102,251,248,1032,15
2823,750201,248,251,1032,15
2824,750202,251,1281,404,15
2825,751101,79,1282,367,15
2826,751102,1282,71,832,15
2827,751103,71,111,738,15
2828,751201,111,71,742,15
2829,751202,71,1282,833,15
2830,751203,1282,79,365,15
2831,752301,1283,1259,2543,15
2832,752302,1259,1214,1994,15
2833,752401,1214,1259,1994,15
2834,752402,1259,1283,2542,15
2835,753101,1006,1284,1361,20
2836,753102,1284,1017,770,20
2837,753103,1017,1285,1062,20
2838,753104,1285,1286,1345,20
2839,753105,1286,1015,992,20
2840,753201,1015,1286,1082,20
2841,753202,1286,1285,1208,20
2842,753203,1285,1017,1098,20
2843,753204,1017,1284,1564,20
2844,753205,1284,1006,540,20
2845,754101,1287,104,859,15
2846,754102,104,168,969,15
2847,754103,168,65,559,15
2848,754104,65,118,860,20
2849,754105,118,97,533,20
2850,754106,97,1288,490,20
2851,754107,1288,74,701,20
2852,754108,74,113,716,20
2853,754201,113,74,715,20
2854,754202,74,1288,713,20
2855,754203,1288,97,495,20
2856,754204,97,118,517,20
2857,754205,118,65,855,20
2858,754206,65,168,557,15
2859,754207,168,104,977,15
2860,754208,104,1287,859,15
2861,756101,494,727,892,15
2862,756201,727,494,893,15
2863,758301,1289,638,1241,15
2864,758401,638,1289,1246,15
2865,759101,721,554,739,15
2866,759102,554,1290,1020,15
2867,759103,1290,1291,787,15
2868,759201,1291,1290,774,15
2869,759202,1290,554,1023,15
2870,759203,554,721,752,15
2871,760101,1292,240,531,15
2872,760102,240,107,894,15
2873,760201,107,240,890,15
2874,760202,240,1292,536,15
2875,761301,1293,1153,513,20
2876,761302,1153,1233,686,20
2877,761303,1233,1236,1281,20
2878,761304,1236,878,937,20
2879,761305,878,1192,1019,15
2880,761401,1192,878,1020,15
2881,761402,878,1236,1042,20
2882,761403,1236,1233,1283,20
2883,761404,1233,1153,681,20
2884,761405,1153,1293,539,20
2885,762301,327,1294,917,20
2886,762302,1294,30,676,20
2887,762303,30,313,933,20
2888,762304,313,134,880,20
2889,762305,134,456,670,20
2890,762306,456,459,1385,20
2891,762401,459,456,1395,20
2892,762402,456,134,676,20
2893,762403,134,313,858,20
2894,762404,313,30,937,20
2895,762405,30,1294,666,20
2896,762406,1294,327,926,20
2897,763101,184,138,259,30
2898,763102,138,31,736,30
2899,763103,31,66,1339,20
2900,763201,66,31,1409,20
2901,763202,31,138,613,30
2902,763203,138,184,786,30
2903,764301,1295,1296,2249,15
2904,764302,1296,328,1153,15
2905,764303,328,1297,815,20
2906,764304,1297,319,420,20
2907,764305,319,454,596,20
2908,764306,454,315,446,20
2909,764307,315,433,484,20
2910,764308,433,345,869,20
2911,764401,345,433,762,20
2912,764402,433,315,487,20
2913,764403,315,454,446,20
2914,764404,454,319,613,20
2915,764405,319,1297,404,20
2916,764406,1297,328,804,20
2917,764407,328,1296,1155,15
2918,764408,1296,1295,2243,15
2919,765101,909,1298,450,20
2920,765102,1298,891,949,20
2921,765103,891,831,1129,20
2922,765104,831,1299,931,20
2923,765201,1299,831,685,20
2924,765202,831,891,1127,20
2925,765203,891,1298,952,20
2926,765204,1298,909,458,20
2927,768301,668,1300,817,15
2928,768302,1300,1301,723,15
2929,768303,1301,664,679,15
2930,768304,664,576,913,15
2931,768305,576,1302,1430,15
2932,768401,1302,576,1429,15
2933,768402,576,664,914,15
2934,768403,664,1301,720,15
2935,768404,1301,1300,680,15
2936,768405,1300,668,808,15
2937,769101,1303,928,3555,20
2938,769102,928,1304,4183,20
2939,769103,1304,974,2112,20
2940,769104,974,1305,600,20
2941,769105,1305,904,876,20
2942,769106,904,1306,807,20
2943,769107,1306,921,844,20
2944,769108,921,979,765,20
2945,769109,979,832,1153,20
2946,769110,832,788,562,20
2947,769111,788,1299,589,30
2948,769112,1299,1307,1882,30
2949,769113,1307,890,2829,30
2950,769201,890,1307,2684,30
2951,769202,1307,1299,1391,30
2952,769203,1299,788,804,30
2953,769204,788,832,554,20
2954,769205,832,979,1139,20
2955,769206,979,921,780,20
2956,769207,921,1306,807,20
2957,769208,1306,904,816,20
2958,769209,904,1305,446,20
2959,769210,1305,974,1331,20
2960,769211,974,1304,1848,20
2961,769212,1304,928,4161,20
2962,769213,928,1303,3547,20
2963,770301,472,671,493,15
2964,770302,671,752,415,15
2965,770303,752,717,576,15
2966,770304,717,674,479,15
2967,770305,674,1308,473,15
2968,770306,1308,1309,517,15
2969,770307,1309,1310,605,15
2970,770401,1310,1309,615,15
2971,770402,1309,1308,515,15
2972,770403,1308,674,474,15
2973,770404,674,717,478,15
2974,770405,717,752,579,15
2975,770406,752,671,412,15
2976,770407,671,472,484,15
2977,771301,1311,1266,886,15
2978,771401,1266,1311,888,15
2979,773101,1312,549,696,15
2980,773102,549,1289,652,20
2981,773201,1289,549,646,20
2982,773202,549,1312,694,15
2983,775101,1250,1313,684,15
2984,775102,1313,1314,1100,20
2985,775201,1314,1313,1202,20
2986,775202,1313,1250,686,15
2987,776101,522,709,1035,20
2988,776102,709,498,701,20
2989,776103,498,591,919,20
2990,776104,591,1315,870,20
2991,776201,1315,591,878,20
2992,776202,591,498,904,20
2993,776203,498,709,702,20
2994,776204,709,522,1033,20
2995,781101,594,1316,894,20
2996,781102,1316,446,644,20
2997,781103,446,1317,797,20
2998,781201,1317,446,830,20
2999,781202,446,1316,632,20
3000,781203,1316,594,887,20
3001,783301,190,253,1224,15
3002,783302,253,186,1052,15
3003,783401,186,253,1063,15
3004,783402,253,190,1214,15
3005,785101,602,684,903,15
3006,785201,684,602,896,15
3007,786301,580,1318,799,15
3008,786302,1318,1319,510,15
3009,786303,1319,1320,560,15
3010,786304,1320,566,393,15
3011,786305,566,711,589,15
3012,786306,711,572,336,15
3013,786307,572,1321,714,15
3014,786401,1321,572,725,15
3015,786402,572,711,340,15
3016,786403,711,566,587,15
3017,786404,566,1320,393,15
3018,786405,1320,1319,560,15
3019,786406,1319,1318,510,15
3020,786407,1318,580,799,15
3021,787301,1322,1323,519,15
3022,787401,1323,1322,519,15
3023,790103,1324,1325,3740,20
3024,790104,1325,1326,2378,20
3025,790105,1326,1327,1065,20
3026,790201,1327,1326,1055,20
3027,790202,1326,1325,2383,20
3028,790203,1325,1324,3741,20
3029,791301,677,462,618,15
3030,791401,462,677,618,15
3031,792301,1328,1329,523,20
3032,792302,1329,1330,887,20
3033,792303,1330,1331,662,20
3034,792304,1331,1332,402,20
3035,792305,1332,920,496,20
3036,792401,920,1332,484,20
3037,792402,1332,1331,406,20
3038,792403,1331,1330,660,20
3039,792404,1330,1329,894,20
3040,792405,1329,1328,539,20
3041,794301,1333,1334,538,15
3042,794302,1334,1195,662,15
3043,794303,1195,1335,705,15
3044,794304,1335,1177,505,15
3045,794305,1177,1336,706,15
3046,794401,1336,1177,706,15
3047,794402,1177,1335,505,15
3048,794403,1335,1195,705,15
3049,794404,1195,1334,662,15
3050,794405,1334,1333,538,15
3051,801101,1337,1262,1517,15
3052,801102,1262,1132,2820,20
3053,801103,1132,1324,2974,20
3054,801201,1324,1132,2974,20
3055,801202,1132,1262,2820,20
3056,801203,1262,1337,1517,15
3057,802301,1104,1115,1104,15
3058,802401,1115,1104,1104,15
3059,805301,1338,1119,3054,20
3060,805302,1119,1339,1636,20
3061,805303,1339,1340,872,20
3062,805401,1340,1339,857,20
3063,805402,1339,1119,1636,20
3064,805403,1119,1338,2730,20
3065,806101,1341,148,901,20
3066,806102,148,164,480,20
3067,806103,164,114,853,20
3068,806104,114,151,549,20
3069,806105,151,163,613,20
3070,806201,163,151,614,20
3071,806202,151,114,560,20
3072,806203,114,164,848,20
3073,806204,164,148,465,20
3074,806205,148,1341,1029,20
3075,811301,1280,1186,628,15
3076,811302,1186,1243,1170,15
3077,811401,1243,1186,1184,15
3078,811402,1186,1280,623,15
3079,813301,20,1204,470,20
3080,813302,1204,880,1417,20
3081,813303,880,1227,503,20
3082,813304,1227,1194,571,20
3083,813305,1194,1335,737,20
3084,813306,1335,1342,414,20
3085,813307,1342,1323,674,20
3086,813308,1323,1190,510,20
3087,813401,1190,1323,508,20
3088,813402,1323,1342,690,20
3089,813403,1342,1335,400,20
3090,813404,1335,1194,730,20
3091,813405,1194,1227,570,20
3092,813406,1227,880,460,20
3093,813407,880,1204,1453,20
3094,813408,1204,20,470,20
3095,814101,1343,1344,1953,15
3096,814102,1344,1345,1425,15
3097,814201,1345,1344,1414,15
3098,814202,1344,1343,1963,15
3099,819101,1346,1347,815,20
3100,819102,1347,1348,814,20
3101,819103,1348,1349,1128,20
3102,819104,1349,1350,811,20
3103,819105,1350,1307,739,20
3104,819106,1307,1351,538,20
3105,819201,1351,1307,588,20
3106,819202,1307,1350,668,20
3107,819203,1350,1349,811,20
3108,819204,1349,1348,1120,20
3109,819205,1348,1347,813,20
3110,819206,1347,1346,831,20
3111,820301,471,1352,499,15
3112,820302,1352,1353,415,15
3113,820303,1353,1354,508,15
3114,820401,1354,1353,511,15
3115,820402,1353,1352,424,15
3116,820403,1352,471,493,15
3117,821101,1355,918,709,15
3118,821102,918,1356,1141,15
3119,821201,1356,918,1426,15
3120,821202,918,1355,710,15
3121,827301,556,539,696,20
3122,827302,539,733,616,20
3123,827303,733,1357,825,20
3124,827304,1357,757,938,20
3125,827305,757,534,995,20
3126,827306,534,529,1328,20
3127,827401,529,534,1345,20
3128,827402,534,757,990,20
3129,827403,757,1357,943,20
3130,827404,1357,733,822,20
3131,827405,733,539,622,20
3132,827406,539,556,683,20
3133,829101,645,608,1025,20
3134,829102,608,751,1436,20
3135,829103,751,369,554,20
3136,829104,369,686,1319,20
3137,829105,686,486,548,20
3138,829106,486,1357,736,20
3139,829107,1357,1358,791,20
3140,829108,1358,701,793,20
3141,829201,701,1358,809,20
3142,829202,1358,1357,784,20
3143,829203,1357,486,738,20
3144,829204,486,686,542,20
3145,829205,686,369,1330,20
3146,829206,369,751,560,20
3147,829207,751,608,1562,20
3148,829208,608,645,880,20
3149,830101,1359,358,1338,15
3150,830201,358,1359,1338,15
3151,832101,869,1360,2154,20
3152,832201,1360,869,2155,20
3153,838101,1141,1361,848,20
3154,838102,1361,1183,955,20
3155,838103,1183,1178,647,20
3156,838104,1178,1342,505,20
3157,838105,1342,1196,701,20
3158,838106,1196,882,659,20
3159,838107,882,1206,790,20
3160,838108,1206,21,335,20
3161,838201,21,1206,292,20
3162,838202,1206,882,803,20
3163,838203,882,1196,647,20
3164,838204,1196,1342,702,20
3165,838205,1342,1178,505,20
3166,838206,1178,1183,657,20
3167,838207,1183,1361,953,20
3168,838208,1361,1141,846,20
3169,843301,473,753,920,20
3170,843302,753,718,576,20
3171,843303,718,1290,930,20
3172,843304,1290,546,483,20
3173,843305,546,740,715,20
3174,843306,740,540,1241,20
3175,843307,540,734,620,20
3176,843308,734,1358,847,20
3177,843309,1358,1362,421,20
3178,843310,1362,1363,521,20
3179,843311,1363,1364,1022,20
3180,843312,1364,1365,1595,20
3181,843313,1365,1366,452,20
3182,843314,1366,1367,1706,20
3183,843315,1367,1368,2558,20
3184,843316,1368,1369,3885,20
3185,843401,1369,1368,3886,20
3186,843402,1368,1367,2963,20
3187,843403,1367,1366,1339,20
3188,843404,1366,1365,457,20
3189,843405,1365,1364,1603,20
3190,843406,1364,1363,1022,20
3191,843407,1363,1362,526,20
3192,843408,1362,1358,420,20
3193,843409,1358,734,931,20
3194,843410,734,540,673,20
3195,843411,540,740,1188,20
3196,843412,740,546,775,20
3197,843413,546,1290,423,20
3198,843414,1290,718,1496,20
3199,843415,718,753,69,20
3200,843416,753,473,852,20
3201,852101,1370,713,794,15
3202,852201,713,1370,792,15
3203,854101,1053,1029,1574,15
3204,854201,1029,1053,1569,15
3205,859101,1043,1040,805,15
3206,859201,1040,1043,812,15
3207,864301,1371,1372,1339,20
3208,864302,1372,261,1689,20
3209,864303,261,1373,1368,20
3210,864304,1373,378,2064,20
3211,864401,378,1373,1940,20
3212,864402,1373,261,1382,20
3213,864403,261,1372,1675,20
3214,864404,1372,1371,1348,20
3215,865101,1371,1374,228,20
3216,865201,1374,1371,228,20
3217,867301,1372,1375,554,15
3218,867401,1375,1372,553,15
3219,869101,1376,411,715,20
3220,869102,411,332,657,20
3221,869103,332,387,579,20
3222,869104,387,1294,613,20
3223,869105,1297,1377,562,20
3224,869201,1377,1297,574,20
3225,869202,1294,387,627,20
3226,869203,387,332,568,20
3227,869204,332,411,653,20
3228,869205,411,1376,708,20
3229,872301,1378,259,3441,30
3230,872401,259,1378,2833,30
3231,873301,94,1379,747,15
3232,873401,1379,94,815,15
3233,881301,78,1282,546,20
3234,881302,1282,12,425,20
3235,881303,12,143,867,20
3236,881304,143,123,742,20
3237,881305,123,1288,808,20
3238,881401,1288,123,779,20
3239,881402,123,143,756,20
3240,881403,143,12,843,20
3241,881404,12,1282,465,20
3242,881405,1282,78,551,20
3243,884301,1242,476,1797,15
3244,884401,476,1242,1797,15
3245,893312,1110,1096,774,20
3246,893313,1096,815,1939,20
3247,893314,815,1380,1128,20
3248,893315,1380,970,918,20
3249,893316,970,1381,430,20
3250,893317,1381,760,953,20
3251,893318,760,917,653,20
3252,893319,917,945,647,20
3253,893320,945,216,580,20
3254,893401,216,945,590,20
3255,893402,945,917,657,20
3256,893403,917,760,657,20
3257,893404,760,1381,1035,20
3258,893405,1381,970,344,20
3259,893406,970,1380,917,20
3260,893407,1380,815,1113,20
3261,893408,815,1096,1946,20
3262,893409,1096,1110,770,20
3263,894301,1382,1116,977,15
3264,894401,1116,1382,970,15
3265,896301,1105,1344,1230,15
3266,896401,1344,1105,1234,15
3267,900301,1339,1383,1962,15
3268,900401,1383,1339,1962,15
3269,2003101,826,1384,3835,20
3270,2003102,1384,1385,1482,20
3271,2003103,1385,961,1781,20
3272,2003104,961,1386,3367,20
3273,2003105,1386,911,406,20
3274,2003106,911,937,1612,20
3275,2003107,937,1387,1747,20
3276,2003201,1387,937,1736,20
3277,2003202,937,911,1613,20
3278,2003203,911,1386,458,20
3279,2003204,1386,961,3327,20
3280,2003205,961,1385,1777,20
3281,2003206,1385,1384,1475,20
3282,2003207,1384,826,3827,20
3283,2004101,1384,223,1522,20
3284,2004201,223,1384,1541,20
3285,2014301,1388,772,474,15
3286,2014302,772,1389,560,15
3287,2014401,1389,772,560,15
3288,2014402,772,1388,475,15
3289,2025101,491,1390,4704,15
3290,2025201,1390,491,4697,15
3291,2029101,1391,1392,3705,20
3292,2029102,1392,1267,2607,20
3293,2029201,1267,1392,2639,20
3294,2029202,1392,1391,3725,20
3295,2030301,1392,1393,4345,20
3296,2030401,1393,1392,4391,20
3297,3517301,63,1394,7893,30
3298,3517302,1394,1395,7074,30
3299,3517303,1395,1396,3900,30
3300,3517401,1396,1395,3541,30
3301,3517402,1395,1394,6140,30
3302,3517403,1394,63,9135,30
