,ID,EDGE
0,0,0_19_21
1,1,1_7_914_940
2,2,2_6_95_99
3,3,3_5_827_837
4,4,4_66_82
5,5,8_1090
6,6,9_31_866
7,7,10_30_856
8,8,11_29_1057
9,9,12_28_782
10,10,13_27_887_897
11,11,14_26_838
12,12,15_25_3948_3954
13,13,16_24_789_795
14,14,17_23_875_883
15,15,18_22_1030
16,16,20_42
17,17,32
18,18,33_41_1300_1304
19,19,34_40_1347_1357
20,20,35_39_3731
21,21,36_38_3850
22,22,37
23,23,43_57
24,24,44_56_517
25,25,45_55_218
26,26,46_54_338_360
27,27,47_53_1326_1332
28,28,48_52_122_124
29,29,49_51_369_383
30,30,50_3482_3490
31,31,58_3494_3496
32,32,59_89_892
33,33,60_88_843_845
34,34,61_87_1051
35,35,62_86_988
36,36,63_85_879
37,37,64_84_983
38,38,65_83_1040
39,39,67_81
40,40,68_80_832
41,41,69_79_331_333
42,42,70_78_342_356
43,43,71_77_1405_1409
44,44,72_76_374_378
45,45,73_75
46,46,74
47,47,90
48,48,91
49,49,92
50,50,93_101_981_985
51,51,94_100_1037_1043
52,52,96_98_1025_1027
53,53,97_1021_1023
54,54,102
55,55,103_770
56,56,104
57,57,105_1003_1005
58,58,106_1133
59,59,107_769_858
60,60,108_768_1053
61,61,109_767_776
62,62,110_908
63,63,111_481_1430
64,64,112_366_386_1429
65,65,113_119_127_1428
66,66,114_438_444_1427
67,67,115_1426
68,68,1425
69,69,116_1310
70,70,117_129_1316_1320
71,71,118_128_417_421
72,72,120_126_396_402
73,73,121_125_3930_3936
74,74,123
75,75,130
76,76,131_133_139_153
77,77,132
78,78,134
79,79,135_137_138
80,80,136
81,81,140_152
82,82,141_151_1433
83,83,142_150_1422
84,84,143_149_563
85,85,144_148_1415
86,86,145_147_156_216
87,87,146
88,88,154
89,89,155_217_3506
90,90,157_215_2075
91,91,158_214_1805_1807
92,92,159_213_2247_2251
93,93,160_212_2286_2290
94,94,161_211_323
95,95,162_210_2013
96,96,163_209_1782_1790
97,97,164_208_2270
98,98,165_207_1890_2010
99,99,166_206_2033_2035
100,100,167_205_713
101,101,168_204
102,102,169_203_3820
103,103,170_202_691
104,104,171_201_1937
105,105,172_200_1984
106,106,173_199_293
107,107,174_198_289_291
108,108,175_197_2304
109,109,176_196_2163
110,110,177_195_277_285
111,111,178_194
112,112,179_193_263_273
113,113,180_192_3806_3816
114,114,181_191_251_259
115,115,182_190_239_247
116,116,183_189
117,117,184_188_760
118,118,185_187_3408_3410
119,119,186_1860
120,120,328_336_814_822
121,121,219_227
122,122,220_226
123,123,221_225
124,124,222_224_2222
125,125,223_1363_1391
126,126,228_766
127,127,229_765
128,128,230_764_1817
129,129,763_1837_1883
130,130,231_3608
131,131,232_236_2177
132,132,233_235
133,133,234_1360_1394
134,134,237
135,135,238_248_2300
136,136,240_246_1945
137,137,241_245_2087
138,138,242_244_700
139,139,243_3797
140,140,249_1853_1867
141,141,250_260_2299_2301
142,142,252_258_2001
143,143,253_257_2086_2088
144,144,254_256_3796_3798
145,145,255_2125
146,146,261_1850_1870
147,147,262_274_2297_2303
148,148,264_272_2082
149,149,265_271_698_704
150,150,266_270_3792_3802
151,151,267_269_3866_3886
152,152,268_2120_2130
153,153,275
154,154,276_286_1946
155,155,278_284_2173
156,156,279_283_299_303
157,157,280_282_3864_3888
158,158,281
159,159,287_1847_1873
160,160,288_292_3599_3601
161,161,290_294_308
162,162,295_307_2038_2044
163,163,296_306_2305_2311
164,164,297_305_2164_2170
165,165,298_304_3461_3465
166,166,300_302_2254_2258
167,167,301_3791
168,168,309_325_327
169,169,310_322_2015_2019
170,170,311_321_1784_1788
171,171,312_320_2272_2274
172,172,313_319
173,173,314_318_2237
174,174,315_317_2034
175,175,316_714
176,176,324_547_553_1767
177,177,326
178,178,329_335_918_936
179,179,330_334_542
180,180,332
181,181,337_3916
182,182,339_359_405
183,183,340_358_815_821
184,184,341_357_919_935
185,185,343_355
186,186,344_354_1311
187,187,345_353_1350_1354
188,188,346_352_540
189,189,347_351_530
190,190,348_350_1399
191,191,349_1359
192,192,361_1313
193,193,362_390
194,194,363_389_424
195,195,364_388_1318
196,196,365_387_419
197,197,367_385_397_401
198,198,368_384_3931_3935
199,199,370_382_559_567
200,200,371_381_1411
201,201,372_380_924_930
202,202,373_379_413
203,203,375_377_467
204,204,376_1395
205,205,391_583
206,206,392_394
207,207,393
208,208,395_439_443
209,209,398_400
210,210,399_504_512
211,211,403
212,212,404_1397_1401
213,213,406_1327_1331
214,214,407
215,215,408_410
216,216,409
217,217,411
218,218,412_414_458_460
219,219,415
220,220,416_422_437_445
221,221,418_420
222,222,423_520
223,223,425_524
224,224,426
225,225,427
226,226,428_434
227,227,429_433
228,228,430_432
229,229,431_505_511
230,230,435
231,231,436_446
232,232,440_442_3929_3937
233,233,441
234,234,447_514
235,235,448
236,236,449
237,237,450_454
238,238,451_453_816_820
239,239,452_921_933
240,240,455
241,241,456
242,242,457_923_931
243,243,459
244,244,461
245,245,462
246,246,463
247,247,464_470
248,248,465_469
249,249,466_468
250,250,471_1348_1356
251,251,472_474_570_572
252,252,473_539
253,253,475
254,254,476_480_4037_4039
255,255,4042
256,256,477_479
257,257,478
258,258,482_492
259,259,483_491
260,260,484_490
261,261,485_489
262,262,486_488
263,263,487
264,264,493
265,265,494_496_4014_4016
266,266,495
267,267,497
268,268,498_502
269,269,499_501
270,270,500_3505_3507
271,271,503
272,272,506_510_561_565
273,273,507_509_1413_1417
274,274,508
275,275,513_536
276,276,515
277,277,516
278,278,518_813_823
279,279,519_584
280,280,521
281,281,522
282,282,523_578
283,283,525
284,284,526_569
285,285,527
286,286,528
287,287,529_1351_1353
288,288,531_920_934
289,289,532_534_535
290,290,533
291,291,537
292,292,538
293,293,541
294,294,543_1806
295,295,544_556_2096_2097
296,296,545_555_3622_3624
297,297,546_554_2287_2289
298,298,548_552_2014_2020
299,299,549_551_1783_1789
300,300,550_2271_2275
301,301,557
302,302,558_568_818
303,303,560_566
304,304,562_564_3503_3509
305,305,571_1349_1355
306,306,573
307,307,574
308,308,575
309,309,576
310,310,577
311,311,579
312,312,580_3485_3487
313,313,581
314,314,582
315,315,585
316,316,586_588
317,317,587_3486
318,318,589_591
319,319,590
320,320,592
321,321,593_625_629
322,322,594_596
323,323,595_618_622
324,324,597
325,325,598_602
326,326,599_601
327,327,600
328,328,603
329,329,604
330,330,605_627
331,331,606_610
332,332,607_609_620
333,333,608
334,334,611_626_628
335,335,612_616
336,336,613_615_619_621
337,337,614
338,338,617
339,339,
340,340,623
341,341,624_630
342,342,631
343,343,632_642
344,344,633_641
345,345,634_640
346,346,635_639
347,347,636_638
348,348,637
349,349,643
350,350,644
351,351,645_1592
352,352,646
353,353,647
354,354,648
355,355,649
356,356,650
357,357,651_1364_1390
358,358,652_707_711
359,359,653
360,360,654_658_3667
361,361,655_657_2228
362,362,656
363,363,659_745
364,364,660
365,365,661
366,366,662_664_2153
367,367,663
368,368,665_1978
369,369,666_668
370,370,667
371,371,669
372,372,670_676_3769
373,373,671_675_3582
374,374,672_674_3860
375,375,673_1988
376,376,677_1683
377,377,678_680_3959
378,378,679_1703
379,379,681
380,380,682_684_2017
381,381,683_1786
382,382,685
383,383,686_688
384,384,687
385,385,689
386,386,690_692_1842_1878
387,387,693
388,388,694_696
389,389,695
390,390,697_2253_2259
391,391,699_703_2117
392,392,702_3808_3814
393,393,701
394,394,705_753
395,395,706_712_2229
396,396,708_710_4080
397,397,709_1365_1389
398,398,715
399,399,716
400,400,717_2318
401,401,718_722_3456
402,402,719_721_1951_1959
403,403,720_3326_3330
404,404,723
405,405,724_728_3610_3614
406,406,725_727_2277_2281
407,407,726
408,408,729
409,409,730_2021
410,410,731
411,411,732_740_1932_1934
412,412,733_739_2069
413,413,734_738_2211
414,414,735_737_2313
415,415,736
416,416,741
417,417,742_748
418,418,743_747_2156
419,419,744_746_2051
420,420,749
421,421,750_756
422,422,751_755_2191
423,423,752_754
424,424,757_1857_1863
425,425,758_762
426,426,759_761_2215_2217
427,427,771_775_1298_1306
428,428,772_774
429,429,773_4214
430,430,777_781_1047
431,431,778_780_3441_3451
432,432,779_3495
433,433,783_785_957_967
434,434,784
435,435,786
436,436,787_797_801_807
437,437,788_796_3514_3516
438,438,790_794_961_963
439,439,791_793_911_943
440,440,792_3445_3447
441,441,798
442,442,799_809_1029_1031
443,443,800_808_873_885
444,444,802_806_3946
445,445,803_805_3512
446,446,804
447,447,810
448,448,811_825
449,449,812_824_850
450,450,817_819_1328_1330
451,451,826_1039_1041
452,452,828_836_1026
453,453,829_835_1022
454,454,830_834_852
455,455,831_833_3942
456,456,839_849_959_965
457,457,840_848_909_945
458,458,841_847_3443_3449
459,459,842_846_903
460,460,844
461,461,851_853_917_937
462,462,854_900_906
463,463,855
464,464,857
465,465,859_861_3439_3453
466,466,860
467,467,862_1195
468,468,863_865_3468
469,469,864
470,470,867
471,471,868
472,472,869_871_1230
473,473,870
474,474,872_969_973
475,475,874_884_3515
476,476,876_882_912_942
477,477,877_881_3446
478,478,878_880_3714_3718
479,479,886
480,480,888_896_958_966
481,481,889_895
482,482,890_894_3442_3450
483,483,891_893_902_904
484,484,898
485,485,899_907_946
486,486,901_905
487,487,910_944_3950_3952
488,488,913_941_1036
489,489,915_939_1024
490,490,916_938
491,491,922_932_1329
492,492,925_929_3484_3488
493,493,926_928
494,494,927
495,495,947_949_951_955
496,496,948_3493_3497
497,497,950
498,498,952_954
499,499,953
500,500,956
501,501,960_964_3949_3953
502,502,962
503,503,968
504,504,970_972_1028
505,505,971
506,506,974
507,507,975
508,508,976
509,509,977
510,510,978_3712_3720
511,511,979
512,512,980
513,513,982_984_3715_3717
514,514,
515,515,986
516,516,987
517,517,989_1001_1007
518,518,990
519,519,991_997
520,520,992_996
521,521,993_995
522,522,994
523,523,998
524,524,999_1009
525,525,1000_1008
526,526,1002_1006_1013
527,527,1004
528,528,1010
529,529,1011
530,530,1012
531,531,1014_1052
532,532,1015
533,533,1016
534,534,1017
535,535,1018
536,536,1019
537,537,1020
538,538,1032
539,539,1033
540,540,1034
541,541,1035
542,542,1038_1042_3716
543,543,1044_3713_3719
544,544,1045
545,545,1046_1048
546,546,
547,547,1049
548,548,1050
549,549,1054_1056_3440_3452
550,550,1055
551,551,1058
552,552,1059
553,553,1060
554,554,1061
555,555,1062
556,556,1063
557,557,1064_1072_2484
558,558,1065_1071_1161_1167
559,559,1066_1070_2400
560,560,1067_1069
561,561,1068_2572
562,562,1073
563,563,1074
564,564,1075
565,565,1076
566,566,
567,567,1077
568,568,1078_1189
569,569,1079_1127
570,570,1080
571,571,1233
572,572,1081
573,573,1082_1084_1211
574,574,1083_3492
575,575,1085_1106_1116
576,576,1086_1088_3630
577,577,1087_1187
578,578,1089
579,579,1091
580,580,1092_1094_3628
581,581,1093
582,582,1095
583,583,1096_1098_1111
584,584,1097_1185
585,585,1099
586,586,1100
587,587,1101
588,588,1102_1104_1234_1236
589,589,1103_1109_1113
590,590,1105
591,591,1107_1115_1283
592,592,1108_1114
593,593,1110_1112_1231
594,594,1117
595,595,1118_1126
596,596,1119_1125
597,597,1120_1124_4032
598,598,1121_1123
599,599,1122
600,600,1128_1138_1214
601,601,1129_1137_1190
602,602,1130_1136_1221
603,603,1131_1135
604,604,1132_1134_1204_1208
605,605,1139
606,606,1140_1142_1281
607,607,1141_1164
608,608,1143
609,609,1144_1157_1171_1184
610,610,1145_1183_2413
611,611,1146_1182
612,612,1147_1181_2416
613,613,1148_1180_2418
614,614,1149_1179_3973
615,615,1150_1178_2425_2433
616,616,1151_1177_2453_2459
617,617,1152_1176
618,618,1153_1175
619,619,1154_1174
620,620,1155_1173
621,621,1156_1172_4013
622,622,1158_1170
623,623,1159_1169_2736
624,624,1160_1168
625,625,1162_1166_2490
626,626,1163_1165_2576
627,627,1186_1188_1286_1288
628,628,1191
629,629,1192_1198_1223
630,630,1193_1197_1225
631,631,1194_1196_1199
632,632,1200_1202
633,633,1201
634,634,1203
635,635,1205_1207
636,636,1206
637,637,1209
638,638,1210_1212_3467_3469
639,639,1213
640,640,1215
641,641,1216_1218
642,642,1217
643,643,1219
644,644,1220
645,645,1222
646,646,1224
647,647,1226_1228_1287
648,648,1227
649,649,1229_1294
650,650,1232
651,651,1235
652,652,1237
653,653,1238_1240_3691_3692
654,654,1239_1251
655,655,1241
656,656,1242_1243
657,657,1244
658,658,1245_3510
659,659,1246_1248_2694
660,660,1247
661,661,1249_1252
662,662,1250
663,663,1253
664,664,1254_1258
665,665,1255_1257_4023_4027
666,666,1256
667,667,1259
668,668,1260_1264
669,669,1261_1263_1290_1292
670,670,1262
671,671,1265
672,672,1266
673,673,1267
674,674,1268
675,675,1269
676,676,1270
677,677,1271
678,678,1272_1274
679,679,1273
680,680,1275
681,681,1276
682,682,1277
683,683,1278_3723
684,684,1279_3428_3511
685,685,1280_1282
686,686,1284_3629_3631
687,687,1285
688,688,1289
689,689,1291_4024_4026
690,690,1293
691,691,1295
692,692,1296_1308
693,693,1297_1307_2536
694,694,1299_1305_1766
695,695,1301_1303_3941
696,696,1302
697,697,1309_3914_3918
698,698,1312_1396_1402
699,699,1314
700,700,1315
701,701,1317_1319
702,702,
703,703,1321
704,704,1322_1336
705,705,1323_1335
706,706,1324_1334
707,707,1325_1333
708,708,1337
709,709,1338_1344_3939
710,710,1339_1343_4036
711,711,4043
712,712,1340_1342
713,713,1341
714,714,1345_3117_3127
715,715,1346_1358_3101_3109
716,716,1352
717,717,1361_1393_2220
718,718,1362_1392
719,719,1366_1388_3082
720,720,1367_1387_2948_2950
721,721,1368_1386_3010_3012
722,722,1369_1385_3094
723,723,1370_1384_2973_2977
724,724,1371_1383_2956
725,725,1372_1382_2991
726,726,1373_1381_3072
727,727,1374_1380_3074
728,728,1375_1379_2980
729,729,1376_1378_2199
730,730,1377
731,731,1398_1400
732,732,1403
733,733,1404_1410
734,734,1406_1408
735,735,1407
736,736,1412_1418_3483_3489
737,737,1414_1416_3504_3508
738,738,1419
739,739,1420_1424
740,740,1421_1423_3502_3523
741,741,1431_1435_3480
742,742,1432_1434_3500_3525
743,743,1436_3070
744,744,1437
745,745,1438_3616
746,746,1439_1517_1527
747,747,1440_1442
748,748,1441
749,749,1443_1464
750,750,1444_1446_1450_1452
751,751,1445_1473
752,752,1447_1469
753,753,1448
754,754,1449
755,755,1451_1475
756,756,1453_1540_1550
757,757,1454_3349
758,758,1455
759,759,1456_1458_1519_1525
760,760,1457
761,761,1459
762,762,1460_1495_1499
763,763,1461_1541_1549
764,764,1462
765,765,1463_1566_1568
766,766,1465
767,767,1466_1472_1614
768,768,1467_1471
769,769,1468_1470_1518_1526
770,770,1474_1535_1555
771,771,1476_1478
772,772,1477_1521_1523
773,773,1479
774,774,1480_1490_3398_3400
775,775,1481_1489_1599
776,776,1482_1488_1603
777,777,1483_1487_1587
778,778,1484_1486
779,779,1485_1532_1558
780,780,1491
781,781,1492_1502_1600
782,782,1493_1501_1604
783,783,1494_1500_1588
784,784,1496_1498_1533_1557
785,785,1497_3965_3981
786,786,1503_1607
787,787,1504_1514_1567
788,788,1505_1513_1570_1576
789,789,1506_1512
790,790,1507_1511_1601
791,791,1508_1510
792,792,1509_1536_1554
793,793,1515_3703
794,794,1516_1528_3984
795,795,1520_1524_1602
796,796,1522_2348
797,797,1529
798,798,1530_1560
799,799,1531_1559_3352_3358
800,800,1534_1556_3964
801,801,1537_1553
802,802,1538_1552
803,803,1539_1551_1585
804,804,1542_1548_1562
805,805,1543_1547_3704
806,806,1544_1546_3983
807,807,1545
808,808,1561
809,809,1563
810,810,1564
811,811,1565_3706_3710
812,812,1569
813,813,1571_1575_1613_1615
814,814,1572_1574
815,815,1573
816,816,1577
817,817,1578
818,818,1579
819,819,1580_3693
820,820,1581
821,821,1582
822,822,1583
823,823,1584_1586
824,824,1589_2439_2451
825,825,1590_2795
826,826,1591
827,827,1593
828,828,1594
829,829,1595
830,830,1596
831,831,1597
832,832,1598_1626
833,833,1605
834,834,1606
835,835,1608_1611
836,836,1609
837,837,1610_1612_1616
838,838,1617_2638
839,839,1618_1624_2642
840,840,1619_1623_2640
841,841,1620_1622
842,842,1621
843,843,1625
844,844,1627
845,845,1628
846,846,1629
847,847,1630_3699_3701
848,848,1631
849,849,1632
850,850,1633
851,851,1634_1635
852,852,1636
853,853,1637
854,854,1638
855,855,1639_2592
856,856,1640_1644_3168
857,857,1641_1643_3173
858,858,1642
859,859,1645_1741_1747
860,860,1646_1756
861,861,1647_1697_1701
862,862,1648
863,863,1649_1672
864,864,1650_1652_3842
865,865,1651_1656
866,866,1653_1744
867,867,1654_1658_3219
868,868,1655_1657_3211
869,869,1659
870,870,1660_3373
871,871,1661
872,872,1662_1668_1720_1726
873,873,1663_1667_3217
874,874,1664_1666_3209
875,875,1665
876,876,1669_3471_3479
877,877,1670_3114_3130
878,878,1671_3414_3426
879,879,1673_3415_3425
880,880,1674
881,881,1675_1732_1736
882,882,1676_1682_3239
883,883,1677_1681_3339_3347
884,884,1678_1680_3142_3144
885,885,1679
886,886,1684_1690_1695
887,887,1685_1689
888,888,1686_1688_3417_3423
889,889,1687_1730_1738
890,890,1691_1698_1700
891,891,1692_1694
892,892,1693_3419_3421
893,893,1696_1702_3229
894,894,1699_1734
895,895,1704_1706
896,896,1705
897,897,1707_1718_1728
898,898,1708_1716_3233_3235
899,899,1709_1715
900,900,1710_1714_3682_3684
901,901,1711_1713_3845_3855
902,902,1712_1743_1745
903,903,1717_1749
904,904,1719_1727_3234
905,905,1721_1725
906,906,1722_1724_3844_3856
907,907,1723
908,908,1729
909,909,1731_1737_3726_3728
910,910,1733_1735_3420
911,911,1739
912,912,1740_1748_3155
913,913,1742_1746_3739
914,914,1750_1762_3232_3236
915,915,1751_1761_3475
916,916,1752_1760_3121_3123
917,917,1753_1759_3735_3743
918,918,1754_1758_3680_3686
919,919,1755_1757_3847_3853
920,920,1763_3116_3128
921,921,1764_3096_3100_3110
922,922,1765_3095_3133
923,923,1768
924,924,1769_1773_3646_3652
925,925,1770_1772_1810
926,926,1771
927,927,1774_2101
928,928,1775_1777_1833_1887
929,929,1776
930,930,1778_3648_3650
931,931,1779_1793_1813_1821
932,932,1780_1792_1834_1886
933,933,1781_1791
934,934,1785_1787_3550_3552
935,935,1794_2105
936,936,1795_1801_1825_1829
937,937,1796_1800
938,938,1797_1799_3642
939,939,1798_2066
940,940,1802
941,941,1803_1809_1831_1889
942,942,1804_1808_1967_1977
943,943,1811_1823_2148_2150
944,944,1812_1822_2314
945,945,1814_1820_1918_1920
946,946,1815_1819_1915
947,947,1816_1818_2031
948,948,1824_2072
949,949,1826_1828_3611_3613
950,950,1827
951,951,1830_2074
952,952,1832_1888_3620
953,953,1835_1885_1916
954,954,1836_1884_2032_2036
955,955,1838_1882
956,956,1839_1881
957,957,1840_1880
958,958,1841_1879
959,959,1843_1877_2076
960,960,1844_1876_3640
961,961,1845_1875_1935
962,962,1846_1874_1981_1987
963,963,1848_1872
964,964,1849_1871_2261
965,965,1851_1869
966,966,1852_1868_3804_3818
967,967,1854_1866
968,968,1855_1865_2218
969,969,1856_1864_1954_1956
970,970,1858_1862
971,971,1859_1861
972,972,2009_2236
973,973,1891
974,974,1892_2000
975,975,1893
976,976,1894
977,977,1895
978,978,1896
979,979,1897
980,980,1898_1904
981,981,1899_1903
982,982,1900_1902
983,983,1901
984,984,1905
985,985,1906_1914_2244
986,986,1907_1913
987,987,1908_1912_2279
988,988,1909_1911_2182
989,989,1910
990,990,1917
991,991,1919
992,992,1921_2023
993,993,1922
994,994,1923
995,995,1924_1930
996,996,1925_1929
997,997,1926_1928_2135
998,998,1927
999,999,1931_2057
1000,1000,1933_2068
1001,1001,1936_1938_2078_2080
1002,1002,1939
1003,1003,1940_2065
1004,1004,1941_1943
1005,1005,1942
1006,1006,1944
1007,1007,1947_3459
1008,1008,1948
1009,1009,1949
1010,1010,1950_3020_3024
1011,1011,1952_1958_2197_2201
1012,1012,1953_1957_2131
1013,1013,1955
1014,1014,1960_2160_2162
1015,1015,1961_1965_2092
1016,1016,1962_1964_3803
1017,1017,1963
1018,1018,1966
1019,1019,1968_1976
1020,1020,1969_1975
1021,1021,1970_1974_2285_2291
1022,1022,1971_1973
1023,1023,1972
1024,1024,1979_1980
1025,1025,1982_1986_2294
1026,1026,1983_1985_2079
1027,1027,1989_1997
1028,1028,1990_1996
1029,1029,1991_1995
1030,1030,1992_1994
1031,1031,1993
1032,1032,1998
1033,1033,1999_2085_2089
1034,1034,2002
1035,1035,2003
1036,1036,2004
1037,1037,2005_2007
1038,1038,2006
1039,1039,2008
1040,1040,2011
1041,1041,2012
1042,1042,2016_2018_3549_3553
1043,1043,2022_2024_2249
1044,1044,2025
1045,1045,2026_2030
1046,1046,2027_2029_3546
1047,1047,2028
1048,1048,2037
1049,1049,2039_2043_3583_3595
1050,1050,2040_2042
1051,1051,2041
1052,1052,2045_3586_3592
1053,1053,2046_2048
1054,1054,2047
1055,1055,2049_3666
1056,1056,2050_2052
1057,1057,2053
1058,1058,2054_2060_2983_2985
1059,1059,2055_2059
1060,1060,2056_2058_2238
1061,1061,2061_3320_3322
1062,1062,2062_2064_2136_2140
1063,1063,2063_2142_2146
1064,1064,2067
1065,1065,2070
1066,1066,2071
1067,1067,2073
1068,1068,2077_2081_3641
1069,1069,2083_2091_2175
1070,1070,2084_2090_3807_3815
1071,1071,2093
1072,1072,2094
1073,1073,2095_2098
1074,1074,2207
1075,1075,2099
1076,1076,2100
1077,1077,2102_2104
1078,1078,2103
1079,1079,2106_2114
1080,1080,2107_2113
1081,1081,2108_2112
1082,1082,2109_2111
1083,1083,2110
1084,1084,2115
1085,1085,2116
1086,1086,2118
1087,1087,2119
1088,1088,2121_2129_2234
1089,1089,2122_2128_3811
1090,1090,2123_2127_2158
1091,1091,2124_2126_2325
1092,1092,2132_2134
1093,1093,2133
1094,1094,2137_2139
1095,1095,2138_2178_2186
1096,1096,2141
1097,1097,2143_2145_3609_3615
1098,1098,2144_2179_2185
1099,1099,2147_3647_3651
1100,1100,2149
1101,1101,2151
1102,1102,2152
1103,1103,2154
1104,1104,2155_3903
1105,1105,2157
1106,1106,2159
1107,1107,2161
1108,1108,2165_2169_3585_3593
1109,1109,2166_2168_3862_3890
1110,1110,2167
1111,1111,2171
1112,1112,2172_2174_3460
1113,1113,2176
1114,1114,2180_2184
1115,1115,2181_2183
1116,1116,2187
1117,1117,2188
1118,1118,2189
1119,1119,2190
1120,1120,2192
1121,1121,2193_3901
1122,1122,2194
1123,1123,2195_2319_2321
1124,1124,2196_2202_3457
1125,1125,2198_2200_3327_3329
1126,1126,2203
1127,1127,2204_2206
1128,1128,2205
1129,1129,2208
1130,1130,2209_2213
1131,1131,2210_2212_2263
1132,1132,2214
1133,1133,2216
1134,1134,2219
1135,1135,2221_2223
1136,1136,2224
1137,1137,2225_2227
1138,1138,2226
1139,1139,2230
1140,1140,2231
1141,1141,2232_3793_3801
1142,1142,2233_2235_3867_3885
1143,1143,2239
1144,1144,2240
1145,1145,2241
1146,1146,2242
1147,1147,2243_2245
1148,1148,2246
1149,1149,2248_2250
1150,1150,2252
1151,1151,2255_2257_3865_3887
1152,1152,2256
1153,1153,2260
1154,1154,2262
1155,1155,2264
1156,1156,2265_2267_2312
1157,1157,2266
1158,1158,2268
1159,1159,2269
1160,1160,2273
1161,1161,2276
1162,1162,2278_2280
1163,1163,2282
1164,1164,2283
1165,1165,2284
1166,1166,2288
1167,1167,2292
1168,1168,2293_2295
1169,1169,2296
1170,1170,2298_2302_3805_3817
1171,1171,2306_2310_3584_3594
1172,1172,2307_2309_3861_3891
1173,1173,2308
1174,1174,2315
1175,1175,2316
1176,1176,2317
1177,1177,2320
1178,1178,2322_3899
1179,1179,2323_3900
1180,1180,2324_3795_3799
1181,1181,2326
1182,1182,2327_2345
1183,1183,2328_2344_3970_3976
1184,1184,2329_2343_2765
1185,1185,2330_2342
1186,1186,2331_2341_2423
1187,1187,2332_2340_2452
1188,1188,2333_2339_2464
1189,1189,2334_2338
1190,1190,2335_2337
1191,1191,2336
1192,1192,2346
1193,1193,2347_2364
1194,1194,2349
1195,1195,2350
1196,1196,2351
1197,1197,2352
1198,1198,2353
1199,1199,2354_2516_2522
1200,1200,2355_2357_4045_4047
1201,1201,2356_2525_2529
1202,1202,2358
1203,1203,2359_2363_3963
1204,1204,2360_2362_2792
1205,1205,2361
1206,1206,2365
1207,1207,2366_2744
1208,1208,2367_2737_2739
1209,1209,2368_2519
1210,1210,2369_3365_3367
1211,1211,2370_2415_2417
1212,1212,2371
1213,1213,2372
1214,1214,2373
1215,1215,2374
1216,1216,2375_2377_2733
1217,1217,2376_2579_2605
1218,1218,2378_2455_2457
1219,1219,2379_2387_2652
1220,1220,2380_2386
1221,1221,2381_2385_2626_2628
1222,1222,2382_2384_2472_2474
1223,1223,2383_3566_3572
1224,1224,2388_2747_2749
1225,1225,2389_2391_2701
1226,1226,2390_2515_2523
1227,1227,2392_2494_2496
1228,1228,2393_2396
1229,1229,2394_2527
1230,1230,2395_3362_3370
1231,1231,2397_2524
1232,1232,2398_3350
1233,1233,2399_2412
1234,1234,2401_2403
1235,1235,2402_2492_2498
1236,1236,2404_2543
1237,1237,2405_2411_2664
1238,1238,2406_2410_3380_3386
1239,1239,2407_2409_3221
1240,1240,2408_3215
1241,1241,2414_2857_2859
1242,1242,2419_2421
1243,1243,2420_2429
1244,1244,2422_2461_2467
1245,1245,2435_2912
1246,1246,2424_2434
1247,1247,2426_2432
1248,1248,2427_2431_2777_2779
1249,1249,2428_2430_2878_2880
1250,1250,2436
1251,1251,2437
1252,1252,2438_3966_3980
1253,1253,2440_2450_2730
1254,1254,2441_2449_3354_3356
1255,1255,2442_2448
1256,1256,2443_2447_2643
1257,1257,2444_2446
1258,1258,2445
1259,1259,2454_2458_2608
1260,1260,2456
1261,1261,2460
1262,1262,2462_2466_3998
1263,1263,2463_2465_2922
1264,1264,2468_2613_2617
1265,1265,2469_2477
1266,1266,2470_2476_2815
1267,1267,2471_2475_3530_3532
1268,1268,2473_3565_3573
1269,1269,2478
1270,1270,2479_2481_2669
1271,1271,2480
1272,1272,2482_3324
1273,1273,2483
1274,1274,2485_2489_2908
1275,1275,2486_2488_2918
1276,1276,2487
1277,1277,2491_2499_2500
1278,1278,2493_2497
1279,1279,2495_2685
1280,1280,2501_2577_2607
1281,1281,2502_2929
1282,1282,2503_2505_2834
1283,1283,2504_3360_3372
1284,1284,2506_2574
1285,1285,2507_2513_2700
1286,1286,2508_2512_2928
1287,1287,2509_2511_2514
1288,1288,2510
1289,1289,2517_2521_2526_2528
1290,1290,2518_2520_2692
1291,1291,2530_2558_2564
1292,1292,2531_2535_2540_2546
1293,1293,2532_2534_2660
1294,1294,2533_3378_3388
1295,1295,2537_2549_2890
1296,1296,2538_2548_2582_2602
1297,1297,2539_2547_2559_2563
1298,1298,2541_2545_2789
1299,1299,2542_2544_2720
1300,1300,2550
1301,1301,2551_2571_2728
1302,1302,2552_2570
1303,1303,2553_2569
1304,1304,2554_2568
1305,1305,2555_2567_2580_2604
1306,1306,2556_2566_2888
1307,1307,2557_2565_3827
1308,1308,2560_2562_3377_3389
1309,1309,2561
1310,1310,2573_2575
1311,1311,2578_2606_2732
1312,1312,2581_2603
1313,1313,2583_2601_3376_3390
1314,1314,2584_2600
1315,1315,2585_2599_3231
1316,1316,2586_2598_3474_3476
1317,1317,2587_2597_3119_3125
1318,1318,2588_2596_3733_3745
1319,1319,2589_2595_3175
1320,1320,2590_2594_3848_3852
1321,1321,2591_2593
1322,1322,2609_2621_2672
1323,1323,2610_2620
1324,1324,2611_2619_2925
1325,1325,2612_2618
1326,1326,2614_2616
1327,1327,2615_3569
1328,1328,2622
1329,1329,2623
1330,1330,2624_3529_3533
1331,1331,2625_2629
1332,1332,2627
1333,1333,2630
1334,1334,2631_2633
1335,1335,2632
1336,1336,2634_2695
1337,1337,2635
1338,1338,2636
1339,1339,2637
1340,1340,2639
1341,1341,2641_2688_2690
1342,1342,2644
1343,1343,2645_2689
1344,1344,2646_2651
1345,1345,2647_2649
1346,1346,2648
1347,1347,2650
1348,1348,2653_2655_2703_2707
1349,1349,2654_3561_3577
1350,1350,2656_2756_2758
1351,1351,2657
1352,1352,2658
1353,1353,2659
1354,1354,2661_2667
1355,1355,2662_2666
1356,1356,2663_2665_2910
1357,1357,2668_2871
1358,1358,2670
1359,1359,2671_2813
1360,1360,2673_2675_3527
1361,1361,2674
1362,1362,2676
1363,1363,2677_3821
1364,1364,2678_4003_4007
1365,1365,2679
1366,1366,2680
1367,1367,2681_2683
1368,1368,2682
1369,1369,2684_2889
1370,1370,2686
1371,1371,2687_2691
1372,1372,2693_3363_3369
1373,1373,2696_3971_3975
1374,1374,2697_3776_3778
1375,1375,2698
1376,1376,2699
1377,1377,2702
1378,1378,2704_2706_3673
1379,1379,2705_3563_3575
1380,1380,2708
1381,1381,2709_2713_2825
1382,1382,2710_2712_2921
1383,1383,2711
1384,1384,2714_2850
1385,1385,2715_2740
1386,1386,2716
1387,1387,2717
1388,1388,2718
1389,1389,2719_3830_3832
1390,1390,2721_3379_3387
1391,1391,2722
1392,1392,2723
1393,1393,2724
1394,1394,2725_2727_3557_3581
1395,1395,2726
1396,1396,2729
1397,1397,2731_2796_2800
1398,1398,2734
1399,1399,2735
1400,1400,2738
1401,1401,2817
1402,1402,2741
1403,1403,2742_2861
1404,1404,2743
1405,1405,2745
1406,1406,2746_2750
1407,1407,2748
1408,1408,2751_4004_4006
1409,1409,2752
1410,1410,2753_2927
1411,1411,2754
1412,1412,2755
1413,1413,2757
1414,1414,2759_2803
1415,1415,2760
1416,1416,2761_2794
1417,1417,2762_2764_2845
1418,1418,2763
1419,1419,2766_2771_2773
1420,1420,2767_2770_2774
1421,1421,2768
1422,1422,2769
1423,1423,2772_3972_3974
1424,1424,2775_2784
1425,1425,2776_2780_2786_2788
1426,1426,2778
1427,1427,2781
1428,1428,2782
1429,1429,2783
1430,1430,2785
1431,1431,2787
1432,1432,2790
1433,1433,2791
1434,1434,2793
1435,1435,2797_2799_3355
1436,1436,2798
1437,1437,2801_2812
1438,1438,2802
1439,1439,2804_2808_2914_2916
1440,1440,2805_2807_2828
1441,1441,2806
1442,1442,2809
1443,1443,2810
1444,1444,2811
1445,1445,2814
1446,1446,2816
1447,1447,2818
1448,1448,2819
1449,1449,2820
1450,1450,2821
1451,1451,2822
1452,1452,2823
1453,1453,2824
1454,1454,2826_4001_4009
1455,1455,2827_2870
1456,1456,2829
1457,1457,2830
1458,1458,2831
1459,1459,2832
1460,1460,2833
1461,1461,2835
1462,1462,2836
1463,1463,2837_2856
1464,1464,2838
1465,1465,2839_2841
1466,1466,2840
1467,1467,
1468,1468,2842
1469,1469,2843
1470,1470,2844
1471,1471,2846
1472,1472,2847_2849
1473,1473,2848_2854
1474,1474,2851_2853
1475,1475,2852
1476,1476,2855_3968_3978
1477,1477,2858
1478,1478,2860
1479,1479,2862
1480,1480,2863
1481,1481,2864
1482,1482,2865_3823_3825
1483,1483,2866
1484,1484,2867_2869
1485,1485,2868
1486,1486,2872
1487,1487,2873
1488,1488,2874
1489,1489,2875
1490,1490,2876
1491,1491,2877_2881
1492,1492,2879_3559_3579
1493,1493,2882
1494,1494,2883_4095_4097
1495,1495,2884
1496,1496,2885
1497,1497,2886
1498,1498,2887
1499,1499,2891_2893_3374_3392
1500,1500,2892
1501,1501,2894_3626
1502,1502,2895_2899
1503,1503,2896_2898
1504,1504,2897
1505,1505,2900
1506,1506,2901_2903
1507,1507,2902_3564_3574
1508,1508,2904_3317
1509,1509,2905
1510,1510,2906
1511,1511,2907
1512,1512,2909
1513,1513,2911
1514,1514,2913_2917
1515,1515,2915
1516,1516,2919
1517,1517,2920_3364_3368
1518,1518,2923
1519,1519,2924
1520,1520,2926
1521,1521,2930_2940
1522,1522,2931_2937
1523,1523,2932_2936
1524,1524,2933_2935
1525,1525,2934_2998_3004
1526,1526,2938_2960
1527,1527,2939
1528,1528,2941_2943_3006
1529,1529,2942_2961
1530,1530,2944_3062
1531,1531,2945_2953_3342_3344
1532,1532,2946_2952
1533,1533,2947_2951_3068
1534,1534,2949_3017_3027
1535,1535,2954
1536,1536,2955_2964_2968
1537,1537,2957_2959_3087_3093
1538,1538,2958
1539,1539,2962_3522
1540,1540,2963_2969_3079
1541,1541,2965_2967_2986
1542,1542,2966
1543,1543,2970
1544,1544,2971_2979
1545,1545,2972_2978
1546,1546,2974_2976
1547,1547,2975_3021_3023
1548,1548,2981_3433
1549,1549,2982
1550,1550,2984
1551,1551,2987_2989
1552,1552,2988_3430_3436
1553,1553,2990
1554,1554,2992
1555,1555,2993_2995_3088_3092
1556,1556,2994
1557,1557,2996
1558,1558,2997_3005
1559,1559,2999_3003
1560,1560,3000_3002
1561,1561,3001
1562,1562,3007_3015_3054
1563,1563,3008_3014_3343
1564,1564,3009_3013_3905
1565,1565,3011_3018_3026
1566,1566,3016_3085
1567,1567,3019_3025_3071
1568,1568,3022
1569,1569,3028_3078
1570,1570,3029_3031_3086
1571,1571,3030
1572,1572,3032
1573,1573,3033
1574,1574,3034_3907
1575,1575,3035
1576,1576,3036
1577,1577,3037
1578,1578,3038
1579,1579,3039
1580,1580,3040_3617_3619
1581,1581,3041
1582,1582,3042_3055_3061
1583,1583,3043_3051
1584,1584,3044
1585,1585,3045
1586,1586,3046
1587,1587,3047_3049_3909
1588,1588,3048_3058
1589,1589,3050
1590,1590,3052
1591,1591,3053
1592,1592,3056_3060_3908
1593,1593,3057_3059_3066
1594,1594,3063
1595,1595,3064
1596,1596,3065_3067
1597,1597,3069
1598,1598,3073_3089_3091
1599,1599,3075_3081
1600,1600,3076
1601,1601,3077_3904
1602,1602,3080
1603,1603,3083_3084
1604,1604,3090
1605,1605,3097
1606,1606,3098_3112_3182_3184
1607,1607,3099_3111_3132_3134
1608,1608,3102_3108_3196
1609,1609,3103_3107_3732_3746
1610,1610,3104_3106_3176_3178
1611,1611,3105_3849_3851
1612,1612,3113_3181
1613,1613,3115_3129_3131
1614,1614,3118_3126_3195
1615,1615,3120_3124_3185
1616,1616,3122
1617,1617,3135
1618,1618,3136_3138_3151
1619,1619,3137
1620,1620,3139_3338_3348
1621,1621,3140_3141
1622,1622,3143_3520
1623,1623,3145_3150
1624,1624,3146_3148_3166_3170
1625,1625,3147
1626,1626,3149_3156_3162
1627,1627,3152_3154
1628,1628,3153
1629,1629,3157_3161
1630,1630,3158_3160_3172_3174
1631,1631,3159
1632,1632,3163
1633,1633,3164
1634,1634,3165
1635,1635,3167_3169
1636,1636,3171
1637,1637,3177
1638,1638,3179
1639,1639,3180
1640,1640,3183
1641,1641,3186_3194_3734_3744
1642,1642,3187_3193
1643,1643,3188_3192
1644,1644,3189_3191
1645,1645,3190
1646,1646,3197_3201
1647,1647,3198_3200_3472_3478
1648,1648,3199
1649,1649,3202
1650,1650,3203_3205
1651,1651,3204_3206
1652,1652,3207_3473_3477
1653,1653,3208
1654,1654,3210_3212
1655,1655,3213
1656,1656,3214
1657,1657,3216
1658,1658,3218_3220
1659,1659,3222
1660,1660,3223
1661,1661,3224_3228
1662,1662,3225_3227
1663,1663,3226
1664,1664,3230_3958
1665,1665,3237
1666,1666,3238
1667,1667,3240_3727
1668,1668,3241
1669,1669,3242_3246
1670,1670,3243_3245
1671,1671,3244
1672,1672,3247
1673,1673,3248_3250_3308_3310
1674,1674,3249_3270_3280
1675,1675,3251_3256
1676,1676,3252_3254
1677,1677,3253_3305
1678,1678,3255
1679,1679,3257
1680,1680,3258_3259_3264
1681,1681,3260_3262_3263
1682,1682,3261_3297
1683,1683,3265
1684,1684,3266_3268
1685,1685,3267
1686,1686,3269
1687,1687,3271_3279
1688,1688,3272_3278
1689,1689,3273_3277
1690,1690,3274_3276
1691,1691,3275
1692,1692,3281
1693,1693,3282_3290
1694,1694,3283_3289
1695,1695,3284_3288
1696,1696,3285_3287
1697,1697,3286_3313
1698,1698,3291_3298_3302
1699,1699,3292_3394_3404
1700,1700,3293_3604
1701,1701,3294_3299_3301
1702,1702,3295_3300
1703,1703,3296_3395_3403
1704,1704,3303
1705,1705,3304_3307
1706,1706,3306
1707,1707,3309
1708,1708,3311
1709,1709,3312_3314_3316
1710,1710,3315
1711,1711,3318_4140
1712,1712,3319
1713,1713,3321
1714,1714,3323
1715,1715,3325
1716,1716,3328
1717,1717,3331
1718,1718,3332
1719,1719,3333
1720,1720,3334_3336
1721,1721,3335
1722,1722,3337
1723,1723,3340_3346_3519_3521
1724,1724,3341_3345
1725,1725,3351
1726,1726,3353_3357_3698_3702
1727,1727,3359
1728,1728,3361_3371
1729,1729,3366
1730,1730,3375_3391_3597
1731,1731,3381_3385_4090
1732,1732,3382_3384
1733,1733,3383
1734,1734,3393
1735,1735,3396_3402
1736,1736,3397_3401
1737,1737,3399
1738,1738,3405
1739,1739,3406_3412
1740,1740,3407_3411
1741,1741,3409
1742,1742,3413
1743,1743,3416_3424
1744,1744,3418_3422_3725
1745,1745,3427
1746,1746,3429_3437
1747,1747,3431_3435
1748,1748,3432_3434
1749,1749,3438
1750,1750,3444_3448_3951
1751,1751,3454
1752,1752,3455
1753,1753,3458_3600
1754,1754,3462_3464_3863_3889
1755,1755,3463
1756,1756,3466
1757,1757,3470
1758,1758,3481_3491_3934
1759,1759,3498
1760,1760,3499_3526
1761,1761,3501_3524_3932
1762,1762,3513_3517_3947_3955
1763,1763,3518
1764,1764,3528_3534
1765,1765,3531_3567_3571
1766,1766,3535
1767,1767,3536_3544
1768,1768,3537_3538_3542_3543
1769,1769,3539_3541
1770,1770,3540
1771,1771,3545
1772,1772,3547_3555
1773,1773,3548_3554
1774,1774,3551
1775,1775,3556
1776,1776,3558_3580
1777,1777,3560_3578
1778,1778,3562_3576
1779,1779,3568_3570_3762_3764
1780,1780,3587_3591
1781,1781,3588_3590
1782,1782,3589
1783,1783,3596
1784,1784,3598
1785,1785,3602
1786,1786,3603
1787,1787,3605_3607
1788,1788,3606
1789,1789,3612
1790,1790,3618_3729
1791,1791,3621_3625
1792,1792,3623
1793,1793,3627
1794,1794,3632
1795,1795,3633_3639
1796,1796,3634_3638
1797,1797,3635_3637
1798,1798,3636
1799,1799,3643_3655
1800,1800,3644_3654
1801,1801,3645_3653
1802,1802,3649
1803,1803,3656
1804,1804,3657_3738_3740
1805,1805,3658
1806,1806,3659
1807,1807,3660_3700
1808,1808,3661_3665
1809,1809,3662_3664
1810,1810,3663
1811,1811,3668
1812,1812,3669_3677
1813,1813,3670_3676
1814,1814,3671_3675
1815,1815,3672_3674
1816,1816,3678
1817,1817,3679_3687
1818,1818,3681_3685_3736_3742
1819,1819,3683
1820,1820,3688
1821,1821,3689
1822,1822,3690
1823,1823,
1824,1824,3694
1825,1825,3695
1826,1826,3696
1827,1827,3697
1828,1828,3705
1829,1829,3707_3709_3988
1830,1830,3708
1831,1831,3711
1832,1832,3721
1833,1833,3722
1834,1834,3724
1835,1835,3730
1836,1836,3737_3741_3846_3854
1837,1837,3747
1838,1838,3748_3750_3985
1839,1839,3749
1840,1840,3751_3837
1841,1841,3752_3754
1842,1842,3753
1843,1843,3755
1844,1844,3756
1845,1845,3757
1846,1846,3758_3768
1847,1847,3759_3767
1848,1848,3760_3766
1849,1849,3761_3765
1850,1850,3763
1851,1851,3770_3774
1852,1852,3771_3773
1853,1853,3772
1854,1854,3775
1855,1855,3777
1856,1856,3779
1857,1857,3780
1858,1858,3781
1859,1859,3782
1860,1860,3783
1861,1861,3784
1862,1862,3785
1863,1863,3786_3790
1864,1864,3787_3789
1865,1865,3788
1866,1866,3794_3800_3809_3813
1867,1867,3810_3812_3868_3884
1868,1868,3819
1869,1869,3822_3826
1870,1870,3824
1871,1871,3828
1872,1872,3829
1873,1873,3831
1874,1874,3833
1875,1875,3834
1876,1876,3835
1877,1877,3836
1878,1878,3838_3841
1879,1879,3840
1880,1880,3839
1881,1881,3843_3857
1882,1882,3858
1883,1883,3859
1884,1884,3869_3883
1885,1885,3870_3882
1886,1886,3871_3881
1887,1887,3872_3880
1888,1888,3873_3879
1889,1889,3874_3878
1890,1890,3875_3877
1891,1891,3876
1892,1892,3892
1893,1893,3893_3895
1894,1894,3894
1895,1895,3896
1896,1896,3897
1897,1897,3898
1898,1898,3902
1899,1899,3906
1900,1900,3910
1901,1901,3911_4108
1902,1902,3912_3920
1903,1903,3913_3919_3926
1904,1904,3915_3917
1905,1905,3921
1906,1906,3922
1907,1907,3923_3925
1908,1908,3924
1909,1909,3927
1910,1910,3928
1911,1911,3933
1912,1912,3938
1913,1913,3940
1914,1914,3943
1915,1915,3944
1916,1916,3945
1917,1917,3956
1918,1918,3957
1919,1919,3960
1920,1920,3961
1921,1921,3962
1922,1922,3967_3979
1923,1923,3969_3977
1924,1924,3982
1925,1925,3986
1926,1926,3987
1927,1927,3989
1928,1928,3990
1929,1929,3991
1930,1930,3992
1931,1931,3993_3997
1932,1932,3994_3996
1933,1933,3995
1934,1934,3999_4011_4012
1935,1935,4000_4010
1936,1936,4002_4008
1937,1937,4005
1938,1938,4015_4017_4018
1939,1939,4019
1940,1940,4020
1941,1941,4021
1942,1942,4022_4029_4031
1943,1943,4025_4034
1944,1944,4028
1945,1945,4030
1946,1946,4033_4035
1947,1947,4038
1948,1948,4040
1949,1949,4041
1950,1950,4044
1951,1951,4046
1952,1952,4048
1953,1953,4049
1954,1954,4050
1955,1955,4051_4057_4058
1956,1956,4052_4056_4066_4068
1957,1957,4053_4055
1958,1958,4054
1959,1959,4059_4061_4065_4069
1960,1960,4060
1961,1961,4062
1962,1962,4063_4067
1963,1963,4064
1964,1964,4070
1965,1965,4071_4072
1966,1966,4073
1967,1967,4074
1968,1968,4075
1969,1969,4076_4078
1970,1970,4077
1971,1971,4079
1972,1972,4081
1973,1973,4082
1974,1974,4083
1975,1975,4084
1976,1976,4085
1977,1977,4086
1978,1978,4087
1979,1979,4088
1980,1980,4089_4091_4092
1981,1981,4093
1982,1982,4094
1983,1983,4096
1984,1984,4098
1985,1985,4099_4101
1986,1986,4100
1987,1987,4102
1988,1988,4103
1989,1989,4104
1990,1990,4105
1991,1991,4106
1992,1992,4107
1993,1993,4109_4117
1994,1994,4110_4116
1995,1995,4111_4115
1996,1996,4112_4114
1997,1997,4113
1998,1998,4118
1999,1999,4119_4129
2000,2000,4120_4128
2001,2001,4121_4127
2002,2002,4122_4126
2003,2003,4123_4125
2004,2004,4124
2005,2005,4130
2006,2006,4131_4139
2007,2007,4132_4138
2008,2008,4133_4137
2009,2009,4134_4136
2010,2010,4135
2011,2011,4141_4149
2012,2012,4142_4148
2013,2013,4143_4147
2014,2014,4144_4146
2015,2015,4145
2016,2016,4150
2017,2017,4151_4165
2018,2018,4152_4164
2019,2019,4153_4163
2020,2020,4154_4162
2021,2021,4155_4161
2022,2022,4156_4160
2023,2023,4157_4159
2024,2024,4158
2025,2025,4166
2026,2026,4167_4177
2027,2027,4168_4176
2028,2028,4169_4175
2029,2029,4170_4174
2030,2030,4171_4173
2031,2031,4172
2032,2032,4178
2033,2033,4179_4189
2034,2034,4180_4188
2035,2035,4181_4187
2036,2036,4182_4186
2037,2037,4183_4185
2038,2038,4184
2039,2039,4190_4220
2040,2040,4191_4195
2041,2041,4192_4194
2042,2042,4193
2043,2043,4196
2044,2044,4197_4213
2045,2045,4198_4212
2046,2046,4199_4211
2047,2047,4200_4210
2048,2048,4201_4209
2049,2049,4202_4208
2050,2050,4203_4207
2051,2051,4204_4206
2052,2052,4205
2053,2053,4215_4219
2054,2054,4216_4218
2055,2055,4217
2056,2056,4221_4243
2057,2057,4222_4242
2058,2058,4223_4241
2059,2059,4224_4240
2060,2060,4225_4239
2061,2061,4226_4238
2062,2062,4227_4237
2063,2063,4228_4236
2064,2064,4229_4235
2065,2065,4230_4234
2066,2066,4231_4233
2067,2067,4232
2068,2068,4244
2069,2069,4245_4247
2070,2070,4246
